ID;Estado;Asunto;Solicitado;Resuelto;Rol de usuario;Agente de soporte;Servicio relacionado;Canal;Tipo;Prioridad
72543;Resuelto;Solicitud de cambio de curso por Ampliación de Jornada en plan de trabajo Pro. Néstor Morales Rodríguez;46140,63125;46154,61458;Administrativo;Carlos Calvo;Planes de Trabajo;Correo;Solicitud;Normal
72616;Resuelto;Arreglo de nombre;46149,56736;46153,37292;Administrativo FundaTEC;Carlos Calvo;Cambiar información personal;Correo;Solicitud;Normal
72620;Resuelto;RV: Falla en acceso a curso en Tec digital;46150,46875;46153,44167;Estudiante;Carlos Calvo;Atención personalizada a usuarios;Correo;Solicitud;Normal
72621;Resuelto;Consulta sobre cuenta de técnico digital;46150,67153;46153,36736;Estudiante;Carlos Calvo;Expediente estudiantil;Correo;Solicitud;Normal
72622;Resuelto;Consulta sobre visibilidad de rúbrica en asignación “Proyecto parte eléctrica”;46150,72431;46153,37569;Estudiante;Carlos Calvo;Rúbricas;Correo;Solicitud;Normal
72623;Resuelto;Solicitud de reporte de carga de asignación – Contabilidad II;46150,72431;46153,39514;Estudiante;Carlos Calvo;Evaluaciones;Correo;Solicitud;Normal
72627;Resuelto;Problema de Ingreso TEC Digital;46152,67153;46153,37847;Externo;Carlos Calvo;Acceso a la plataforma TEC Digital;Correo;Solicitud;Normal
72628;Resuelto;Acceso al Tec Digital;46152,68681;46153,38125;Profesor;Carlos Calvo;Acceso a la plataforma TEC Digital;Correo;Solicitud;Normal
72629;Resuelto;Problema al descargar archivo .;46152,85278;46153,38889;Estudiante;Carlos Calvo;Evaluaciones;Correo;Solicitud;Normal
72631;Resuelto;incluir estudiante;46153,35903;46153,39097;Estudiante;Carlos Calvo;Agregar/cambiar asociación de estudiante a curso;Correo;Solicitud;Normal
72632;Resuelto;correo incorrecto;46153,39097;46153,54931;Estudiante;Carlos Calvo;Cambiar información personal;Correo;Solicitud;Normal
72633;Resuelto;Invitación a reunión informativa sobre becas para estudiar en Estados Unidos;46153,41944;46153,46042;Administrativo;Carlos Calvo;Envío de comunicados a lista seleccionada;Correo;Solicitud;Normal
72634;Resuelto;Solicitud de divulgación Invitación a reunión informativa sobre becas para estudiar en Estados Unidos;46153,42569;46153,44306;Administrativo;Carlos Calvo;Envío de comunicados a lista seleccionada;Correo;Solicitud;Normal
72635;Resuelto;Fwd: Reactivación de estudiante KEREN MONTERO VARGAS - correo, Teams y Tec Digital;46153,45;46155,32083;Estudiante;Carlos Calvo;Activar cuentas de usuario;Correo;Solicitud;Normal
72637;Resuelto;Solicitud 72622;46153,46875;46153,47083;Estudiante;Carlos Calvo;Rúbricas;Correo;Solicitud;Normal
72639;Resuelto;Error de acceso OneDrive curso seguridad;46153,52569;46153,55486;Estudiante;Mariana Mora;Atención personalizada a usuarios;Correo;Solicitud;Normal
72641;Resuelto;Solicitud divulgación información;46153,54167;46154,32083;Administrativo;Carlos Calvo;Envío de comunicados a lista seleccionada;Correo;Solicitud;Normal
72642;Resuelto;Por favor habilitar II Cuatrimestre 2026 Maestría en Calidad;46153,58403;46154,39306;Administrativo;Carlos Calvo;Agregar/cambiar asociación de profesor a curso;Correo;Solicitud;Normal
72643;Resuelto;RV: Correccion del nombre en la plataforma TEC Digital y Office;46153,60417;46153,61597;Estudiante;Carlos Calvo;Cambiar información personal;Correo;Solicitud;Normal
72644;Resuelto;Cuenta perdida;46153,61667;46153,63264;Estudiante;Mariana Mora;Atención personalizada a usuarios;Correo;Solicitud;Normal
72647;Resuelto;Apertura curso Power BI en el TEC-Digital;46153,71736;46154,33056;Administrativo FundaTEC;Mariana Mora;Creación cursos FundaTEC;Correo;Solicitud;Normal
72649;Resuelto;Cobro curso de excel;46153,73472;46154,39444;Estudiante FundaTEC;Carlos Calvo;Atención personalizada a usuarios;Correo;Solicitud;Normal
72650;Resuelto;Acceso a Tec-Digital;46153,76389;46154,37917;Profesor;Mariana Mora;Activar cuentas de usuario;Correo;Solicitud;Normal
72651;Resuelto;Ayuda cuenta bloqueada;46153,76944;46154,34306;Estudiante;Mariana Mora;Atención personalizada a usuarios;Correo;Solicitud;Normal
72652;Resuelto;No hay cursos en la plataforma digital;46153,77986;46154,34653;Estudiante FundaTEC;Mariana Mora;Atención personalizada a usuarios;Formulario web;Solicitud;Normal
72654;Resuelto;Solicitud de restauración de miembros de curso;46154,31944;46154,35069;Profesor;Mariana Mora;Agregar/cambiar asociación de estudiante a curso;Correo;Solicitud;Normal
72655;Resuelto;Corrección de horario;46154,33958;46154,38472;Administrativo FundaTEC;Mariana Mora;Atención personalizada a usuarios;Correo;Solicitud;Normal
72656;Resuelto;Consulta acceso;46154,39931;46154,40208;Estudiante;Carlos Calvo;Acceso a la plataforma TEC Digital;Correo;Solicitud;Normal
72657;Resuelto;Ayuda cuenta TEC Digital;46154,46181;46154,46736;Administrativo;Carlos Calvo;Activar cuentas de usuario;Correo;Solicitud;Normal
72658;Resuelto;Consulta;46154,46458;46154,46944;Estudiante FundaTEC;Carlos Calvo;Atención personalizada a usuarios;Correo;Solicitud;Normal
72659;Resuelto;Cuenta bloqueada;46154,52569;46154,56319;Externo;Carlos Calvo;Acceso a la plataforma TEC Digital;Correo;Solicitud;Normal
72660;Resuelto;Cambio de horario;46154,61736;46154,62431;Administrativo FundaTEC;Carlos Calvo;Configuración de Comunidades/Cursos;Correo;Solicitud;Normal
72661;Resuelto;Consulta;46154,63333;46155,37153;Profesor;Jimena Rivera;Evaluaciones;Correo;Solicitud;Normal
72662;Resuelto;RE: Incorporación a Equipo Teams Curso Maestría en Cadena de Abastecimiento;46154,63472;46154,66944;Profesor;Carlos Calvo;Agregar/cambiar asociación de profesor a curso;Correo;Solicitud;Normal
72663;Resuelto;Solicitud de traslado de curso | SE1103 Danza Grupo 40;46154,64861;46155,31944;Administrativo;Jimena Rivera;Agregar/cambiar asociación de profesor a curso;Correo;Solicitud;Normal
72665;Resuelto;RE: Solicitud de traslado de curso | SE1103 Danza Grupo 40;46154,67639;46154,67986;Administrativo;Carlos Calvo;Agregar/cambiar asociación de profesor a curso;Correo;Solicitud;Normal
72666;Resuelto;Re: Incorporación a Equipo Teams Curso Maestría en Cadena de Abastecimiento;46154,67917;46154,68125;Administrativo;Carlos Calvo;Agregar/cambiar asociación de profesor a curso;Correo;Solicitud;Normal
72667;Resuelto;Por favor brindar apoyo a profesora no observa el grupo en el tecdigital, gracias;46154,69306;46155,35139;Administrativo;Jimena Rivera;Agregar/cambiar asociación de profesor a curso;Correo;Solicitud;Normal
72668;Resuelto;Correo inactivo;46154,83472;46155,35278;Estudiante FundaTEC;Carlos Calvo;Acceso a la plataforma TEC Digital;Correo;Solicitud;Normal
72669;Resuelto;Re: Solicitud de traslado de curso | SE1103 Danza Grupo 40;46154,97361;46155,31944;Profesor;Carlos Calvo;Agregar/cambiar asociación de profesor a curso;Correo;Solicitud;Normal
72671;Resuelto;Cambio de letra;46155,42292;46155,43333;Administrativo FundaTEC;Carlos Calvo;Atención personalizada a usuarios;Correo;Solicitud;Normal
72640;Pendiente;Solicitud de validación de entrega en TEC Digital;46153,52778;;Estudiante;Carlos Calvo;Evaluaciones;Correo;Solicitud;Normal
72638;Nuevo;Corrección nombre TEC digital;46153,51806;;Estudiante;;;;;'-
72672;Nuevo;Solicitud de restablecimiento de contraseña de cuenta Estudiantec;46155,43889;;;;;Correo;;'-
71034;Cerrado;Solicitud de colaboración para la elección de los representantes ante el Consejo Institucional 2026;45995,69722;46091,46042;Administrativo;Carlos Calvo;Atención personalizada a usuarios;Correo;Solicitud;Normal
71090;Cerrado;Fw: Consulta de contraseña de TEC DIGITAL;46006,47292;46041,42361;Estudiante;Carlos Calvo;Acceso a la plataforma TEC Digital;Correo;Solicitud;Normal
71093;Cerrado;Solicitud para publicar Noticia requerimiento PERSONAS TUTORAS DOP I-2026;46006,67917;46050,66389;Administrativo;Carlos Calvo;Envío de comunicados a comunidades;Correo;Solicitud;Alta
71107;Cerrado;Solicitud de ingreso por primera vez a Turnitin;46007,43056;46041,44375;Profesor;Carlos Calvo;Control de plagio;Correo;Solicitud;Normal
71151;Cerrado;RE: Solicitud;46009,48125;46049,66181;Administrativo;Carlos Calvo;Atención personalizada a usuarios;Correo;Solicitud;Normal
71169;Cerrado;Revisión lista estudiantes;46013,5625;46041,56319;Estudiante;Carlos Calvo;Agregar/cambiar asociación de estudiante a curso;Correo;Solicitud;Normal
71179;Cerrado;Re: Solicitud;46020,42083;46041,62431;Externo;Carlos Calvo;Atención personalizada a usuarios;Correo;Solicitud;Normal
71180;Cerrado;Consulta;46020,54167;46041,57014;;;;;;Urgente
71181;Cerrado;Permisos;46020,74583;46041,57083;;;;;;Urgente
71183;Cerrado;acceso Tec Digital;46021,60903;46041,57153;Profesor;;;Correo;;Alta
71189;Cerrado;Problemas con los datos de inicio de sesión de mi cuenta de Tec Digital;46024,55139;46042,31319;Externo;Carlos Calvo;Problemas con correos;Correo;Solicitud;Normal
71190;Cerrado;Autenticación;46025,44306;46041,56597;Estudiante;Carlos Calvo;Problemas con correos;Correo;Solicitud;Normal
71192;Cerrado;TEC digital;46025,60417;46041,56528;;;;;;Urgente
71195;Cerrado;Urgente;46027,32569;46041,56458;Administrativo FundaTEC;Carlos Calvo;Acceso a la plataforma TEC Digital;Correo;Solicitud;Normal
71196;Cerrado;Agregar cuentas como profesor asociado en cursos de Tec Digital - I Bimestre 2026;46027,36458;46041,49931;Profesor;Carlos Calvo;Agregar/cambiar asociación de profesor a curso;Correo;Solicitud;Normal
71197;Cerrado;Problemas para entrar al TEC digital;46027,51944;46041,49306;Estudiante;Carlos Calvo;Acceso a la plataforma TEC Digital;Correo;Solicitud;Normal
71198;Cerrado;Cambio de numero;46027,51944;46041,49167;Estudiante;Carlos Calvo;Solicitud de información de la plataforma;Correo;Solicitud;Normal
71199;Cerrado;Problemas con la cuenta estudiantil para ingresar a TecDigital;46027,56528;46041,48819;;;;;;Urgente
71200;Cerrado;Error al ingresar a TEC Digital;46027,56597;46041,49028;Externo;Carlos Calvo;Acceso a la plataforma TEC Digital;Correo;Solicitud;Normal
71201;Cerrado;acceso Tec Digital;46027,66319;46041,4875;Profesor;;;Correo;;Urgente
71203;Cerrado;Fw: TEC digital;46028,83056;46041,57986;;;;;;Urgente
71205;Cerrado;Consulta problema con correo TEC;46029,38472;46041,48542;Estudiante;Carlos Calvo;Problemas con correos;Correo;Solicitud;Normal
71206;Cerrado;RV: acceso Tec Digital;46029,67431;46042,66458;Administrativo FundaTEC;Carlos Calvo;Creación cursos FundaTEC;Correo;Solicitud;Normal
71208;Cerrado;Constancia de Estudio para Visa Americana;46030,675;46041,47847;Estudiante;Carlos Calvo;Atención personalizada a usuarios;Correo;Solicitud;Normal
71210;Cerrado;Corregir apellido en plataforma;46031,61875;46041,48194;Estudiante FundaTEC;Carlos Calvo;Cambiar información personal;Correo;Solicitud;Normal
71213;Cerrado;Re: [Centro de Ayuda del TEC Digital] Re: Reporte de notas aprobadas;46034,41806;46041,5875;Externo;Carlos Calvo;Expediente estudiantil;Teléfono;Solicitud;Normal
71214;Cerrado;Acceso al TEC Digital;46034,57222;46041,47014;Estudiante FundaTEC;Carlos Calvo;Creación de usuarios FundaTEC;Correo;Solicitud;Normal
71215;Cerrado;Solicitud de apoyo para ingresar a TEC DIGITAL;46034,61458;46041,46597;;;;Correo;;Urgente
71216;Cerrado;Buenas tardes mi nombres es Matías Sibaja Solís, soy estudiante de nuevo ingreso y estaba intentando ingresar al Tec digital y no me deja y cambie la contraseña y tampoco me deja entonces no se com...;46034,67361;46041,46458;Estudiante;Carlos Calvo;Acceso a la plataforma TEC Digital;Correo;Solicitud;Normal
71218;Cerrado;Cambio de correo Electronico;46035,42014;46041,48056;Estudiante FundaTEC;Carlos Calvo;Cambiar información personal;Correo;Solicitud;Normal
71221;Cerrado;Ocupo ayuda con la cuenta de outlook de mi correo ...;46035,87708;46041,4625;Estudiante;Carlos Calvo;Problemas con correos;Correo;Solicitud;Normal
71223;Cerrado;Plataforma evaluación con rúbricas está lenta y falla frecuentemente;46036,79236;46048,3875;Profesor;Carlos Calvo;Rúbricas;Correo;Solicitud;Normal
71225;Cerrado;Problemas de acceso a TEC Digital – estudiante de primer ingreso;46036,92431;46041,45764;Estudiante;Carlos Calvo;Acceso a la plataforma TEC Digital;Correo;Solicitud;Normal
71226;Cerrado;Felipe M 2023026033 Examen problema;46037,39583;46041,62431;Estudiante;Carlos Calvo;GAAP;Correo;Solicitud;Normal
71227;Cerrado;Correo no existe;46037,5875;46041,44792;Estudiante;Carlos Calvo;Problemas con correos;Correo;Solicitud;Normal
71230;Cerrado;Problemas a la hora de ingresar a TEC digital;46038,36806;46042,31389;Estudiante;Carlos Calvo;Acceso a la plataforma TEC Digital;Correo;Solicitud;Normal
71231;Cerrado;Solicitud apertura TEC Digital: EXCEL INTERMEDIO G1 P425;46038,40139;46041,41667;Administrativo FundaTEC;Carlos Calvo;Creación cursos FundaTEC;Correo;Solicitud;Normal
71232;Cerrado;Problemas de Acceso a Cuenta @estudiantec.cr;46038,58681;46041,47639;Estudiante;Carlos Calvo;Acceso a la plataforma TEC Digital;Correo;Solicitud;Normal
71234;Cerrado;Certificado;46038,79375;46041,38472;Administrativo FundaTEC;Carlos Calvo;Atención personalizada a usuarios;Correo;Solicitud;Normal
71239;Cerrado;Ayuda para cuenta de profesor;46041,31528;46041,41944;Profesor;Carlos Calvo;Activar cuentas de usuario;Correo;Solicitud;Normal
71240;Cerrado;El tec digital tardaba encargar al seleccionar un grupo o una sección de este;46041,34097;46041,47569;Estudiante;Carlos Calvo;Evaluaciones;Correo;Solicitud;Normal
71241;Cerrado;Agregar cuentas como profesor asociado en cursos de Tec Digital - I Bimestre 2026;46041,3625;46041,37986;Profesor;Carlos Calvo;Agregar/cambiar asociación de profesor a curso;Correo;Solicitud;Normal
71242;Cerrado;RV: Error al ingresar a la página “tecDigital”;46041,38403;46041,38611;Estudiante;Carlos Calvo;Acceso a la plataforma TEC Digital;Correo;Solicitud;Normal
71243;Cerrado;RE: Error al ingresar a la página “tecDigital”;46041,40694;46041,41736;Estudiante;Carlos Calvo;Acceso a la plataforma TEC Digital;Correo;Solicitud;Normal
71244;Cerrado;Fwd: Solicitud de apoyo para ingresar a TEC DIGITAL;46041,45347;46041,55139;Estudiante FundaTEC;Carlos Calvo;Agregar/cambiar asociación de estudiante a curso;Correo;Solicitud;Normal
71245;Cerrado;Solicitud apertura TEC Digital: EXCEL INTERMEDIO G2 P425;46041,45556;46041,62292;Administrativo FundaTEC;Carlos Calvo;Creación cursos FundaTEC;Correo;Solicitud;Normal
71246;Cerrado;Solicitud apertura TEC Digital: POWER BI P126;46041,47014;46041,62292;Administrativo FundaTEC;Carlos Calvo;Creación cursos FundaTEC;Correo;Solicitud;Normal
71247;Cerrado;Aperturar cursos en la plataforma del TEC-Digital I T 2026;46041,48333;46042,33333;Profesor;Carlos Calvo;Creación cursos FundaTEC;Correo;Solicitud;Normal
71248;Cerrado;Buenos dias, intente entrar al ITCR y no me deja,…;46041,48542;46042,31667;Externo;Carlos Calvo;Acceso a la plataforma TEC Digital;Correo;Solicitud;Normal
71249;Cerrado;Cambio de letra;46041,50694;46042,41111;Administrativo FundaTEC;Carlos Calvo;Solicitud de información de la plataforma;Correo;Solicitud;Normal
71250;Cerrado;Fw: TEC digital;46041,57431;46041,59167;Externo;Carlos Calvo;Acceso a la plataforma TEC Digital;Correo;Solicitud;Normal
71251;Cerrado;Solicitud de activación de cuentas en Tec digital;46041,6125;46042,40764;Profesor FundaTEC;Carlos Calvo;Activar cuentas de usuario;Correo;Solicitud;Normal
71252;Cerrado;Restablecimiento de número telefónico para Cuenta Fundatec;46041,675;46042,55903;Estudiante FundaTEC;Carlos Calvo;Cambio de contraseña FundaTEC;Correo;Solicitud;Normal
71253;Cerrado;agregar profesor a curso;46041,69375;46041,69375;Administrativo;Carlos Calvo;Agregar/cambiar asociación de profesor a curso;Teléfono;Solicitud;Normal
71254;Cerrado;TEC DIGITAL;46041,87639;46043,32361;Estudiante FundaTEC;Carlos Calvo;Cambiar información personal;Correo;Solicitud;Normal
71256;Cerrado;Autenticador;46042,35694;46042,41111;Estudiante;Carlos Calvo;Problemas con correos;Correo;Solicitud;Normal
71257;Cerrado;cuentas cursos;46042,36181;46042,55903;Administrativo;Carlos Calvo;Creación cursos FundaTEC;Correo;Solicitud;Normal
71259;Cerrado;Citologías;46042,36875;46043,37014;Administrativo;Carlos Calvo;Envío de comunicados a comunidades;Correo;Solicitud;Normal
71260;Cerrado;Cambio de nombre;46042,38611;46042,58611;Administrativo FundaTEC;Carlos Calvo;Cambiar información personal;Correo;Solicitud;Normal
71261;Cerrado;Solicitud de Homologación de Perfil – Profesor Geovanny Sanabria Brenes;46042,60625;46042,61111;Profesor;Carlos Calvo;Asignación de permisos especiales;Correo;Solicitud;Normal
71262;Cerrado;Cambio;46042,65417;46042,68125;Administrativo FundaTEC;Carlos Calvo;Atención personalizada a usuarios;Correo;Solicitud;Normal
71263;Cerrado;Ingreso al TEC Digital (Creación de usuarios);46042,68958;46043,32292;Administrativo FundaTEC;Carlos Calvo;Creación de usuarios FundaTEC;Correo;Solicitud;Normal
71264;Cerrado;INGRESO BLOQUEADO AL TEC DIGITAL;46042,78403;46043,325;Estudiante;Carlos Calvo;Acceso a la plataforma TEC Digital;Correo;Solicitud;Normal
71265;Cerrado;Consulta sobre admisión primer ingreso 2026;46042,93472;46043,32639;Estudiante;Carlos Calvo;Atención personalizada a usuarios;Correo;Solicitud;Normal
71267;Cerrado;RE: Consulta sobre admisión primer ingreso 2026;46043,32014;46043,32708;Estudiante;Carlos Calvo;Atención personalizada a usuarios;Correo;Solicitud;Normal
71268;Cerrado;agregar a cátedra;46043,40694;46043,40694;Estudiante;Carlos Calvo;Agregar/cambiar asociación de usuario a comunidad;Teléfono;Solicitud;Normal
71269;Cerrado;Solicitud de apoyo;46043,4125;46043,47708;Profesor;Carlos Calvo;Agregar/cambiar asociación de usuario a comunidad;Correo;Solicitud;Normal
71270;Cerrado;Solicitud de creación de cursos del Científico;46043,42917;46044,46319;;;;;;'-
71271;Cerrado;Re: Solicitud de creación de cursos del Científico;46043,43194;46045,68889;Director/Coordinador Colegio Científico;Carlos Calvo;Creación curso Colegio Científico;Correo;Solicitud;Normal
71272;Cerrado;problema con la cuenta de microsoft 360;46043,51181;46043,54931;Estudiante FundaTEC;Carlos Calvo;Cambio de contraseña FundaTEC;Correo;Solicitud;Normal
71273;Cerrado;no puedo entrar a mi cuenta de teams 360 y por end...;46043,51389;46043,55;Estudiante FundaTEC;Carlos Calvo;Atención personalizada a usuarios;Correo;Solicitud;Normal
71274;Cerrado;Trato de ingresar y no puedo;46043,60833;46043,62917;Estudiante;Carlos Calvo;Acceso a la plataforma TEC Digital;Correo;Solicitud;Normal
71275;Cerrado;Consulta sobre disponibilidad de la plataforma mañana jueves 22 de enero;46043,61736;46045,43194;Profesor;Carlos Calvo;GAAP;Correo;Solicitud;Normal
71276;Cerrado;Acceso Catedra Cálculo y Álgebra Lineal;46043,675;46043,69236;Estudiante;Carlos Calvo;Agregar/cambiar asociación de usuario a comunidad;Correo;Solicitud;Normal
71277;Cerrado;Error en grupos asignados del Colegio Científico;46043,78194;46044,47292;Profesor;Carlos Calvo;Agregar/cambiar asociación de profesor a curso;Correo;Solicitud;Normal
71278;Cerrado;RV: Sobre usario en Tec Digital;46043,78403;46044,47847;Administrativo FundaTEC;Carlos Calvo;Cambiar información personal;Correo;Solicitud;Normal
71279;Cerrado;Solicitud de acceso a Turnitin;46043,82292;46044,47569;Profesor;Carlos Calvo;Control de plagio;Correo;Solicitud;Normal
71281;Cerrado;Aparentes inconsistencias en el Gestor de Atributos;46044,3125;46057,41944;Profesor;Carlos Calvo;Gestor de Atributos;Correo;Solicitud;Normal
71282;Cerrado;Solicitud de permisos y activación de cuenta al TEC Digital;46044,32292;46044,49792;Administrativo;Carlos Calvo;Activar cuentas de usuario;Correo;Solicitud;Normal
71284;Cerrado;Solicitud de Asistencias estudiantiles IS-2026;46044,34097;46045,37431;Administrativo;Carlos Calvo;Envío de comunicados a comunidades;Correo;Solicitud;Normal
71285;Cerrado;Cursos para el Colegio Científico;46044,375;46044,48681;Director/Coordinador Colegio Científico;Carlos Calvo;Agregar/cambiar asociación de profesor a curso;Correo;Solicitud;Normal
71286;Cerrado;Cambio de letra;46044,39722;46044,47986;Administrativo FundaTEC;Carlos Calvo;Atención personalizada a usuarios;Correo;Solicitud;Normal
71287;Cerrado;Re: Solicitud de acceso al TEC DIGITAL;46044,40208;46045,68958;Director/Coordinador;Carlos Calvo;Asignación de permisos especiales;Correo;Solicitud;Normal
71288;Cerrado;Cambio de profesor en curso;46044,48403;46045,44097;Director/Coordinador Colegio Científico;Carlos Calvo;Creación de usuarios FundaTEC;Correo;Solicitud;Normal
71289;Cerrado;RE: Acceso a TEC Digital;46044,67222;46044,69653;Administrativo;Carlos Calvo;Agregar/cambiar asociación de estudiante a curso;Correo;Solicitud;Normal
71290;Cerrado;agregar a comunidad;46044,68958;46044,68958;Estudiante;Carlos Calvo;Agregar/cambiar asociación de usuario a comunidad;Teléfono;Solicitud;Normal
71291;Cerrado;agregar a comunidad;46044,69028;46044,69028;Estudiante;Carlos Calvo;Agregar/cambiar asociación de usuario a comunidad;Teléfono;Solicitud;Normal
71292;Cerrado;Información de matricula segundo bimestre Maestria en Adm ing electromecánica;46044,85486;46045,33056;Externo;Carlos Calvo;Atención personalizada a usuarios;Correo;Solicitud;Normal
71293;Cerrado;Reactivación cuenta estudiantil;46044,86875;46045,37153;Estudiante;Carlos Calvo;Atención personalizada a usuarios;Correo;Solicitud;Normal
71294;Cerrado;Recuperar mi cuenta;46044,87083;46045,37292;Externo;Carlos Calvo;Acceso a la plataforma TEC Digital;Correo;Solicitud;Normal
71296;Cerrado;Problema de inicio de sesion al tec digital;46045,38194;46045,43333;Externo;Carlos Calvo;Acceso a la plataforma TEC Digital;Correo;Solicitud;Normal
71297;Cerrado;Ingreso al TEC Digital (Creación de usuarios);46045,42917;46045,43611;Profesor;Carlos Calvo;Creación de usuarios FundaTEC;Correo;Solicitud;Normal
71298;Cerrado;Consulta;46045,49514;46045,57986;Administrativo FundaTEC;Carlos Calvo;Creación cursos FundaTEC;Correo;Solicitud;Normal
71299;Cerrado;Ingreso al TEC Digital (Creación de usuarios);46045,59931;46045,61528;Profesor;Carlos Calvo;Agregar/cambiar asociación de estudiante a curso;Correo;Solicitud;Normal
71300;Cerrado;Aperturar cursos en la plataforma del TEC-Digital I T 2026;46045,62222;46050,43403;Administrativo FundaTEC;Carlos Calvo;Creación cursos FundaTEC;Correo;Solicitud;Normal
71301;Cerrado;Acceso a TEC-Digital;46045,62917;46049,62083;Administrativo;Carlos Calvo;Agregar/cambiar asociación de estudiante a curso;Correo;Solicitud;Normal
71302;Cerrado;cambio de correo estudiante;46045,66111;46048,40556;Administrativo;Carlos Calvo;Cambiar información personal;Correo;Solicitud;Normal
71304;Cerrado;Desbloqueo cuenta estudiantec;46046,51319;46048,32431;Externo;Carlos Calvo;Problemas con correos;Correo;Solicitud;Normal
71307;Cerrado;Solicitud de creación de grupo - Programa de Ciencia de los Datos;46047,43611;46048,34236;Administrativo;Carlos Calvo;Creación cursos FundaTEC;Correo;Solicitud;Normal
71308;Cerrado;Re: [Centro de Ayuda del TEC Digital] Re: Fwd: Solicitud de apoyo para ingresar a TEC DIGITAL;46048,00139;46048,58472;Estudiante FundaTEC;Carlos Calvo;Agregar/cambiar asociación de estudiante a curso;Correo;Solicitud;Normal
71309;Cerrado;Ayuda con quiz en GAAP;46048,32014;46048,3875;Profesor FundaTEC;Carlos Calvo;GAAP;Correo;Solicitud;Normal
71311;Cerrado;RV: Problema de registro;46048,34514;46048,36111;Administrativo;Pamela Varela;Expediente estudiantil;Correo;Solicitud;Normal
71312;Cerrado;RV: Problemas con email;46048,34653;46048,36181;Estudiante;Pamela Varela;Problemas con correos;Correo;Solicitud;Normal
71313;Cerrado;RV: Acceso a correo de estudiante;46048,34792;46048,36181;Estudiante;Pamela Varela;Acceso a la plataforma TEC Digital;Correo;Solicitud;Normal
71314;Cerrado;RV: CORREO ESTUDIANTEC.CR;46048,35069;46048,36181;Estudiante;Pamela Varela;Acceso a la plataforma TEC Digital;Correo;Solicitud;Normal
71315;Cerrado;Ingreso al TEC Digital (Creación de usuarios);46048,35139;46048,36528;Administrativo FundaTEC;Carlos Calvo;Creación cursos FundaTEC;Correo;Solicitud;Normal
71316;Cerrado;Ayuda para sincronización de cursos y consulta;46048,375;46048,40347;Profesor;Carlos Calvo;Agregar/cambiar asociación de estudiante a curso;Correo;Solicitud;Normal
71317;Cerrado;Consulta;46048,39444;46048,42222;Externo;Carlos Calvo;Atención personalizada a usuarios;Correo;Solicitud;Normal
71318;Cerrado;ERROR AL CARGAR ARCHIVOS;46048,39722;46048,41736;Estudiante FundaTEC;Carlos Calvo;Evaluaciones;Correo;Solicitud;Normal
71319;Cerrado;Acceso a cátedra de Cálculo y Álgebra Lineal;46048,41181;46048,41389;Estudiante;Carlos Calvo;Agregar/cambiar asociación de usuario a comunidad;Correo;Solicitud;Normal
71320;Cerrado;Problema acceso TEC Digital estudiantes Tercera Promoción Maestría Desarrollo Económico Local;46048,41736;46048,45903;Director/Coordinador;Carlos Calvo;Agregar/cambiar asociación de estudiante a curso;Correo;Solicitud;Normal
71321;Cerrado;Asignación de cursos a profesores;46048,43889;46049,40139;Profesor;Carlos Calvo;Agregar/cambiar asociación de profesor a curso;Correo;Solicitud;Normal
71322;Cerrado;RE: INGRESO DE DANIEL SOLANO MORALES - TEC DIGITAL;46048,44444;46052,40625;Estudiante;Carlos Calvo;Acceso a la plataforma TEC Digital;Correo;Solicitud;Normal
71323;Cerrado;Incluir estudiantes en curso Principios de programación II;46048,47222;46048,55694;Estudiante;Carlos Calvo;Agregar/cambiar asociación estudiante a curso FundaTEC;Correo;Solicitud;Normal
71324;Cerrado;Consulta para matricula.;46048,49306;46048,49514;Externo;Carlos Calvo;Atención personalizada a usuarios;Correo;Solicitud;Normal
71325;Cerrado;Restauración de cuenta @estudiantec. Josué Zamora Arce. 120180186.;46048,55625;46048,56944;Estudiante;Carlos Calvo;Atención personalizada a usuarios;Correo;Solicitud;Normal
71326;Cerrado;Expediente Estudiantil;46048,60764;46048,61111;Externo;Carlos Calvo;Expediente estudiantil;Teléfono;Solicitud;Normal
71327;Cerrado;Matrícula;46048,66597;46048,67083;Estudiante;Carlos Calvo;Agregar/cambiar asociación de estudiante a curso;Correo;Solicitud;Normal
71328;Cerrado;Corrección de nombre en la plataforma;46048,86736;46049,55694;Estudiante;Carlos Calvo;Cambiar información personal;Correo;Solicitud;Normal
71329;Cerrado;solicitud;46049,32083;46049,6;Administrativo;Carlos Calvo;Creación de comunidades;Correo;Solicitud;Normal
71331;Cerrado;Soporte;46049,39375;46049,39861;Administrativo;Carlos Calvo;Agregar/cambiar asociación de profesor a curso;Correo;Solicitud;Normal
71332;Cerrado;Ingreso a correo institucional;46049,47222;46049,54861;Estudiante;Carlos Calvo;Problemas con correos;Correo;Solicitud;Normal
71333;Cerrado;Usuario TEC-Digital;46049,50833;46049,55764;Estudiante;Carlos Calvo;Activar cuentas de usuario;Correo;Solicitud;Normal
71334;Cerrado;Error al cargar archivos;46049,53611;46049,55625;Estudiante;Carlos Calvo;Evaluaciones;Correo;Solicitud;Normal
71335;Cerrado;RE: Consulta de matrícula;46049,54375;46049,56597;Estudiante;Carlos Calvo;Agregar/cambiar asociación de estudiante a curso;Correo;Solicitud;Normal
71336;Cerrado;Información de curso;46049,55417;46049,56389;Estudiante;Carlos Calvo;Atención personalizada a usuarios;Correo;Solicitud;Normal
71337;Cerrado;Ayuda para incluir Materia actual en TEC digital;46049,56042;46049,62292;Estudiante;Carlos Calvo;Agregar/cambiar asociación de estudiante a curso;Correo;Solicitud;Normal
71338;Cerrado;TEC Digital- Problemas - Susana Ramirez;46049,56806;46049,61528;Externo;Carlos Calvo;Evaluaciones;Correo;Solicitud;Normal
71339;Cerrado;Solicitud de ayuda para ingreso;46049,58056;46049,58681;Estudiante;Carlos Calvo;Activar cuentas de usuario;Correo;Solicitud;Normal
71340;Cerrado;plataforma del TEC-Digital I T 2026;46049,61319;46049,65694;Administrativo;Carlos Calvo;Agregar/cambiar asociación de estudiante a curso;Correo;Solicitud;Normal
71342;Cerrado;Mi nombre en el tec digital es incorrecto. Mi nomb...;46049,63403;46049,67153;Estudiante;Carlos Calvo;Cambiar información personal;Correo;Solicitud;Normal
71343;Cerrado;Problemas con cuenta tecDigital.;46049,66458;46049,67292;Estudiante;Carlos Calvo;Acceso a la plataforma TEC Digital;Correo;Solicitud;Normal
71344;Cerrado;Falla en carga de documentos;46049,77639;46051,40625;Estudiante FundaTEC;Carlos Calvo;Evaluaciones;Correo;Solicitud;Normal
71345;Cerrado;Curso de verano;46049,81111;46050,30903;Estudiante;Carlos Calvo;Expediente estudiantil;Correo;Solicitud;Normal
71346;Cerrado;Contraseña invalidad despues de haberla cambiado y seguir los pasos;46049,83542;46050,30625;Estudiante FundaTEC;Carlos Calvo;Cambio de contraseña FundaTEC;Correo;Solicitud;Normal
71347;Cerrado;Ingreso al TEC Digital (Creación de usuarios);46050,38056;46050,40694;Administrativo FundaTEC;Carlos Calvo;Creación de usuarios FundaTEC;Correo;Solicitud;Normal
71348;Cerrado;Solicitud de constancia;46050,40764;46050,41111;Estudiante;Carlos Calvo;Atención personalizada a usuarios;Correo;Solicitud;Normal
71349;Cerrado;Necesito asistencia para asociar una actividad de GAAP a una evaluación en un curso de Fundatec.-;46050,47083;46050,48819;Profesor FundaTEC;Carlos Calvo;GAAP;Correo;Solicitud;Normal
71350;Cerrado;Consulta sobre disponibilidad de la plataforma mañana jueves 28 de enero;46050,48542;46050,56667;Profesor;Carlos Calvo;GAAP;Correo;Solicitud;Normal
71352;Cerrado;Permisos sistema;46050,57014;46055,56875;Administrativo;Carlos Calvo;Inclusiones;Correo;Solicitud;Normal
71353;Cerrado;Solicitud para publicar noticia SE BUSCAN PERSONAS TUTORAS EN EL DOP I-2026;46050,61736;46051,38125;Administrativo;Carlos Calvo;Envío de comunicados a comunidades;Correo;Solicitud;Normal
71354;Cerrado;uso del tec-digital;46050,63194;46050,63472;Estudiante;;;;;'-
71355;Cerrado;uso del tec-digital;46050,63194;46050,6625;Administrativo FundaTEC;Carlos Calvo;Agregar/cambiar asociación de estudiante a curso;Correo;Solicitud;Normal
71356;Cerrado;en tecDigital en aplicaciones no aparece el expediente;46050,81181;46078,45556;Estudiante;Carlos Calvo;Expediente estudiantil;Correo;Solicitud;Normal
71357;Cerrado;Problemas de ingreso al TEC Digital;46050,88889;46051,34444;Estudiante;Carlos Calvo;Acceso a la plataforma TEC Digital;Correo;Solicitud;Normal
71358;Cerrado;Actualización de datos;46051,00625;46051,47708;Estudiante;Carlos Calvo;Cambiar información personal;Correo;Solicitud;Normal
71359;Cerrado;Solicitud de actualización de cursos;46051,36667;46051,40694;Administrativo;Carlos Calvo;Agregar/cambiar asociación de estudiante a curso;Correo;Solicitud;Normal
71360;Cerrado;Reporte y consulta de fallo;46051,39306;46052,36875;Profesor;Carlos Calvo;Evaluaciones;Correo;Solicitud;Normal
71361;Cerrado;Fw: Solicitud publicación Lineamientos para la impartición virtual de cursos de la ECL;46051,40417;46051,61319;Administrativo;Carlos Calvo;Envío de comunicados a comunidades;Correo;Solicitud;Normal
71362;Cerrado;No puedo ingresar a la plataforma de TecDigital;46051,41944;46051,47431;Externo;Carlos Calvo;Acceso a la plataforma TEC Digital;Correo;Solicitud;Normal
71363;Cerrado;Actualización de datos;46051,43542;46051,48889;Estudiante;Carlos Calvo;Cambiar información personal;Correo;Solicitud;Normal
71364;Cerrado;Expediente;46051,48264;46051,55417;Estudiante;Carlos Calvo;Expediente estudiantil;Presencial;Solicitud;Normal
71365;Cerrado;Cuenta de estudiante;46051,48403;46051,55;Estudiante;Carlos Calvo;Problemas con correos;Correo;Solicitud;Normal
71366;Cerrado;Ingreso al TEC Digital (Creación de usuarios);46051,5;46051,55417;Administrativo FundaTEC;Carlos Calvo;Creación de usuarios FundaTEC;Correo;Solicitud;Normal
71367;Cerrado;Problemas para acceder al TEC Digital;46051,56875;46051,59028;Estudiante;;;;;'-
71368;Cerrado;Expediente estudiantil;46051,58194;46051,58194;Estudiante;Carlos Calvo;Expediente estudiantil;Teléfono;Solicitud;Normal
71369;Cerrado;Ingreso al TEC Digital (Creación de usuarios);46051,60625;46051,61597;Administrativo FundaTEC;Carlos Calvo;Creación de usuarios FundaTEC;Correo;Solicitud;Normal
71370;Cerrado;Ingreso al TEC Digital (Creación de usuarios);46051,65278;46051,66111;Administrativo FundaTEC;Carlos Calvo;Creación de usuarios FundaTEC;Correo;Solicitud;Normal
71372;Cerrado;RE: Ayuda con cuenta de tec digital;46051,69444;46055,33403;Administrativo FundaTEC;Carlos Calvo;Cambio de contraseña FundaTEC;Correo;Solicitud;Urgente
71373;Cerrado;Ingreso al TEC Digital (Creación de usuarios);46052,32292;46052,37431;Administrativo FundaTEC;Carlos Calvo;Creación de usuarios FundaTEC;Correo;Solicitud;Normal
71374;Cerrado;Consulta;46052,35486;46052,375;Estudiante;Carlos Calvo;Acceso a la plataforma TEC Digital;Correo;Solicitud;Normal
71375;Cerrado;cambio de comunidad;46052,37014;46052,37014;Estudiante;Carlos Calvo;Agregar/cambiar asociación de usuario a comunidad;Presencial;Solicitud;Normal
71376;Cerrado;Ingreso al TEC Digital (Creación de usuarios);46052,41667;46052,42431;Administrativo FundaTEC;Carlos Calvo;Creación de usuarios FundaTEC;Correo;Solicitud;Normal
71377;Cerrado;Acceso a correo y tec digital;46052,42917;46052,47222;Externo;Carlos Calvo;Acceso a la plataforma TEC Digital;Correo;Solicitud;Normal
71378;Cerrado;RE: Colaboración con inscripción de estudiantes;46052,43333;46052,48819;Profesor;Carlos Calvo;Agregar/cambiar asociación de estudiante a curso;Correo;Solicitud;Normal
71379;Cerrado;Solicitud de coreo masivo a estudiantes regulares.;46052,45139;46052,55278;Estudiante;Carlos Calvo;Envío de comunicados a comunidades;Correo;Solicitud;Normal
71380;Cerrado;Re: Colaboración con inscripción de estudiantes;46052,46319;46052,47917;Profesor;Carlos Calvo;Agregar/cambiar asociación de estudiante a curso;Correo;Solicitud;Normal
71381;Cerrado;actualizacion de clave;46052,49583;46052,49583;Administrativo FundaTEC;Carlos Calvo;Cambio de contraseña FundaTEC;Teléfono;Solicitud;Normal
71382;Cerrado;Asignación de cursos a profesor en la plataforma;46052,62083;46052,67431;Profesor;Carlos Calvo;Agregar/cambiar asociación de profesor a curso;Correo;Solicitud;Normal
71387;Cerrado;Consulta;46055,33194;46055,33542;Administrativo;Carlos Calvo;Activar cuentas de usuario;Correo;Solicitud;Normal
71388;Cerrado;Recuperación pregunta de asignación;46055,34097;46055,38611;Estudiante;Carlos Calvo;GAAP;Correo;Solicitud;Normal
71389;Cerrado;Solicitud apertura TEC Digital: EXCEL BÁSICO G#1 A126;46055,45694;46055,47708;Administrativo FundaTEC;Carlos Calvo;Creación cursos FundaTEC;Correo;Solicitud;Normal
71390;Cerrado;Consulta;46055,47431;46055,48403;Estudiante;Carlos Calvo;Agregar/cambiar asociación de estudiante a curso;Correo;Solicitud;Normal
71391;Cerrado;Solicitud apertura TEC Digital: Fundamentos 6 Sigma STEM;46055,52569;46055,55556;Administrativo FundaTEC;Carlos Calvo;Creación cursos FundaTEC;Correo;Solicitud;Normal
71392;Cerrado;No puedo entrar al dashboard principal, me redirig...;46055,53403;46055,55903;Estudiante;Carlos Calvo;Atención personalizada a usuarios;Correo;Solicitud;Normal
71393;Cerrado;RE: [Centro de Ayuda del TEC Digital] Re: TEC Digital- Problemas - Susana Ramirez;46055,54583;46056,32361;Externo;Carlos Calvo;Activar cuentas de usuario;Correo;Solicitud;Normal
71394;Cerrado;agregar estudiantes a grupo Principios de programación I, Prof. Alejandro Alfaro;46055,58125;46055,58542;Externo;Carlos Calvo;Agregar/cambiar asociación de estudiante a curso;Correo;Solicitud;Normal
71395;Cerrado;Ingreso al TEC Digital (Creación de usuarios);46055,62708;46055,66667;Administrativo FundaTEC;Carlos Calvo;Creación de usuarios FundaTEC;Correo;Solicitud;Normal
71396;Cerrado;Problema de acceso a la plataforma TEC Digital: E...;46055,62986;46055,66875;Estudiante;Carlos Calvo;Acceso a la plataforma TEC Digital;Correo;Solicitud;Normal
71397;Cerrado;Cuenta TecDigital;46055,62986;46055,66944;Estudiante;Carlos Calvo;Acceso a la plataforma TEC Digital;Correo;Solicitud;Normal
71398;Cerrado;Problema de acceso a la plataforma TEC Digital;46055,63194;46055,67014;Estudiante;Carlos Calvo;Acceso a la plataforma TEC Digital;Correo;Solicitud;Normal
71399;Cerrado;solicitud;46055,63542;46056,36806;Administrativo;Carlos Calvo;Creación de curso;Correo;Solicitud;Normal
71400;Cerrado;Problemas con el tec digital;46055,64861;46055,67083;Estudiante;Carlos Calvo;Acceso a la plataforma TEC Digital;Correo;Solicitud;Normal
71401;Cerrado;Favor incluir a estudiante en el tecdigital.;46055,67917;46055,68958;Estudiante;Carlos Calvo;Agregar/cambiar asociación de estudiante a curso;Correo;Solicitud;Normal
71402;Cerrado;Error en Tec Digital;46055,75139;46056,45625;Estudiante;Carlos Calvo;Cambiar información personal;Correo;Solicitud;Normal
71403;Cerrado;Acceso a Turnitin;46056,32361;46056,36806;Profesor;Carlos Calvo;Control de plagio;Correo;Solicitud;Normal
71404;Cerrado;RV: Favor ajusta nombre en el Tec Digital;46056,36875;46056,40556;Estudiante FundaTEC;Carlos Calvo;Cambiar información personal;Correo;Solicitud;Normal
71405;Cerrado;Ingreso al TEC Digital (Creación de usuarios);46056,39444;46056,40069;Administrativo FundaTEC;Carlos Calvo;Creación de usuarios FundaTEC;Correo;Solicitud;Normal
71406;Cerrado;Agregar miembros a Comunidad del TEC digital;46056,475;46056,55069;Profesor;Carlos Calvo;Agregar/cambiar asociación de usuario a comunidad;Correo;Solicitud;Normal
71407;Cerrado;Solicitud apertura TEC Digital: Matemática STEM;46056,48264;46056,61736;Administrativo FundaTEC;Carlos Calvo;Creación cursos FundaTEC;Correo;Solicitud;Normal
71408;Cerrado;Acceso a TEC Digital;46056,49167;46056,49375;Estudiante;Carlos Calvo;Acceso a la plataforma TEC Digital;Correo;Solicitud;Normal
71410;Cerrado;Ayuda con tec digital;46056,575;46056,58056;Estudiante;Carlos Calvo;Acceso a la plataforma TEC Digital;Correo;Solicitud;Normal
71411;Cerrado;Corrección de error;46056,57569;46056,57917;Profesor;Carlos Calvo;Agregar/cambiar asociación de profesor a curso;Correo;Solicitud;Normal
71412;Cerrado;Ingreso al TEC Digital (Creación de usuarios);46056,60833;46056,67986;Administrativo FundaTEC;Carlos Calvo;Creación de usuarios FundaTEC;Correo;Solicitud;Normal
71413;Cerrado;Consulta sobre cursos;46056,61389;46056,62708;Profesor;Carlos Calvo;Evaluaciones;Correo;Solicitud;Normal
71414;Cerrado;Ingreso al TEC Digital (Creación de usuarios);46056,63403;46056,67014;Administrativo FundaTEC;Carlos Calvo;Creación de usuarios FundaTEC;Correo;Solicitud;Normal
71415;Cerrado;Re: [Centro de Ayuda del TEC Digital] Actualización: RE: INGRESO DE DANIEL SOLANO MORALES - TEC DIGITAL;46056,72639;46057,31667;Estudiante;Carlos Calvo;Acceso a la plataforma TEC Digital;Correo;Solicitud;Normal
71416;Cerrado;Error;46056,76111;46057,3875;Estudiante FundaTEC;Carlos Calvo;Evaluaciones;Correo;Solicitud;Normal
71417;Cerrado;No me deja ingresar a mi cuenta;46056,84514;46057,37917;Externo;Carlos Calvo;Acceso a la plataforma TEC Digital;Correo;Solicitud;Normal
71418;Cerrado;Apoyo acceso a correo, TEC Digital y Zoom para docente;46057,33542;46057,35694;Profesor;Carlos Calvo;Activar cuentas de usuario;Correo;Solicitud;Normal
71419;Cerrado;Oficio ICSJ-011-2026-Solicitud Tec Digital Caso estudiante Lee;46057,36319;46057,61042;Estudiante;Carlos Calvo;Acceso a la plataforma TEC Digital;Correo;Solicitud;Normal
71420;Cerrado;Oficina de Planificación Institucional: Solicitud de apoyo Urgente.;46057,36528;46057,50417;Administrativo;Carlos Calvo;Envío de comunicados a comunidades;Correo;Solicitud;Normal
71421;Cerrado;Problemas Para Acceder Al Tec Digital;46057,49167;46058,67986;Estudiante;Carlos Calvo;Acceso a la plataforma TEC Digital;Correo;Solicitud;Normal
71422;Cerrado;Solicitud de coreo masivo a estudiantes regulares.;46057,50694;46057,58889;Administrativo;Carlos Calvo;Envío de comunicados a comunidades;Correo;Solicitud;Normal
71423;Cerrado;Fwd: Reingreso aprobado – Solicitud de activación de cuenta institucional;46057,53611;46057,58819;Estudiante;Carlos Calvo;Activar cuentas de usuario;Correo;Solicitud;Normal
71424;Cerrado;RV: Solicitud de creación de grupo - Programa de Ciencia de los Datos;46057,54375;46057,59028;Administrativo;Carlos Calvo;Cambio de contraseña FundaTEC;Correo;Solicitud;Normal
71425;Cerrado;Solicitud de creación de grupo - Introducción a la Programación, grupo 13;46057,54375;46057,59722;Administrativo;Carlos Calvo;Creación cursos FundaTEC;Correo;Solicitud;Normal
71426;Cerrado;Solicitud de colaboración;46057,57569;46057,61042;Director/Coordinador Colegio Científico;Carlos Calvo;Cambio de contraseña;Correo;Solicitud;Normal
71427;Cerrado;Problems para ingresar al sistema;46057,59514;46057,6;Estudiante;Carlos Calvo;Acceso a la plataforma TEC Digital;Correo;Solicitud;Normal
71429;Cerrado;SOLICITUD DE INCOPORACION EN CURSOS DE TFG AE;46057,62014;46057,63056;Profesor;Carlos Calvo;Agregar/cambiar asociación de profesor a curso;Correo;Solicitud;Normal
71430;Cerrado;Ingreso al TEC Digital (Creación de usuarios);46057,64375;46057,65347;Administrativo FundaTEC;Carlos Calvo;Creación de usuarios FundaTEC;Correo;Solicitud;Normal
71431;Cerrado;Creación de dos comunidades;46057,69444;46058,43125;Profesor;Carlos Calvo;Agregar/cambiar asociación de usuario a comunidad;Correo;Solicitud;Normal
71433;Cerrado;Solicitud de actualización de Comunidad;46057,69931;46059,45208;Profesor;Carlos Calvo;Agregar/cambiar asociación de usuario a comunidad;Correo;Solicitud;Normal
71434;Cerrado;Consulta sobre estudiante de undécimo;46057,73819;46058,40486;Estudiante Colegio Científico;Carlos Calvo;Atención personalizada a usuarios;Correo;Solicitud;Normal
71435;Cerrado;Solicitud de reinicio de verificación MFA – cuenta institucional;46057,82708;46058,31667;Estudiante;Carlos Calvo;Problemas con correos;Correo;Solicitud;Normal
71436;Cerrado;necesito acceder a altair con la cuenta de fundat...;46057,84167;46058,33611;Estudiante FundaTEC;Carlos Calvo;Atención personalizada a usuarios;Correo;Solicitud;Normal
71437;Cerrado;Problemas para subir documentos en plataforma;46058,43542;46058,57847;Administrativo FundaTEC;Carlos Calvo;Evaluaciones;Correo;Solicitud;Normal
71438;Cerrado;Solicitud urgente escuela de Química;46058,44583;46058,47847;Administrativo;Carlos Calvo;Agregar/cambiar asociación de profesor a curso;Correo;Solicitud;Normal
71439;Cerrado;RE: Bienvenida al Programa de Ciencia de los Datos TEC;46058,47431;46058,48333;Estudiante;Carlos Calvo;Cambio de contraseña FundaTEC;Correo;Solicitud;Normal
71440;Cerrado;Solicitud de cambio de correo de estudiante - PROGRAMA DE CIENCIA DE LOS DATOS, GRUPO 34;46058,47708;46058,48472;Estudiante;Carlos Calvo;Cambiar información personal;Correo;Solicitud;Normal
71441;Cerrado;Problemas para ingresar al Tec Digital.;46058,54444;46058,55208;Estudiante;Carlos Calvo;Acceso a la plataforma TEC Digital;Correo;Solicitud;Normal
71442;Cerrado;RE: Ayuda TEC Digital;46058,56875;46058,63889;Administrativo;Carlos Calvo;Atención personalizada a usuarios;Correo;Solicitud;Normal
71443;Cerrado;Malla curricular;46058,57639;46058,58542;Estudiante;Carlos Calvo;Expediente estudiantil;Teléfono;Solicitud;Normal
71445;Cerrado;Solicitud de actualización de número para iniciar sesión en Microsoft;46058,63681;46058,64097;Externo;Carlos Calvo;Atención personalizada a usuarios;Correo;Solicitud;Normal
71446;Cerrado;Convocatoria de Asistencia;46058,64167;46058,64583;;;;;;'-
71447;Cerrado;Convocatoria Asistencia Especial;46058,64444;46059,39167;Administrativo;Carlos Calvo;Envío de comunicados a lista seleccionada;Correo;Solicitud;Normal
71448;Cerrado;Electiva II plan de estudio Ing en Producción Industrial;46058,64861;46058,675;Estudiante;Carlos Calvo;Expediente estudiantil;Correo;Solicitud;Normal
71449;Cerrado;Acceso a Turnitin;46058,67014;46058,67708;Profesor;Carlos Calvo;Control de plagio;Correo;Solicitud;Normal
71450;Cerrado;RE: Bienvenida al Programa de Ciencia de los Datos TEC;46058,67847;46058,68194;Estudiante;Carlos Calvo;Acceso a la plataforma TEC Digital;Correo;Solicitud;Normal
71451;Cerrado;Consulta sobre acceso al TECDigital;46058,68333;46066,39653;Estudiante;Carlos Calvo;Creación de usuarios;Correo;Solicitud;Alta
71452;Cerrado;Consulta.;46058,68889;46062,33264;Administrativo;Carlos Calvo;Asignación de permisos especiales;Correo;Solicitud;Normal
71453;Cerrado;NO me funciona Link para la sesion: Teams;46058,72639;46059,44167;Estudiante FundaTEC;Carlos Calvo;Atención personalizada a usuarios;Correo;Solicitud;Normal
71455;Cerrado;RE: Bienvenida al Programa de Ciencia de los Datos TEC;46059,32292;46062,33542;Estudiante;Carlos Calvo;Acceso a la plataforma TEC Digital;Correo;Solicitud;Normal
71456;Cerrado;Divulgar en la comunidad de estudiantes en San José;46059,38056;46059,44861;Estudiante;Carlos Calvo;Envío de comunicados a lista seleccionada;Correo;Solicitud;Normal
71457;Cerrado;Solicitud de registro de cuentas nuevas en la plataforma TEC Digital;46059,45;46066,38056;Administrativo;Carlos Calvo;Creación de usuarios FundaTEC;Correo;Solicitud;Normal
71458;Cerrado;Consulta sobre plataforma de estudiante;46059,51042;46059,58125;Estudiante;Carlos Calvo;Agregar/cambiar asociación estudiante a curso Colegio Científico;Correo;Solicitud;Normal
71459;Cerrado;Problemas de ingreso;46059,52917;46059,58125;Estudiante;Carlos Calvo;Acceso a la plataforma TEC Digital;Correo;Solicitud;Normal
71460;Cerrado;Problema de acceso a TEC Digital - Estudiante de primer ingreso - Erick Saul Mora Rodriguez;46059,575;46059,58264;Estudiante;Carlos Calvo;Acceso a la plataforma TEC Digital;Correo;Solicitud;Normal
71461;Cerrado;Consulta sobre Acceso a TEC Digital;46059,57847;46062,68333;Estudiante;Carlos Calvo;Acceso a la plataforma TEC Digital;Correo;Solicitud;Urgente
71462;Cerrado;Solicitud de publicación;46059,59167;46059,60347;Estudiante;Carlos Calvo;Envío de comunicados a lista seleccionada;Correo;Solicitud;Normal
71463;Cerrado;Consulta de ingreso a plataforma;46059,63819;46059,6875;Administrativo FundaTEC;Carlos Calvo;Evaluaciones;Correo;Solicitud;Normal
71464;Cerrado;Consulta;46059,68333;46064,31736;Externo;Carlos Calvo;Acceso a la plataforma TEC Digital;Correo;Solicitud;Normal
71466;Cerrado;Consulta reporte de notas;46059,82847;46062,37917;;;;;;Urgente
71467;Cerrado;Consulta reporte calificaciones;46059,83264;46062,38056;Estudiante FundaTEC;Carlos Calvo;Atención personalizada a usuarios;Correo;Solicitud;Normal
71468;Cerrado;Problema al ingresar;46060,73194;46062,38125;Estudiante;Carlos Calvo;Acceso a la plataforma TEC Digital;Correo;Solicitud;Normal
71471;Cerrado;Problemas Tec digital;46061,6375;46062,38264;Externo;Carlos Calvo;Acceso a la plataforma TEC Digital;Correo;Solicitud;Normal
71473;Cerrado;Cálculo Diferencial e Integral;46062,27708;46062,40347;Estudiante;Carlos Calvo;Agregar/cambiar asociación de estudiante a curso;Correo;Solicitud;Normal
71474;Cerrado;Solicitud de soporte técnico;46062,38958;46063,35;Profesor;Carlos Calvo;Atención personalizada a usuarios;Correo;Solicitud;Normal
71475;Cerrado;Solicitud de acceso a la plataforma.;46062,43056;46062,45486;Administrativo;Carlos Calvo;Agregar/cambiar asociación de estudiante a curso;Correo;Solicitud;Normal
71476;Cerrado;Restablecimiento de Contraseña;46062,44097;46062,45625;Administrativo FundaTEC;Carlos Calvo;Cambio de contraseña FundaTEC;Correo;Solicitud;Normal
71477;Cerrado;Fw: Ayuda para habilitar Tec digital a profesores;46062,49931;46062,61875;Administrativo;Carlos Calvo;Atención personalizada a usuarios;Correo;Solicitud;Normal
71478;Cerrado;PROBLEMAS INGRESO;46062,50347;46062,56528;Estudiante;Carlos Calvo;Acceso a la plataforma TEC Digital;Correo;Solicitud;Normal
71479;Cerrado;Consulta sobre el acceso al Tec digital;46062,50486;46062,56597;;;;Correo;;'-
71480;Cerrado;Consulta sobre el acceso al Tec digital;46062,50486;46062,56597;;;;Correo;;'-
71481;Cerrado;Consulta sobre el acceso al Tec digital;46062,50556;46062,56736;Externo;Carlos Calvo;Acceso a la plataforma TEC Digital;Correo;Solicitud;Normal
71482;Cerrado;Inclusión;46062,52083;46062,62361;;;;;;'-
71483;Cerrado;Gestor de inclusiones;46062,52431;46062,625;Estudiante;Carlos Calvo;Inclusiones;Correo;Solicitud;Normal
71484;Cerrado;Agregar estudiantes a comunidad de cátedra;46062,54028;46069,44306;Profesor;Carlos Calvo;Agregar/cambiar asociación de usuario a comunidad;Correo;Solicitud;Normal
71485;Cerrado;Consulta sobre curso;46062,57083;46062,62917;Administrativo;Carlos Calvo;Agregar/cambiar asociación de profesor a curso;Correo;Solicitud;Normal
71486;Cerrado;Authenticator de microsoft;46062,57708;46062,61944;Estudiante;Carlos Calvo;Problemas con correos;Correo;Solicitud;Normal
71487;Cerrado;Solicitud de inclusión como docente – Curso SO5910;46062,58819;46062,65903;Profesor;Carlos Calvo;Agregar/cambiar asociación de profesor a curso;Correo;Solicitud;Normal
71488;Cerrado;Cambios de docente y nuevo grupo;46062,63403;46062,64097;Administrativo;Carlos Calvo;Agregar/cambiar asociación de profesor a curso;Correo;Solicitud;Normal
71489;Cerrado;Solicitud de ayuda para visualizar cursos;46062,63611;46062,68403;Estudiante;Carlos Calvo;Agregar/cambiar asociación de estudiante a curso;Correo;Solicitud;Normal
71490;Cerrado;Cuenta TEC digital;46062,63819;46062,64514;Externo;Carlos Calvo;Acceso a la plataforma TEC Digital;Correo;Solicitud;Normal
71491;Cerrado;Corrección en nombre de estudiante y otros;46062,63889;46063,31875;Estudiante;Carlos Calvo;Cambiar información personal;Correo;Solicitud;Normal
71492;Cerrado;Acceso Tec Digital;46062,63958;46062,67639;Estudiante;Carlos Calvo;Acceso a la plataforma TEC Digital;Correo;Solicitud;Normal
71493;Cerrado;No puedo agregar profesor a cátedra;46062,64444;46063,46042;Profesor;Carlos Calvo;Agregar/cambiar asociación de usuario a comunidad;Correo;Solicitud;Normal
71494;Cerrado;Restablecimiento de Contraseña;46062,65833;46062,67986;Administrativo FundaTEC;Carlos Calvo;Cambio de contraseña FundaTEC;Correo;Solicitud;Normal
71495;Cerrado;Curso de Feria Científica;46062,66111;46063,31875;Profesor;Carlos Calvo;Agregar/cambiar asociación de profesor a curso;Correo;Solicitud;Normal
71496;Cerrado;Tengo un problema con tecDigital!;46062,68403;46063,31875;Estudiante;Carlos Calvo;Acceso a la plataforma TEC Digital;Correo;Solicitud;Normal
71498;Cerrado;Restablecimiento de Contraseña;46062,68889;46063,32014;Administrativo FundaTEC;Carlos Calvo;Cambio de contraseña FundaTEC;Correo;Solicitud;Normal
71499;Cerrado;Problema tecdigital;46062,70972;46063,32083;Estudiante;Carlos Calvo;Acceso a la plataforma TEC Digital;Correo;Solicitud;Normal
71500;Cerrado;Problemas de ingreso a la plataforma;46062,72847;46063,39028;Estudiante;Carlos Calvo;Acceso a la plataforma TEC Digital;Correo;Solicitud;Normal
71501;Cerrado;Re: [Centro de Ayuda del TEC Digital] Re: Cuenta TecDigital;46062,73472;46063,32361;Estudiante;Carlos Calvo;Acceso a la plataforma TEC Digital;Correo;Solicitud;Normal
71502;Cerrado;Incorporación de profesor en Catedra;46062,86111;46063,33333;Profesor;Carlos Calvo;Agregar/cambiar asociación de usuario a comunidad;Correo;Solicitud;Normal
71504;Cerrado;Consulta;46063,32222;46063,33333;Estudiante;Carlos Calvo;Acceso a la plataforma TEC Digital;Correo;Solicitud;Normal
71505;Cerrado;Solicitud de cambio de comunidad en TecDigital;46063,35833;46063,37014;Estudiante;Carlos Calvo;Agregar/cambiar asociación de usuario a comunidad;Correo;Solicitud;Normal
71506;Cerrado;Problemas al acceder TecDigital;46063,35903;46064,33472;Estudiante;Carlos Calvo;Acceso a la plataforma TEC Digital;Correo;Solicitud;Normal
71507;Cerrado;cambio de escuela;46063,35972;46063,35972;Estudiante;Carlos Calvo;Agregar/cambiar asociación de usuario a comunidad;Teléfono;Solicitud;Normal
71508;Cerrado;Consulta Formularios Inclusión;46063,36597;46063,39861;Estudiante;Carlos Calvo;Inclusiones;Correo;Solicitud;Normal
71509;Cerrado;Solicitud para el examen de Diagnostico de Biología General;46063,375;46063,42292;;;;;;'-
71511;Cerrado;Problemas con TEC Digital;46063,37778;46063,40625;Administrativo;Carlos Calvo;Agregar/cambiar asociación de usuario a comunidad;Correo;Solicitud;Normal
71512;Cerrado;RV: Solicitud para el examen de Diagnostico de Biología General;46063,38333;46063,42569;;;;;Solicitud;'-
71513;Cerrado;Correo no encontrado;46063,40347;46071,34028;Estudiante FundaTEC;Carlos Calvo;Acceso a la plataforma TEC Digital;Correo;Solicitud;Normal
71515;Cerrado;Fw: Solicitud para el examen de Diagnostico de Biología General;46063,40972;46064,41736;;;;;Solicitud;'-
71516;Cerrado;RE: Problema con descraga de videos;46063,4125;46071,33889;Estudiante;Carlos Calvo;Carpeta Tareas;Correo;Solicitud;Normal
71517;Cerrado;Solicitud de ayuda;46063,41458;46064,31806;Administrativo;Carlos Calvo;Inclusiones;Correo;Solicitud;Normal
71518;Cerrado;Inclusión en comunidad;46063,42778;46063,56667;Administrativo;Carlos Calvo;Agregar/cambiar asociación de usuario a comunidad;Correo;Solicitud;Normal
71519;Cerrado;Desintegracion;46063,44306;46063,46667;Estudiante;Carlos Calvo;Agregar/cambiar asociación de usuario a comunidad;Correo;Solicitud;Normal
71520;Cerrado;Solicitud de permisos;46063,44514;46063,48611;Administrativo;Carlos Calvo;Asignación de permisos especiales;Correo;Solicitud;Normal
71521;Cerrado;Actualización de miembros en TEC Digital;46063,46181;46063,49097;Profesor;Carlos Calvo;Actualizar miembros de comunidades;Correo;Solicitud;Normal
71522;Cerrado;RE: Solicitud de creación de grupo - Introducción a la Programación, grupo 13;46063,47361;46063,56042;Administrativo;Carlos Calvo;Cambiar información personal;Correo;Solicitud;Normal
71523;Cerrado;Ayuda;46063,48681;46063,62778;Profesor;Carlos Calvo;Agregar/cambiar asociación de estudiante a curso;Correo;Solicitud;Normal
71524;Cerrado;Solicitud de difusión del reglamento y contacto de la Comisión DOSIEG para la Comunidad Institucional activa en el TEC Digital;46063,55972;46064,54306;;;;Teléfono;;'-
71525;Cerrado;Solicitud urgente de acceso a TEC Digital y correos institucionales;46063,56944;46063,62153;Estudiante;Carlos Calvo;Acceso a la plataforma TEC Digital;Correo;Solicitud;Normal
71526;Cerrado;Problema para ingresa a correo electrónico;46063,575;46063,62292;Estudiante;Carlos Calvo;Problemas con correos;Correo;Solicitud;Normal
71527;Cerrado;Problemas con el tec digital no puedo ingresar.;46063,59097;46063,625;Externo;Carlos Calvo;Acceso a la plataforma TEC Digital;Correo;Solicitud;Normal
71528;Cerrado;Ingreso al TEC Digital (Creación de usuarios);46063,59583;46063,62639;Administrativo FundaTEC;Carlos Calvo;Creación de usuarios FundaTEC;Correo;Solicitud;Normal
71529;Cerrado;Acceso;46063,60069;46063,62778;Estudiante;Carlos Calvo;Acceso a la plataforma TEC Digital;Correo;Solicitud;Normal
71530;Cerrado;RE: Información de Matrícula por el Sistema de Inclusiones del TEC Digital I Semestre 2026;46063,60347;46063,63333;Administrativo;Carlos Calvo;Atención personalizada a usuarios;Correo;Solicitud;Normal
71531;Cerrado;Fwd:;46063,62153;46063,65;Externo;Carlos Calvo;Acceso a la plataforma TEC Digital;Correo;Solicitud;Normal
71532;Cerrado;Dar de Baja de Comunidad;46063,63333;46063,63681;Estudiante;Carlos Calvo;Agregar/cambiar asociación de usuario a comunidad;Correo;Solicitud;Normal
71533;Cerrado;Divulgar en comunidad de San José;46063,63403;46065,33403;Administrativo;Carlos Calvo;Envío de comunicados a comunidades;Correo;Solicitud;Normal
71534;Cerrado;Re:;46063,64375;46063,65069;Estudiante;Carlos Calvo;Acceso a la plataforma TEC Digital;Correo;Solicitud;Normal
71535;Cerrado;Consulta;46063,64861;46071,33958;Estudiante;Carlos Calvo;Atención personalizada a usuarios;Correo;Solicitud;Normal
71536;Cerrado;Rv: Campus Tecnológico Central Cartago - Solicitud de Matrícula por Inclusión I Semestre 2026;46063,65069;46063,65139;Estudiante;Carlos Calvo;Inclusiones;Correo;Solicitud;Normal
71537;Cerrado;Solicitud de cambio de comunidades;46063,66528;46063,66944;Estudiante;Carlos Calvo;Agregar/cambiar asociación de usuario a comunidad;Correo;Solicitud;Normal
71538;Cerrado;Solicitud o ayuda con la cuenta de Tec digital;46063,67083;46063,67222;Estudiante;Carlos Calvo;Acceso a la plataforma TEC Digital;Correo;Solicitud;Normal
71539;Cerrado;Problema acceso;46063,71597;46064,31875;Estudiante;Carlos Calvo;Acceso a la plataforma TEC Digital;Correo;Solicitud;Normal
71540;Cerrado;Consulta de estudiante no regular.;46063,72222;46071,33958;Estudiante;Carlos Calvo;Expediente estudiantil;Correo;Solicitud;Normal
71541;Cerrado;Sistema para inclusiones;46063,75694;46064,33125;Estudiante;Carlos Calvo;Inclusiones;Correo;Solicitud;Normal
71542;Cerrado;RV: Solicitud para el Area Académica de Maestría en Gerencia de Proyectos;46063,75972;46065,45556;Profesor;Carlos Calvo;Creación de comunidades;Correo;Solicitud;Normal
71543;Cerrado;Acceso a correo institucional;46063,88819;46064,40278;Estudiante;Carlos Calvo;Problemas con correos;Correo;Solicitud;Normal
71544;Cerrado;Consulta respecto a sistema de inlusion;46063,90417;46064,33403;Estudiante;Carlos Calvo;Inclusiones;Correo;Solicitud;Normal
71547;Cerrado;Consulta sobre la inclusión de los estudiante de nuevo ingreso a la comunidad PI LIMON;46064,33681;46064,42847;Administrativo;Carlos Calvo;Actualizar miembros de comunidades;Correo;Solicitud;Normal
71548;Cerrado;RE: Permisos a Expediente estudiantil;46064,36389;46064,41597;Profesor;Carlos Calvo;Asignación de permisos especiales;Correo;Solicitud;Normal
71549;Cerrado;Consulta;46064,37569;46064,47569;Profesor;Carlos Calvo;Activar cuentas de usuario;Correo;Solicitud;Normal
71550;Cerrado;actualizacion contraseña;46064,40417;46064,40417;Estudiante FundaTEC;Carlos Calvo;Cambio de contraseña FundaTEC;Teléfono;Solicitud;Normal
71551;Cerrado;Memorando ati-014-2026 Permiso Pedro;46064,44514;46064,48611;Director/Coordinador;Carlos Calvo;Asignación de permisos especiales;Correo;Solicitud;Normal
71552;Cerrado;consulta;46064,45625;46064,48472;Profesor;Carlos Calvo;Agregar/cambiar asociación de profesor a curso;Correo;Solicitud;Normal
71553;Cerrado;Consulta;46064,45694;46064,56042;Estudiante;Carlos Calvo;Activar cuentas de usuario;Correo;Solicitud;Normal
71554;Cerrado;RE: Solicitud de difusión del reglamento y contacto de la Comisión DOSIEG para la Comunidad Institucional activa en el TEC Digital;46064,50764;46069,675;Administrativo;Carlos Calvo;Envío de comunicados a comunidades;Correo;Solicitud;Normal
71555;Cerrado;Problema con TecDigital;46064,53889;46064,54236;Estudiante;Carlos Calvo;Acceso a la plataforma TEC Digital;Correo;Solicitud;Normal
71556;Cerrado;Consulta por problemas en mis cursos;46064,56111;46064,57292;;;;;;'-
71557;Cerrado;No visualizo estudiantes en mis cursos;46064,56319;46064,57431;Profesor;Carlos Calvo;Agregar/cambiar asociación de estudiante a curso;Correo;Solicitud;Normal
71558;Cerrado;Solicitud apertura TEC Digital: EXCEL TAE GR1;46064,58958;46065,66944;Administrativo FundaTEC;Carlos Calvo;Creación cursos FundaTEC;Correo;Solicitud;Normal
71559;Cerrado;Solicitud apertura TEC Digital: EXCEL TAE GR2;46064,6;46066,39236;Administrativo FundaTEC;Carlos Calvo;Creación de usuarios FundaTEC;Correo;Solicitud;Normal
71560;Cerrado;Copiado de grupos;46064,64861;46066,42014;Profesor;Carlos Calvo;Copiado de contenidos;Correo;Solicitud;Normal
71561;Cerrado;Problemas con el inicio de sesión en Tec Digital;46064,65;46064,66597;Estudiante;Carlos Calvo;Activar cuentas de usuario;Correo;Solicitud;Normal
71562;Cerrado;Inicio de sesión en el correo estudiantil;46064,66806;46064,67361;Estudiante;Carlos Calvo;Problemas con correos;Correo;Solicitud;Normal
71563;Cerrado;activar cuenta;46064,67569;46064,67569;Profesor;Carlos Calvo;Activar cuentas de usuario;Teléfono;Solicitud;Normal
71564;Cerrado;Mi curso no aparece en la plataforma;46064,68819;46065,32639;Profesor;Carlos Calvo;Agregar/cambiar asociación de profesor a curso;Correo;Solicitud;Normal
71565;Cerrado;Problema Ingreso TEC Digital;46064,70347;46069,33194;Estudiante;Carlos Calvo;Activar cuentas de usuario;Correo;Solicitud;Normal
71566;Cerrado;Problema con inicio de sesión;46064,72361;46065,43403;Estudiante;Carlos Calvo;Activar cuentas de usuario;Correo;Solicitud;Normal
71567;Cerrado;No permite ingresar al Tec digital;46064,73194;46065,32986;Estudiante;Carlos Calvo;Activar cuentas de usuario;Correo;Solicitud;Normal
71568;Cerrado;Error en el expediente;46064,78958;46071,34583;Estudiante;Carlos Calvo;Expediente estudiantil;Correo;Solicitud;Normal
71569;Cerrado;ingreso al tec digital;46064,82639;46069,32222;Estudiante;Carlos Calvo;Activar cuentas de usuario;Correo;Solicitud;Normal
71570;Cerrado;Actualización de la Comunidad de Física General III en el TEC Digital;46064,97431;46070,31736;Director/Coordinador;Carlos Calvo;Actualizar miembros de comunidades;Correo;Solicitud;Normal
71572;Cerrado;Acceso al TEC digital;46065,30903;46069,44514;Externo;Carlos Calvo;Inclusiones;Correo;Solicitud;Normal
71573;Cerrado;Actualización de los miembros de la cátedra de Matemática Básica para Administración;46065,3125;46069,38681;Profesor;Carlos Calvo;Actualizar miembros de comunidades;Correo;Solicitud;Normal
71574;Cerrado;Acceso a la plataforma TEC-Digital;46065,34028;46065,34306;Estudiante;Carlos Calvo;Acceso a la plataforma TEC Digital;Correo;Solicitud;Normal
71575;Cerrado;RV: Inconveniente con tecDigital;46065,36597;46065,37083;Estudiante;Carlos Calvo;Acceso a la plataforma TEC Digital;Correo;Solicitud;Normal
71576;Cerrado;activar cuenta;46065,37361;46065,37361;Estudiante;Carlos Calvo;Inclusiones;Correo;Solicitud;Normal
71577;Cerrado;Solución con tec digital;46065,38472;46065,38542;Estudiante;Carlos Calvo;Acceso a la plataforma TEC Digital;Correo;Solicitud;Normal
71578;Cerrado;Solicitud de corrección;46065,39653;46065,4;Director/Coordinador Colegio Científico;Carlos Calvo;Agregar/cambiar asociación de profesor a curso;Correo;Solicitud;Normal
71579;Cerrado;Evidencia 3er Examen Freddy Hidalgo Zárate;46065,41458;46065,41736;Estudiante;Carlos Calvo;Evaluaciones;Correo;Solicitud;Normal
71580;Cerrado;no puedo entrar al TEC digital;46065,42083;46065,42847;Estudiante;Carlos Calvo;Acceso a la plataforma TEC Digital;Correo;Solicitud;Normal
71581;Cerrado;Problema Ingreso TEC Digital;46065,45556;46065,45694;Estudiante;Carlos Calvo;Acceso a la plataforma TEC Digital;Correo;Solicitud;Normal
71582;Cerrado;PROBLEMAS DE INGRESO;46065,48542;46069,34028;Estudiante;Carlos Calvo;Acceso a la plataforma TEC Digital;Correo;Solicitud;Normal
71583;Cerrado;Consulta sobre visualización de grupo en Tec Digital;46065,50139;46065,57014;Profesor;Carlos Calvo;Agregar/cambiar asociación de profesor a curso;Correo;Solicitud;Normal
71584;Cerrado;Fwd:;46065,51458;46065,54722;Estudiante;Carlos Calvo;Activar cuentas de usuario;Correo;Solicitud;Normal
71585;Cerrado;Lista de estudiantes y correo electrónico;46065,53542;46065,55278;Profesor;Carlos Calvo;Atención personalizada a usuarios;Correo;Solicitud;Normal
71587;Cerrado;Favor;46065,56042;46065,61458;Administrativo;Carlos Calvo;Atención personalizada a usuarios;Correo;Solicitud;Normal
71588;Cerrado;Problema Tec Digital;46065,57778;46065,60208;Estudiante;Carlos Calvo;Acceso a la plataforma TEC Digital;Correo;Solicitud;Normal
71589;Cerrado;Problema con el TecDigital;46065,59028;46065,60833;Estudiante;Carlos Calvo;Agregar/cambiar asociación de estudiante a curso;Correo;Solicitud;Normal
71590;Cerrado;agregar a curso;46065,60903;46065,60903;Profesor;Carlos Calvo;Agregar/cambiar asociación de profesor a curso;Teléfono;Solicitud;Normal
71591;Cerrado;obtener acceso por primera vez a Turnitin;46065,625;46065,63264;Profesor;Carlos Calvo;Control de plagio;Correo;Solicitud;Normal
71592;Cerrado;Examen diagnostico Biologia;46065,62986;46065,63264;Estudiante;Carlos Calvo;Acceso a la plataforma TEC Digital;Correo;Solicitud;Normal
71593;Cerrado;Solicitud: Creación de cursos - I Semestre 2026;46065,64028;46072,64097;Administrativo;Carlos Calvo;Creación de curso;Correo;Solicitud;Normal
71594;Cerrado;Solicitud de reunión: Transformación digital en la educación superior;46065,64792;46077,46806;Externo;Carlos Calvo;Atención personalizada a usuarios;Correo;Solicitud;Normal
71595;Cerrado;Aviso TEC Digital -Estudio de Perfil de Ingreso 2026;46065,66111;46069,44583;Estudiante;Carlos Calvo;Atención personalizada a usuarios;Correo;Solicitud;Normal
71596;Cerrado;SOLICITUD DE COLABORACION;46065,67778;46066,33264;Administrativo;Carlos Calvo;Acceso a la plataforma TEC Digital;Correo;Solicitud;Normal
71597;Cerrado;Error al dar de baja un curso;46065,77431;46066,37569;Estudiante;Carlos Calvo;Agregar/cambiar asociación de estudiante a curso;Correo;Solicitud;Normal
71598;Cerrado;Error de acceso: Me di de baja accidentalmente - CE1104 - Grupo 05;46065,79861;46066,37083;Profesor;Carlos Calvo;Agregar/cambiar asociación de profesor a curso;Correo;Solicitud;Normal
71599;Cerrado;Solicitud - asignación de curso y grupo a profesor(a) Escuela de Ingeniería en Computadores;46065,8625;46066,38681;Profesor;Carlos Calvo;Agregar/cambiar asociación de profesor a curso;Correo;Solicitud;Normal
71600;Cerrado;Solicitud de ayuda;46065,87847;46066,55764;Profesor;Carlos Calvo;Atención personalizada a usuarios;Correo;Solicitud;Normal
71601;Cerrado;Baja de Materia;46066,07153;46066,36597;Estudiante;Carlos Calvo;Agregar/cambiar asociación de estudiante a curso;Correo;Solicitud;Normal
71602;Cerrado;Inclusion;46066,25972;46066,38056;Estudiante;Carlos Calvo;Inclusiones;Correo;Solicitud;Normal
71603;Cerrado;Apoyo para acceder al TEC Digital;46066,33056;46066,38889;Estudiante;Carlos Calvo;Acceso a la plataforma TEC Digital;Correo;Solicitud;Normal
71604;Cerrado;Activación de cuenta TECDigital;46066,35069;46069,68681;Administrativo;Carlos Calvo;Activar cuentas de usuario;Correo;Solicitud;Normal
71605;Cerrado;Error en el GAAP;46066,35903;46066,55764;Profesor;Carlos Calvo;GAAP;Correo;Solicitud;Normal
71606;Cerrado;acceso a turnitin;46066,36389;46066,36389;Profesor;Carlos Calvo;Control de plagio;Presencial;Solicitud;Normal
71607;Cerrado;Me di de baja en un curso accidentalmente;46066,38264;46066,39514;Estudiante;Carlos Calvo;Agregar/cambiar asociación de estudiante a curso;Correo;Solicitud;Normal
71608;Cerrado;activar cuenta;46066,38472;46066,38472;Estudiante;Carlos Calvo;Activar cuentas de usuario;Correo;Solicitud;Normal
71609;Cerrado;Aplicaciones no visibles en TEC DIGITAL [2017103205];46066,39583;46069,44306;Estudiante Colegio Científico;Carlos Calvo;Inclusiones;Correo;Solicitud;Normal
71610;Cerrado;Consulta;46066,42569;46066,55833;Profesor;Carlos Calvo;Atención personalizada a usuarios;Correo;Solicitud;Normal
71611;Cerrado;agregar a curso;46066,42917;46066,42917;Estudiante;Carlos Calvo;Agregar/cambiar asociación de estudiante a curso;Correo;Solicitud;Normal
71612;Cerrado;Consulta sobre mensaje de bienvenida;46066,43889;46066,6125;Profesor;Carlos Calvo;Atención personalizada a usuarios;Correo;Solicitud;Normal
71613;Cerrado;Consulta acerca de plataforma Tec Digital;46066,45278;46066,56736;Administrativo FundaTEC;Carlos Calvo;Atención personalizada a usuarios;Correo;Solicitud;Normal
71614;Cerrado;Error en Laboratorio de Circuitos en CC y CA - Grupo 1;46066,46319;46066,56875;Estudiante;Carlos Calvo;Agregar/cambiar asociación de estudiante a curso;Correo;Solicitud;Normal
71615;Cerrado;Agregar estudiantes matriculados a cátedra de Resistencia de Materiales.;46066,475;46066,6875;Profesor;Carlos Calvo;Actualizar miembros de comunidades;Correo;Solicitud;Normal
71616;Cerrado;Re: [Centro de Ayuda del TEC Digital] Re: Problemas de ingreso al TEC Digital;46066,47986;46066,57014;Estudiante;Carlos Calvo;Acceso a la plataforma TEC Digital;Correo;Solicitud;Normal
71617;Cerrado;solicitud de apertura de grupo en tec digital;46066,48264;46066,57986;Profesor;Carlos Calvo;Creación de comunidades;Correo;Solicitud;Normal
71618;Cerrado;Agregar a tutor a cátedra de Resistencia de Materiales;46066,48611;46066,68056;Profesor;Carlos Calvo;Agregar/cambiar asociación de usuario a comunidad;Correo;Solicitud;Normal
71619;Cerrado;Inclusión de estudiantes en la Cátedra de ESTÁTICA MI2106;46066,5;46069,32292;Director/Coordinador;Carlos Calvo;Actualizar miembros de comunidades;Correo;Solicitud;Normal
71620;Cerrado;Divulgar;46066,50069;46066,58333;Administrativo;Carlos Calvo;Envío de comunicados a comunidades;Correo;Solicitud;Normal
71621;Cerrado;Agregar información de beneficiario INS;46066,50556;46069,34931;Estudiante;Carlos Calvo;Atención personalizada a usuarios;Correo;Solicitud;Normal
71622;Cerrado;Beneficiario Póliza;46066,51181;46069,34931;Estudiante;Carlos Calvo;Atención personalizada a usuarios;Correo;Solicitud;Normal
71623;Cerrado;Solicitud apoyo ingreso TEC Digital;46066,51667;46069,5625;Estudiante;Carlos Calvo;Activar cuentas de usuario;Correo;Solicitud;Normal
71624;Cerrado;Re: [Centro de Ayuda del TEC Digital] Re: Fwd: Reingreso aprobado – Solicitud de activación de cuenta institucional;46066,525;46069,42014;Estudiante;Carlos Calvo;Activar cuentas de usuario;Correo;Solicitud;Normal
71625;Cerrado;activar cuenta;46066,56111;46066,56111;Estudiante;Carlos Calvo;Creación de comunidades;Teléfono;Solicitud;Normal
71627;Cerrado;cambio de comunidad;46066,56597;46066,56597;Estudiante;Carlos Calvo;Agregar/cambiar asociación de estudiante a curso;Teléfono;Solicitud;Normal
71628;Cerrado;Solicitud de agregar estudiantes;46066,58056;46066,67361;Profesor;Carlos Calvo;Actualizar miembros de comunidades;Correo;Solicitud;Normal
71629;Cerrado;Asignación de Curso;46066,58333;46066,59444;Profesor;Carlos Calvo;Agregar/cambiar asociación de profesor a curso;Correo;Solicitud;Normal
71630;Cerrado;Solicitud de incluir curso;46066,58472;46066,59097;Profesor;Carlos Calvo;Agregar/cambiar asociación de estudiante a curso;Correo;Solicitud;Normal
71631;Cerrado;Solicitud de envío de correo a la comunidad estudiantil;46066,58542;46069,55139;Administrativo;Carlos Calvo;Envío de comunicados a comunidades;Correo;Solicitud;Normal
71632;Cerrado;activar cuenta;46066,59444;46066,59444;Estudiante;Carlos Calvo;Activar cuentas de usuario;Teléfono;Solicitud;Normal
71633;Cerrado;Sincronización de cursos en Tec Digital;46066,59931;46066,62361;Administrativo;Carlos Calvo;Inclusiones;Correo;Solicitud;Normal
71634;Cerrado;Ayuda para reactivación de estudiante;46066,60417;46069,34306;Estudiante;Carlos Calvo;Activar cuentas de usuario;Correo;Solicitud;Normal
71635;Cerrado;agregar a curso y cátedra;46066,60694;46066,60694;Profesor;Carlos Calvo;Agregar/cambiar asociación de profesor a curso;Correo;Solicitud;Normal
71636;Cerrado;Solicitud para reingresar a un grupo;46066,63264;46066,66528;Estudiante;Carlos Calvo;Agregar/cambiar asociación de estudiante a curso;Correo;Solicitud;Normal
71637;Cerrado;Ingreso al TEC Digital (Creación de usuarios);46066,65625;46066,65972;Administrativo FundaTEC;Carlos Calvo;Creación de usuarios FundaTEC;Correo;Solicitud;Normal
71638;Cerrado;Ayuda sobre error en tec digital;46066,6875;46069,45486;Estudiante;Carlos Calvo;Agregar/cambiar asociación de estudiante a curso;Correo;Solicitud;Normal
71639;Cerrado;Se me eliminó una materia;46066,68819;46069,45625;Estudiante;;;;;Urgente
71640;Cerrado;activar apps;46066,69167;46066,69167;Estudiante;Carlos Calvo;Expediente estudiantil;Correo;Solicitud;Normal
71641;Cerrado;Falta de acceso a una clase dentro del TEC-Digital;46066,73958;46069,45625;Estudiante;Carlos Calvo;Agregar/cambiar asociación de estudiante a curso;Correo;Solicitud;Normal
71642;Cerrado;Beneficiario;46066,97569;46069,49514;Estudiante;Carlos Calvo;Atención personalizada a usuarios;Correo;Solicitud;Normal
71644;Cerrado;Solicitud cuenta Outlook;46067,41389;46069,32847;Estudiante;Carlos Calvo;Problemas con correos;Correo;Solicitud;Normal
71646;Cerrado;Parece haber un error con mi cuenta del tecDigital...;46067,80625;46069,41111;;;;;;'-
71647;Cerrado;Error con información personal y otros datos en mi cuenta del tecDigital;46067,81736;46069,41111;Estudiante;Carlos Calvo;Cambiar información personal;Correo;Solicitud;Normal
71649;Cerrado;RE: [Centro de Ayuda del TEC Digital] Re: Sistema para inclusiones;46068,47292;46069,45833;Estudiante;Carlos Calvo;Inclusiones;Correo;Solicitud;Normal
71650;Cerrado;RE: Aprobación en Sistema de Inclusioens;46068,47708;46069,46042;;;;;Solicitud;'-
71651;Cerrado;RE: Aprobación en Sistema de Inclusioens;46068,59514;46069,46111;Profesor;Carlos Calvo;Inclusiones;Correo;Solicitud;Normal
71652;Cerrado;Inclusión Cátedra de Física II;46068,62292;46069,44028;Estudiante;Carlos Calvo;Agregar/cambiar asociación de usuario a comunidad;Correo;Solicitud;Normal
71653;Cerrado;Consulta sistema de inclusiones;46068,62778;46069,43542;Estudiante;Carlos Calvo;Atención personalizada a usuarios;Correo;Solicitud;Normal
71654;Cerrado;Contraseña tec digital;46068,73819;46069,4625;Estudiante;Carlos Calvo;Acceso a la plataforma TEC Digital;Correo;Solicitud;Normal
71655;Cerrado;CONSULTA INGRESO A TEC DIGITAL;46069,01111;46070,61389;Estudiante;Carlos Calvo;Atención personalizada a usuarios;Correo;Solicitud;Normal
71656;Cerrado;Re: [Centro de Ayuda del TEC Digital] Actualización: RE: INGRESO DE DANIEL SOLANO MORALES - TEC DIGITAL;46069,29375;46071,57708;Estudiante;Carlos Calvo;Acceso a la plataforma TEC Digital;Correo;Solicitud;Normal
71657;Cerrado;Falta de acceso a una clase dentro del TEC-Digital;46069,30903;46069,47361;Estudiante;Carlos Calvo;Agregar/cambiar asociación de estudiante a curso;Correo;Solicitud;Normal
71658;Cerrado;Agregar grupos a Cátedra;46069,3125;46069,48611;Profesor;Carlos Calvo;Actualizar miembros de comunidades;Correo;Solicitud;Normal
71659;Cerrado;Solicitud de listas de estudiantes;46069,3125;46069,55903;Administrativo;Carlos Calvo;Atención personalizada a usuarios;Correo;Solicitud;Normal
71660;Cerrado;Problemas en el proceso de solicitud de inclusión: Jennifer Dayana Villalobos Rodríguez.;46069,31736;46069,47569;;;;;;'-
71661;Cerrado;Problemas para realizar la solicitud de Inclusiones: Jennifer Dayana Villalobos Rodríguez.;46069,32083;46069,47639;Estudiante;Carlos Calvo;Inclusiones;Correo;Solicitud;Normal
71662;Cerrado;Pregunta acerca de la matrícula por inclusión;46069,32569;46069,49167;Estudiante;Carlos Calvo;Inclusiones;Correo;Solicitud;Normal
71663;Cerrado;Consulta importante sistema de Inclusiones;46069,33264;46069,55;Administrativo;Carlos Calvo;Inclusiones;Correo;Solicitud;Normal
71664;Cerrado;Enlace de SIGI;46069,34097;46069,46458;Administrativo;Carlos Calvo;Envío de comunicados a comunidades;Correo;Solicitud;'-
71665;Cerrado;Enlace de SIGI;46069,34097;46073,44861;Administrativo;Carlos Calvo;Envío de comunicados a comunidades;Correo;Solicitud;Normal
71666;Cerrado;Consulta sobre solicitud de inclusión – Aseguramiento de la Calidad del Software;46069,34583;46069,5;Estudiante;Carlos Calvo;Inclusiones;Correo;Solicitud;Normal
71667;Cerrado;Consulta sobre inclusion;46069,34931;46069,54861;Estudiante;Carlos Calvo;Inclusiones;Correo;Solicitud;Normal
71668;Cerrado;Consulta sobre actualización de correquisito e inclusión;46069,35278;46069,55625;Estudiante;Mariana Mora;Inclusiones;Correo;Incidente;Normal
71669;Cerrado;actualización Cátedra de Física General I;46069,35556;46069,58194;Profesor;Mariana Mora;Actualizar miembros de comunidades;Correo;Solicitud;Normal
71670;Cerrado;Consulta por problema con inclusion por choque de horario;46069,36111;46069,37569;Estudiante;Carlos Calvo;Inclusiones;Correo;Solicitud;Normal
71671;Cerrado;Solicitud de actualización de integrantes de comunidad.;46069,36667;46069,67708;Director/Coordinador;Carlos Calvo;Actualizar miembros de comunidades;Correo;Solicitud;Normal
71672;Cerrado;Consulta;46069,36944;46069,56042;Profesor;Carlos Calvo;Agregar/cambiar asociación de profesor a curso;Correo;Solicitud;Normal
71673;Cerrado;Incluirme como profesor de curso;46069,37153;46069,56181;Profesor;Carlos Calvo;Agregar/cambiar asociación de profesor a curso;Correo;Solicitud;Normal
71674;Cerrado;RE: Solicitud de creación de grupo - Introducción a la Programación, grupo 13;46069,37431;46069,56389;Administrativo;Carlos Calvo;Creación cursos FundaTEC;Correo;Solicitud;Normal
71675;Cerrado;Equivocación;46069,375;46069,5625;Estudiante;Mariana Mora;Agregar/cambiar asociación de estudiante a curso;Correo;Solicitud;Normal
71676;Cerrado;Actualización de comunidad de Tutorías y Talleres de Física General;46069,39167;46070,49514;Profesor;Mariana Mora;Actualizar miembros de comunidades;Correo;Solicitud;Normal
71677;Cerrado;Actualización comunidad PI-LIMÓN;46069,39444;46071,57639;Administrativo;Carlos Calvo;Actualizar miembros de comunidades;Correo;Solicitud;Normal
71678;Cerrado;Actualización de comunidad;46069,40069;46069,61736;Profesor;Mariana Mora;Actualizar miembros de comunidades;Correo;Solicitud;Normal
71679;Cerrado;RV: Falta de acceso a una clase dentro del TEC-Digital;46069,40208;46069,56458;Estudiante;Carlos Calvo;Agregar/cambiar asociación de estudiante a curso;Correo;Solicitud;Normal
71680;Cerrado;agregar a curso;46069,40972;46069,40972;Estudiante;Carlos Calvo;Agregar/cambiar asociación de estudiante a curso;Correo;Solicitud;Normal
71681;Cerrado;Acceso a inclusiones;46069,41319;46069,41319;Estudiante;Carlos Calvo;Inclusiones;Correo;Solicitud;Normal
71682;Cerrado;QUITAR CARPETAS;46069,41319;46069,56806;Profesor;Carlos Calvo;Carpetas/Documentos;Correo;Solicitud;Normal
71683;Cerrado;actualización cursos y comunidades tec digital;46069,43958;46070,54722;Administrativo;Mariana Mora;Actualizar cursos a estudiantes;Correo;Solicitud;Normal
71684;Cerrado;activar cuenta;46069,44167;46069,44167;Estudiante;Carlos Calvo;Activar cuentas de usuario;Teléfono;Solicitud;Normal
71685;Cerrado;Actualizar Cátedras;46069,44167;46069,44167;Director/Coordinador;Carlos Calvo;Actualizar miembros de comunidades;Correo;Solicitud;Normal
71686;Cerrado;activar cuenta;46069,45833;46069,45833;Externo;Carlos Calvo;Activar cuentas de usuario;Correo;Solicitud;Normal
71687;Cerrado;solicitud;46069,46806;46069,61736;Profesor;Mariana Mora;Agregar/cambiar asociación de profesor a curso;Correo;Solicitud;Normal
71688;Cerrado;Inclusión de estudiantes en TEC digital;46069,47431;46070,31736;Profesor;Carlos Calvo;Actualizar miembros de comunidades;Correo;Solicitud;Normal
71689;Cerrado;Consulta;46069,475;46069,64653;Administrativo;Carlos Calvo;Inclusiones;Correo;Solicitud;Normal
71690;Cerrado;Proceso de inclusiones;46069,51667;46069,59444;Estudiante;Carlos Calvo;Inclusiones;Correo;Solicitud;Normal
71691;Cerrado;RV: Reactivación cuenta Tec Digital;46069,52778;46070,66458;Externo;Carlos Calvo;Activar cuentas de usuario;Correo;Solicitud;Normal
71692;Cerrado;Duda sobre levantamiento de requisitos en curso de Corriente Alterna;46069,53056;46069,56458;Estudiante;;;;;'-
71693;Cerrado;Duda sobre levantamiento de requisitos en escuela de Electronica;46069,53194;46069,56458;Estudiante;;;;;'-
71694;Cerrado;Duda sobre levantamiento de requisitos en la escuela de Electronica;46069,53333;46069,60625;Estudiante;Mariana Mora;Inclusiones;Correo;Solicitud;Normal
71695;Cerrado;Inicio de Sesión;46069,56458;46069,6125;Estudiante;Mariana Mora;Inclusiones;Correo;Solicitud;Normal
71696;Cerrado;Acceso al TEC Digital - Gestor de Inclusiones;46069,58611;46069,58611;Estudiante;Mariana Mora;Inclusiones;Teléfono;Solicitud;Normal
71697;Cerrado;Ayuda con acceso a curso como docente;46069,59653;46070,38681;Profesor;Carlos Calvo;Agregar/cambiar asociación de profesor a curso;Correo;Solicitud;Normal
71698;Cerrado;Solicitud de Inclusión – Inglés 2 para Administración (Sede San Carlos) - Problema;46069,60486;46070,56736;Estudiante;Carlos Calvo;Inclusiones;Correo;Solicitud;Normal
71699;Cerrado;Solicitud de Actualización de Información de Estudiantes de Cátedra;46069,61736;46069,61944;Profesor;;;;;'-
71700;Cerrado;Solicitud de Actualización de Información de Estudiantes de Cátedra;46069,61736;46070,31597;Profesor;;;;;'-
71701;Cerrado;Consulta;46069,61875;46070,39375;Administrativo;Carlos Calvo;Inclusiones;Correo;Solicitud;Normal
71702;Cerrado;Problemas de acceso;46069,62778;46070,40764;Profesor;Carlos Calvo;Atención personalizada a usuarios;Correo;Solicitud;Normal
71703;Cerrado;Inclusión Ecuaciones Diferenciales;46069,64167;46069,64167;Estudiante;Mariana Mora;Inclusiones;Teléfono;Solicitud;Normal
71704;Cerrado;activacion de cuenta;46069,65278;46069,65278;Estudiante;Carlos Calvo;Activar cuentas de usuario;Correo;Solicitud;Normal
71705;Cerrado;Consulta sobre procedimiento de solicitud de inclusión;46069,66319;46070,39861;Estudiante;Carlos Calvo;Inclusiones;Correo;Solicitud;Normal
71706;Cerrado;Activación de ingreso a plataforma;46069,66319;46071,38472;Estudiante;Carlos Calvo;Acceso a la plataforma TEC Digital;Correo;Solicitud;Normal
71707;Cerrado;Problemas en el proceso de inclusión;46069,66597;46070,39722;Estudiante;Carlos Calvo;Inclusiones;Correo;Solicitud;Normal
71708;Cerrado;Consulta sobre acceso a Tec Digital;46069,66806;46071,31597;Estudiante;Mariana Mora;Acceso a la plataforma TEC Digital;Correo;Solicitud;Normal
71709;Cerrado;Solicitud de Actualización de Información de Estudiantes de Cátedra;46069,67639;46070,40903;Director/Coordinador;Mariana Mora;Actualizar miembros de comunidades;Correo;Solicitud;Normal
71710;Cerrado;Corrección de miembro de curso;46069,68472;46069,68472;Administrativo;Mariana Mora;Agregar/cambiar asociación de estudiante a curso;Teléfono;Solicitud;Normal
71711;Cerrado;Agregar a curso MB2402;46069,68889;46070,31458;Profesor;Mariana Mora;Agregar/cambiar asociación de profesor a curso;Teléfono;Solicitud;Normal
71712;Cerrado;Consulta sobre sistema de inclusión;46069,69653;46070,37986;Estudiante;Mariana Mora;Inclusiones;Correo;Solicitud;Normal
71713;Cerrado;Soporte;46069,69861;46070,34722;Profesor;Mariana Mora;Agregar/cambiar asociación de profesor a curso;Correo;Solicitud;Normal
71714;Cerrado;No puedo usar los links de mi curso en TEC Digital;46069,72569;46070,40069;Estudiante;Mariana Mora;Atención personalizada a usuarios;Formulario web;Solicitud;Normal
71715;Cerrado;Cuestión Comunidades;46069,76042;46070,36528;Estudiante;Mariana Mora;Agregar/cambiar asociación de usuario a comunidad;Correo;Solicitud;Normal
71716;Cerrado;Curso aparece mal en TEC digital;46069,78681;46070,38264;Estudiante;Mariana Mora;Agregar/cambiar asociación de estudiante a curso;Correo;Solicitud;Normal
71717;Cerrado;Solicitud de información para desmatricular curso Investigación de Operaciones;46069,81389;46070,3375;Estudiante;Mariana Mora;Solicitud de información de la institución;Correo;Solicitud;Normal
71718;Cerrado;Dudas sobre el sistema gestor de inclusiones;46069,825;46070,40556;Estudiante;Carlos Calvo;Inclusiones;Correo;Solicitud;Normal
71719;Cerrado;Pregunta del tecdigital;46069,83264;46070,38542;Estudiante;Mariana Mora;Inclusiones;Correo;Solicitud;Normal
71720;Cerrado;Solicitud de restablecimiento de acceso a correo institucional;46069,92569;46070,32083;Estudiante;Mariana Mora;Solicitud de información de la institución;Correo;Solicitud;Normal
71722;Cerrado;Inclusiones 2026;46070,19583;46070,40694;Estudiante;Mariana Mora;Inclusiones;Correo;Solicitud;Normal
71723;Cerrado;Solicitud;46070,32083;46070,38333;Director/Coordinador;Mariana Mora;Actualizar miembros de comunidades;Correo;Solicitud;Normal
71724;Cerrado;Re: [Centro de Ayuda del TEC Digital] Re: INGRESO BLOQUEADO AL TEC DIGITAL;46070,36181;46070,40972;Estudiante;Carlos Calvo;Acceso a la plataforma TEC Digital;Correo;Solicitud;Normal
71725;Cerrado;agregar docente a curso;46070,38194;46070,38194;Profesor;Carlos Calvo;Agregar/cambiar asociación de profesor a curso;Teléfono;Solicitud;Normal
71726;Cerrado;Lista de estudiantes incompleta;46070,38958;46070,38958;Director/Coordinador;Mariana Mora;Actualizar cursos a estudiantes;Teléfono;Solicitud;Normal
71727;Cerrado;activación de cuenta;46070,41042;46070,41042;Profesor;Carlos Calvo;Activar cuentas de usuario;Chat;Solicitud;Normal
71728;Cerrado;Agregar estudiante a comunidad;46070,42361;46070,43125;Director/Coordinador;Carlos Calvo;Agregar/cambiar asociación de usuario a comunidad;Correo;Solicitud;Normal
71729;Cerrado;agregar a comunidad;46070,42917;46070,42917;Estudiante;Carlos Calvo;Agregar/cambiar asociación de usuario a comunidad;Presencial;Solicitud;Normal
71730;Cerrado;Me gustaría saber si me podían ayudar a conectarme...;46070,44583;46070,49306;Estudiante;Mariana Mora;Atención personalizada a usuarios;Correo;Solicitud;Normal
71731;Cerrado;Ayuda comunidad;46070,44861;46070,47292;Estudiante;Mariana Mora;Agregar/cambiar asociación de usuario a comunidad;Correo;Solicitud;Normal
71732;Cerrado;Reporte de falla;46070,46667;46070,48681;Estudiante;Mariana Mora;Atención personalizada a usuarios;Correo;Solicitud;Normal
71733;Cerrado;Habilitar inclusión;46070,46736;46070,49097;Estudiante;Mariana Mora;Inclusiones;Correo;Solicitud;Normal
71734;Cerrado;Incapaz de completar la boleta de Perfil de Ingreso 2026;46070,47292;46071,31944;Estudiante;Carlos Calvo;Atención personalizada a usuarios;Correo;Solicitud;Normal
71735;Cerrado;Problemas con Tec Digital;46070,47917;46101,42222;Estudiante;Mariana Mora;Solicitud de información de la plataforma;Correo;Solicitud;Normal
71736;Cerrado;Acceso al TEC Digital;46070,48194;46070,48194;Estudiante;Mariana Mora;Acceso a la plataforma TEC Digital;Teléfono;Solicitud;Normal
71737;Cerrado;Hola, no puedo ingresar al tec digital, Isaac Ben…;46070,50069;46071,33125;Externo;Carlos Calvo;Acceso a la plataforma TEC Digital;Correo;Solicitud;Normal
71738;Cerrado;Solicitud de inclusión en curso;46070,50694;46070,575;Profesor FundaTEC;Carlos Calvo;Agregar/cambiar asociación de profesor a curso;Correo;Solicitud;Normal
71739;Cerrado;Inclusión GTH 1;46070,53819;46070,57917;Estudiante;Carlos Calvo;Inclusiones;Correo;Solicitud;Normal
71740;Cerrado;RV: Consulta de matrícula por inclusión del curso de proyecto de graduación;46070,54444;46091,32917;Administrativo;Carlos Calvo;Inclusiones;Correo;Solicitud;Normal
71741;Cerrado;Re: [Centro de Ayuda del TEC Digital] Actualización: Información de curso;46070,54861;46070,58611;Estudiante;Carlos Calvo;Atención personalizada a usuarios;Correo;Solicitud;Normal
71742;Cerrado;Acceso TEC Digital;46070,55694;46070,63611;Externo;Carlos Calvo;Activar cuentas de usuario;Correo;Solicitud;Normal
71743;Cerrado;Acceso a turnitin;46070,56875;46070,59028;Profesor;Carlos Calvo;Control de plagio;Correo;Solicitud;Normal
71744;Cerrado;agregar a curso;46070,57569;46070,57569;Profesor;Carlos Calvo;Agregar/cambiar asociación de profesor a curso;Correo;Solicitud;Normal
71745;Cerrado;RE: Acceso a turnitin;46070,57708;46070,59097;Profesor;Carlos Calvo;Control de plagio;Correo;Solicitud;Normal
71746;Cerrado;Soliictud de cambio de profesores en el sistema;46070,58264;46070,60278;Profesor;Carlos Calvo;Agregar/cambiar asociación de profesor a curso;Correo;Solicitud;Normal
71747;Cerrado;Agregar estudiantes a cátedra;46070,59306;46070,60764;Profesor;Carlos Calvo;Actualizar miembros de comunidades;Correo;Solicitud;Normal
71748;Cerrado;cambio de numero de telefono;46070,59722;46070,59722;Estudiante;Carlos Calvo;Cambiar información personal;Presencial;Solicitud;Normal
71749;Cerrado;Consulta sobre retiro de curso e inconveniente en proceso de inclusión;46070,60556;46071,31667;Estudiante;Carlos Calvo;Inclusiones;Correo;Solicitud;Normal
71751;Cerrado;RV: Acceso restringido en gestión de inclusión;46070,65139;46070,67917;Administrativo;Carlos Calvo;Inclusiones;Correo;Solicitud;Normal
71752;Cerrado;RV: Consulta sobre el proceso de inclusión;46070,65208;46070,68056;Estudiante;Carlos Calvo;Inclusiones;Correo;Solicitud;Normal
71753;Cerrado;Solicitud;46070,65417;46070,68681;Profesor;Carlos Calvo;Carpetas/Documentos;Correo;Solicitud;Normal
71754;Cerrado;Inclusiones;46070,68333;46070,68333;Estudiante;Carlos Calvo;Inclusiones;Correo;Solicitud;Normal
71755;Cerrado;Problemas con el correo del tecdigital;46070,72917;46071,43403;Estudiante;Carlos Calvo;Cambio de contraseña;Correo;Solicitud;Normal
71756;Cerrado;Actualizar miembros de Estática 2109;46070,80625;46071,325;Profesor;Carlos Calvo;Actualizar miembros de comunidades;Correo;Solicitud;Normal
71757;Cerrado;Error en sistema de inclusión;46070,83958;46071,38472;Estudiante;Carlos Calvo;Inclusiones;Correo;Solicitud;Normal
71758;Cerrado;Borrado de carpetas que no se usan;46070,85;46073,31944;Profesor;Carlos Calvo;Carpetas/Documentos;Correo;Solicitud;Normal
71759;Cerrado;Solicitud de creación de grupos;46070,85;46072,69861;Administrativo;Carlos Calvo;Creación cursos FundaTEC;Correo;Solicitud;Normal
71760;Cerrado;Consulta;46070,86042;46071,33403;Estudiante;;;;;'-
71762;Cerrado;Consulta;46070,8625;46071,33472;Estudiante;Carlos Calvo;Atención personalizada a usuarios;Correo;Solicitud;Normal
71763;Cerrado;Solicitud acceso a Turnitin;46071,16736;46071,32917;Profesor;Carlos Calvo;Control de plagio;Correo;Solicitud;Normal
71765;Cerrado;Inconveniente con el sistema de inclusiones;46071,30625;46071,33611;Estudiante;Carlos Calvo;Inclusiones;Correo;Solicitud;Normal
71766;Cerrado;Corregir nombre;46071,33264;46071,48889;Administrativo FundaTEC;Carlos Calvo;Cambiar información personal;Correo;Solicitud;Normal
71767;Cerrado;Uso de plataforma para asistentes;46071,33333;46071,33889;Profesor;Carlos Calvo;Solicitud de capacitación;Correo;Solicitud;Normal
71768;Cerrado;Problema con página de inicio;46071,35;46071,40069;Estudiante;Carlos Calvo;Atención personalizada a usuarios;Correo;Solicitud;Normal
71769;Cerrado;Correo a estudiantes TEC;46071,35556;46071,4125;Administrativo;Carlos Calvo;Envío de comunicados a comunidades;Correo;Solicitud;Normal
71770;Cerrado;ACTUALIZACIÓN COMUNIDAD DE CÁLCULO Y ÁLGEBRA LINEAL;46071,35625;46071,43542;Profesor;Carlos Calvo;Actualizar miembros de comunidades;Correo;Solicitud;Normal
71771;Cerrado;Consulta sobre correos de carrera;46071,375;46084,48542;Estudiante;Carlos Calvo;Agregar/cambiar asociación de usuario a comunidad;Correo;Solicitud;Normal
71772;Cerrado;Curso de Acondicionamiento;46071,37917;46071,42778;Profesor;Carlos Calvo;Agregar/cambiar asociación de profesor a curso;Correo;Solicitud;Normal
71773;Cerrado;Solicitud de ingreso al TEC Digital;46071,39514;46071,49236;Profesor;Carlos Calvo;Agregar/cambiar asociación de profesor a curso;Correo;Solicitud;Normal
71774;Cerrado;cambio de comunidad;46071,39861;46071,39861;Estudiante;Carlos Calvo;Agregar/cambiar asociación de usuario a comunidad;Presencial;Solicitud;Normal
71775;Cerrado;RV: Consulta;46071,41458;46071,42361;Administrativo;Carlos Calvo;Inclusiones;Correo;Solicitud;Normal
71776;Cerrado;Activación cuenta TEC Digital;46071,42083;46071,47917;Estudiante;Carlos Calvo;Activar cuentas de usuario;Correo;Solicitud;Normal
71777;Cerrado;Apertura al TEC Digital;46071,43889;46071,48681;Administrativo;Carlos Calvo;Creación de curso;Correo;Solicitud;Normal
71778;Cerrado;Necesito cambiar una comunidad por cambio de carrera;46071,45833;46071,46458;Estudiante;Carlos Calvo;Agregar/cambiar asociación de usuario a comunidad;Correo;Solicitud;Normal
71779;Cerrado;Envío de convocatoria de Estudiantes Campus Central para Proyecto;46071,45903;46072,32778;Profesor;Carlos Calvo;Envío de comunicados a comunidades;Correo;Solicitud;Normal
71780;Cerrado;Solicito que me agreguen a la cátedra de Matemática general;46071,4625;46071,48472;Estudiante;Carlos Calvo;Agregar/cambiar asociación de usuario a comunidad;Correo;Solicitud;Normal
71781;Cerrado;Solicito que me agreguen a la cátedra de química ll;46071,46389;46071,48472;Estudiante;Carlos Calvo;Agregar/cambiar asociación de usuario a comunidad;Correo;Solicitud;Normal
71782;Cerrado;Soporte Tecdigital;46071,46458;46071,59097;Estudiante;Carlos Calvo;Activar cuentas de usuario;Correo;Solicitud;Normal
71783;Cerrado;Falla sobre envío de mensajes;46071,46736;46071,54722;Profesor;Carlos Calvo;Problemas con correos;Correo;Solicitud;Normal
71784;Cerrado;Favor incluir estudiante;46071,49861;46072,32014;Estudiante;Carlos Calvo;Agregar/cambiar asociación de usuario a comunidad;Correo;Solicitud;Normal
71785;Cerrado;Ingreso al TEC Digital (Creación de usuarios);46071,54167;46071,55625;Administrativo FundaTEC;Carlos Calvo;Creación de usuarios FundaTEC;Correo;Solicitud;Normal
71786;Cerrado;Solicitud de incorporación de estudiantes – Comunidad Matemática General (TEC Digital);46071,54792;46071,57778;Profesor;Carlos Calvo;Actualizar miembros de comunidades;Correo;Solicitud;Normal
71787;Cerrado;capacitación uso del tec digital;46071,56667;46071,58056;Estudiante;Carlos Calvo;Solicitud de capacitación;Correo;Solicitud;Normal
71788;Cerrado;Cuenta TEC Digital;46071,56875;46072,32014;Estudiante;Carlos Calvo;Activar cuentas de usuario;Correo;Solicitud;Normal
71789;Cerrado;activar cuenta;46071,57847;46071,57847;Estudiante;Carlos Calvo;Activar cuentas de usuario;Correo;Incidente;Normal
71790;Cerrado;RV: Consulta sobre el proceso de inclusión;46071,58889;46071,59306;Administrativo;Carlos Calvo;Inclusiones;Correo;Solicitud;Normal
71791;Cerrado;Solicitud apertura TEC Digital: FUNDAMENTOS 6 SIGMA P126 G1;46071,62847;46071,65139;Administrativo FundaTEC;Carlos Calvo;Creación cursos FundaTEC;Correo;Solicitud;Normal
71792;Cerrado;Solicitud apertura TEC Digital: FUNDAMENTOS 6 SIGMA P126 G2;46071,63125;46071,66528;Administrativo FundaTEC;Carlos Calvo;Creación de usuarios FundaTEC;Correo;Solicitud;Normal
71793;Cerrado;Colaboración para agregar personas tutoras de Física General;46071,66597;46071,68958;Profesor;Carlos Calvo;Agregar/cambiar asociación de usuario a comunidad;Correo;Solicitud;Normal
71794;Cerrado;Problema TecDigital;46071,66944;46072,43056;Estudiante;Carlos Calvo;Atención personalizada a usuarios;Correo;Solicitud;Normal
71795;Cerrado;agregar a cursos;46071,67431;46071,67431;Profesor;Carlos Calvo;Agregar/cambiar asociación de profesor a curso;Teléfono;Solicitud;Normal
71796;Cerrado;Cambio de Comunidad;46071,69722;46072,32986;Estudiante;Mariana Mora;Agregar/cambiar asociación de usuario a comunidad;Correo;Solicitud;Normal
71797;Cerrado;Solicito que me agreguen a la cátedra de Laboratorio de química ll;46071,7;46072,33472;Estudiante;Mariana Mora;Agregar/cambiar asociación de usuario a comunidad;Correo;Solicitud;Normal
71798;Cerrado;RE: [Centro de Ayuda del TEC Digital];46071,72083;46072,33611;Profesor;Carlos Calvo;Actualizar miembros de comunidades;Correo;Solicitud;Normal
71800;Cerrado;Restablecimiento de Contraseña;46072,40764;46072,41111;Administrativo FundaTEC;Mariana Mora;Acceso a la plataforma TEC Digital;Correo;Solicitud;Normal
71801;Cerrado;Ingreso al TEC Digital (Creación de usuarios);46072,42431;46072,44028;Administrativo FundaTEC;Mariana Mora;Creación de usuarios FundaTEC;Correo;Solicitud;Normal
71802;Cerrado;Solicitud apertura TEC Digital: MATEMÁTICA P126 G1;46072,43125;46072,45625;Administrativo FundaTEC;Mariana Mora;Creación cursos FundaTEC;Correo;Solicitud;Normal
71803;Cerrado;Solicitud apertura TEC Digital: MATEMÁTICA P126 G2;46072,43125;46072,45694;Administrativo FundaTEC;Mariana Mora;Creación cursos FundaTEC;Correo;Solicitud;Normal
71804;Cerrado;Acceso al TEC Digital;46072,46389;46072,46389;Estudiante;Mariana Mora;Activar cuentas de usuario;Teléfono;Solicitud;Normal
71805;Cerrado;Solicitud apertura TEC Digital: LIDERAZGO P126 G2;46072,46875;46072,59236;Administrativo FundaTEC;Mariana Mora;Creación cursos FundaTEC;Correo;Solicitud;Normal
71806;Cerrado;Solicitud apertura TEC Digital: LIDERAZGO P126 G1;46072,46875;46072,59306;Administrativo FundaTEC;Mariana Mora;Creación cursos FundaTEC;Correo;Solicitud;Normal
71807;Cerrado;Problemas con mi correo;46072,47361;46072,49306;Estudiante;Carlos Calvo;Problemas con correos;Correo;Solicitud;Normal
71808;Cerrado;Solicitud de inclusión en plataforma de cursos;46072,48542;46072,49653;Profesor;Carlos Calvo;Agregar/cambiar asociación de profesor a curso;Correo;Solicitud;Normal
71809;Cerrado;Cátedra de Dibujo Industrial;46072,49028;46072,675;Director/Coordinador;Carlos Calvo;Actualizar miembros de comunidades;Correo;Solicitud;Normal
71810;Cerrado;Agregar estudiante a comunidad;46072,50347;46072,55;Director/Coordinador;Carlos Calvo;Agregar/cambiar asociación de usuario a comunidad;Correo;Solicitud;Normal
71811;Cerrado;Cambio de carrera;46072,55694;46072,59167;Estudiante;Carlos Calvo;Agregar/cambiar asociación de usuario a comunidad;Correo;Solicitud;Normal
71812;Cerrado;Reporte de fallo en plataforma - Sandy Paola Pinzón Zea- Carné 2026801016;46072,57292;46072,58611;Estudiante;Carlos Calvo;Acceso a la plataforma TEC Digital;Correo;Solicitud;Normal
71813;Cerrado;Ingreso al TEC Digital;46072,58333;46072,58958;Administrativo FundaTEC;Carlos Calvo;Creación cursos FundaTEC;Correo;Solicitud;Normal
71814;Cerrado;agregar estudiantes a cursu;46072,58472;46072,58472;Profesor;Carlos Calvo;Agregar/cambiar asociación de estudiante a curso;Teléfono;Solicitud;Normal
71815;Cerrado;Actualización de carrera;46072,59583;46072,59583;Estudiante;Mariana Mora;Atención personalizada a usuarios;Teléfono;Solicitud;Normal
71816;Cerrado;Inclusión a Cátedra de Resistencia de Materiales;46072,60694;46072,60694;Estudiante;Mariana Mora;Agregar/cambiar asociación de usuario a comunidad;Presencial;Solicitud;Normal
71817;Cerrado;Problemas para llenar una boleta de primer ingreso.;46072,61111;46073,38125;Estudiante;Carlos Calvo;Atención personalizada a usuarios;Correo;Solicitud;Normal
71818;Cerrado;Acceso al TEC Digital;46072,61458;46072,61458;Estudiante;Mariana Mora;Acceso a la plataforma TEC Digital;Teléfono;Solicitud;Normal
71819;Cerrado;Agregar estudiantes a cátedra;46072,63472;46072,64097;Profesor;Carlos Calvo;Agregar/cambiar asociación de usuario a comunidad;Correo;Solicitud;Normal
71820;Cerrado;INCORPORACION EN CURSOS;46072,65278;46072,66667;Administrativo;Mariana Mora;Agregar/cambiar asociación de profesor a curso;Correo;Solicitud;Normal
71821;Cerrado;Actualización de cursos;46072,80556;46073,39028;Estudiante;Carlos Calvo;Atención personalizada a usuarios;Correo;Solicitud;Normal
71822;Cerrado;Acceso a microsoft online;46072,82292;46073,39653;Estudiante;Carlos Calvo;Atención personalizada a usuarios;Correo;Solicitud;Normal
71823;Cerrado;Solicitud de apertura de cuenta de correo y acceso a TEC Digital;46072,97431;46073,39722;Profesor;;;Correo;Solicitud;'-
71825;Cerrado;Fw: Solicitud de apertura de cuenta de correo y acceso a TEC Digital;46073,30972;46073,41736;Profesor;Carlos Calvo;Activar cuentas de usuario;Correo;Solicitud;Normal
71826;Cerrado;Fw: Contacto_asistente_IS2026;46073,31042;46073,40139;Estudiante;Carlos Calvo;Agregar/cambiar asociación de estudiante a curso;Correo;Solicitud;Normal
71827;Cerrado;Ingreso al TEC Digital;46073,32222;46073,41736;Administrativo FundaTEC;Carlos Calvo;Creación de usuarios FundaTEC;Correo;Solicitud;Normal
71828;Cerrado;Problema con mi correo;46073,34375;46073,41875;Estudiante;Carlos Calvo;Atención personalizada a usuarios;Correo;Solicitud;Normal
71829;Cerrado;RE: Contacto_asistente_IS2026;46073,35903;46073,41944;Estudiante;Carlos Calvo;Agregar/cambiar asociación de estudiante a curso;Correo;Solicitud;Normal
71830;Cerrado;Consulta Urgente Lic - TEC Digital;46073,36319;46073,44722;Estudiante;Carlos Calvo;Agregar/cambiar asociación de usuario a comunidad;Correo;Solicitud;Normal
71831;Cerrado;Clave de formulario;46073,44861;46073,44861;Estudiante;Carlos Calvo;Atención personalizada a usuarios;Correo;Solicitud;Normal
71832;Cerrado;Envío aviso estudiantes;46073,45347;46073,56458;Administrativo;Carlos Calvo;Envío de comunicados a lista seleccionada;Correo;Solicitud;Normal
71833;Cerrado;Solicitud de inclusión a la comunidad de Cálculo Superior;46073,47083;46073,49722;Director/Coordinador;Mariana Mora;Agregar/cambiar asociación de usuario a comunidad;Correo;Solicitud;Normal
71834;Cerrado;Visibilidad de solicitud de inclusión;46073,48472;46073,48472;Estudiante;Mariana Mora;Inclusiones;Teléfono;Solicitud;Normal
71835;Cerrado;Error en página principal;46073,49931;46073,49931;Profesor;Mariana Mora;Atención personalizada a usuarios;Teléfono;Solicitud;Normal
71836;Cerrado;Solicitud de archivo;46073,54236;46073,57569;Profesor;Carlos Calvo;Inclusiones;Correo;Solicitud;Normal
71837;Cerrado;Actualización de carrera;46073,56319;46073,56319;Estudiante;Mariana Mora;Atención personalizada a usuarios;Presencial;Solicitud;Normal
71838;Cerrado;Re: Solicitud de archivo;46073,56875;46073,57431;;;Inclusiones;;;'-
71839;Cerrado;Error para ver una clase grabada subida en documentos;46073,58403;46073,59097;Estudiante;Carlos Calvo;Atención personalizada a usuarios;Correo;Solicitud;Normal
71840;Cerrado;RE: Solicitud de archivo;46073,58472;46073,59167;;;Inclusiones;;;'-
71841;Cerrado;Re: Solicitud de archivo;46073,58889;46084,63889;Administrativo;Carlos Calvo;Inclusiones;Correo;Solicitud;Normal
71842;Cerrado;Ingreso al TEC Digital;46073,59931;46073,60069;Administrativo FundaTEC;Carlos Calvo;Creación de usuarios FundaTEC;Correo;Solicitud;Normal
71843;Cerrado;Ingreso al TEC Digital;46073,6;46073,60694;Administrativo FundaTEC;Mariana Mora;Creación de usuarios FundaTEC;Correo;Solicitud;Normal
71844;Cerrado;Cambio de permisos en carpetas;46073,60139;46073,60139;Administrativo FundaTEC;Mariana Mora;Carpetas/Documentos;Teléfono;Solicitud;Normal
71845;Cerrado;Por favor eliminar estudiante del TECDIGITAL, Raquel Fonseca Vargas;46073,60347;46073,63542;Administrativo FundaTEC;Mariana Mora;Agregar/cambiar asociación de estudiante a curso;Correo;Solicitud;Normal
71846;Cerrado;Ingreso al TEC Digital;46073,61597;46073,63472;Administrativo FundaTEC;Mariana Mora;Creación de usuarios FundaTEC;Correo;Solicitud;Normal
71847;Cerrado;Añadir estudiantes a comunidad;46073,62083;46073,62083;Estudiante;Mariana Mora;Agregar/cambiar asociación de usuario a comunidad;Teléfono;Solicitud;Normal
71848;Cerrado;Archivos Excel para TEC Digital de programas Inglés TEC I bimestre 2026;46073,62778;46073,65278;;;;;Solicitud;'-
71849;Cerrado;Archivos Excel para TEC Digital de programas Inglés TEC I bimestre 2026;46073,62778;46076,57986;Administrativo FundaTEC;Carlos Calvo;Creación cursos FundaTEC;Correo;Solicitud;Normal
71850;Cerrado;Acceso Cátedras tecDigital;46073,62917;46073,68194;Estudiante;Mariana Mora;Agregar/cambiar asociación de usuario a comunidad;Correo;Solicitud;Normal
71851;Cerrado;RE: Solicitud de ayuda para divulgación para asistencia;46073,6625;46073,68681;Administrativo;Carlos Calvo;Envío de comunicados a lista seleccionada;Correo;Solicitud;Normal
71852;Cerrado;Añadir estudiantes a la Cátedra de Dibujo Industrial;46073,67708;46077,54861;Profesor;Carlos Calvo;Agregar/cambiar asociación de usuario a comunidad;Correo;Solicitud;Normal
71853;Cerrado;cambio de apellidos;46073,67708;46073,67708;Estudiante;Carlos Calvo;Cambiar información personal;Correo;Solicitud;Normal
71854;Cerrado;agregar nombre;46073,67917;46073,67917;Estudiante;Carlos Calvo;Cambiar información personal;Correo;Solicitud;Normal
71855;Cerrado;Problemas de acceso a TEC Digital - Juan Alpízar (Carné 2016131839);46073,69653;46076,68611;Estudiante;Carlos Calvo;Atención personalizada a usuarios;Correo;Solicitud;Normal
71856;Cerrado;Nota Corriente Alterna;46073,69792;46076,58819;Estudiante FundaTEC;Mariana Mora;Evaluaciones;Formulario web;Solicitud;Normal
71857;Cerrado;Problemas con mi contraseña;46073,72083;46084,58958;Externo;Carlos Calvo;Acceso a la plataforma TEC Digital;Correo;Solicitud;Normal
71859;Cerrado;Pregunta sobre póliza estudiantil;46074,57083;46076,58889;Estudiante;Carlos Calvo;Inclusiones;Correo;Solicitud;Normal
71860;Cerrado;Solicitud de Acceso a Turnitin;46074,73681;46076,32361;Profesor;Carlos Calvo;Control de plagio;Correo;Solicitud;Normal
71862;Cerrado;Verificación;46075,56806;46076,59167;Estudiante;Mariana Mora;Atención personalizada a usuarios;Correo;Solicitud;Normal
71863;Cerrado;Acceso al TEC Digital;46075,60417;46076,59097;Profesor;Carlos Calvo;Activar cuentas de usuario;Correo;Solicitud;Normal
71864;Cerrado;Problemas con accesos a cuenta TEC;46075,68542;46076,59514;Estudiante;Carlos Calvo;Atención personalizada a usuarios;Correo;Solicitud;Normal
71865;Cerrado;Notificacion;46075,7375;46076,59444;Estudiante;Mariana Mora;Evaluaciones;Formulario web;Solicitud;Normal
71866;Cerrado;Actualización datos por cambio de carrera;46076,25347;46076,60833;Estudiante;Mariana Mora;Atención personalizada a usuarios;Formulario web;Solicitud;Normal
71867;Cerrado;agregar a curso;46076,32222;46076,32222;Estudiante;Carlos Calvo;Agregar/cambiar asociación de estudiante a curso;Teléfono;Solicitud;Normal
71868;Cerrado;Incorporar usuario a estos cursos.;46076,32986;46076,37778;Administrativo;Carlos Calvo;Agregar/cambiar asociación de profesor a curso;Correo;Solicitud;Normal
71869;Cerrado;Agregar administradores a cursos Bimestre 2-2026;46076,33333;46076,46875;Administrativo;Carlos Calvo;Agregar/cambiar asociación de profesor a curso;Correo;Solicitud;Normal
71870;Cerrado;INCORPORACION EN CURSOS AE;46076,33403;46079,64931;Profesor;Carlos Calvo;Agregar/cambiar asociación de profesor a curso;Correo;Solicitud;Normal
71872;Cerrado;RE: INCORPORACION EN CURSOS AE;46076,34167;46076,66181;Director/Coordinador;Carlos Calvo;Agregar/cambiar asociación de profesor a curso;Correo;Solicitud;Normal
71873;Cerrado;RE: Solicitud de ayuda para divulgación para asistencia;46076,34306;46076,66319;Administrativo;Carlos Calvo;Envío de comunicados a lista seleccionada;Correo;Solicitud;Normal
71874;Cerrado;Activación del la cuenta del Tec Digital;46076,34583;46078,41597;Estudiante;Carlos Calvo;Acceso a la plataforma TEC Digital;Correo;Solicitud;Normal
71875;Cerrado;RE: Agregar administradores a cursos Bimestre 2-2026;46076,36528;46076,61458;Administrativo;Mariana Mora;Agregar/cambiar asociación de profesor a curso;Correo;Solicitud;Normal
71876;Cerrado;Solicitud de colaboración con cursos de laboratorio de Física;46076,37917;46079,38264;Director/Coordinador Colegio Científico;Mariana Mora;Creación curso Colegio Científico;Correo;Solicitud;Normal
71877;Cerrado;Inclusión;46076,38333;46076,38333;Estudiante;Pamela Varela;Gestor de inscripción;Presencial;Solicitud;Normal
71878;Cerrado;Actulaización catedra curso Ecuacionea difrenciales;46076,42222;46076,67708;Director/Coordinador;Carlos Calvo;Actualizar miembros de comunidades;Correo;Solicitud;Normal
71879;Cerrado;ACTIVAR CUENTA;46076,43403;46076,43403;Estudiante;Carlos Calvo;Activar cuentas de usuario;Teléfono;Solicitud;Normal
71880;Cerrado;No puedo entrar al tecdigital;46076,44653;46076,68611;Estudiante;Carlos Calvo;Atención personalizada a usuarios;Correo;Solicitud;'-
71881;Cerrado;Solicitud apertura TEC Digital: EXCEL AVANZADO 1 P425 GR 2 B I 2026;46076,49653;46076,65278;Administrativo FundaTEC;Mariana Mora;Creación cursos FundaTEC;Correo;Solicitud;Normal
71882;Cerrado;Solicitud de acceso a Sharepoint.;46076,51319;46076,62014;Estudiante;Mariana Mora;Atención personalizada a usuarios;Correo;Solicitud;Normal
71883;Cerrado;Divulgar;46076,54861;46076,67431;Administrativo;Carlos Calvo;Envío de comunicados a comunidades;Correo;Solicitud;Normal
71884;Cerrado;Actualización de cursos;46076,57083;46076,65556;;;;;;'-
71885;Cerrado;Incorporación de profesor en comunidad.;46076,57708;46076,63958;Director/Coordinador;Mariana Mora;Agregar/cambiar asociación de usuario a comunidad;Formulario web;Solicitud;Normal
71886;Cerrado;Correccion de nombre;46076,58125;46076,58125;Estudiante;Carlos Calvo;Cambiar información personal;Presencial;Solicitud;Normal
71887;Cerrado;Ingreso al TEC Digital;46076,58819;46076,65833;Administrativo FundaTEC;Mariana Mora;Creación de usuarios FundaTEC;Correo;Solicitud;Normal
71888;Cerrado;Acceso al Tec Digital;46076,61528;46076,66806;Estudiante;Mariana Mora;Acceso a la plataforma TEC Digital;Correo;Solicitud;Normal
71889;Cerrado;Actualización de cursos;46076,62917;46076,66389;Estudiante;Mariana Mora;Inclusiones;Formulario web;Solicitud;Normal
71890;Cerrado;Solicitud de asignación de grupos en TEC Digital;46076,63264;46076,65486;Director/Coordinador;Mariana Mora;Agregar/cambiar asociación de profesor a curso;Correo;Solicitud;Normal
71891;Cerrado;Acceso a la plataforma;46076,63333;46077,36597;Profesor;Mariana Mora;Acceso a la plataforma TEC Digital;Correo;Solicitud;Normal
71892;Cerrado;actualización Cátedra Física General I;46076,65764;46076,66042;Profesor;Mariana Mora;Agregar/cambiar asociación de usuario a comunidad;Correo;Solicitud;Normal
71893;Cerrado;Ayuda para entrar a la plataforma TEC-Digital;46076,66875;46076,675;;;;;;'-
71894;Cerrado;Ayuda para el acceso a la plataforma;46076,67014;46076,67639;Estudiante;Carlos Calvo;Cambio de contraseña;Correo;Solicitud;Normal
71895;Cerrado;Acceso al TEC Digital;46076,68958;46076,68958;Estudiante;Mariana Mora;Acceso a la plataforma TEC Digital;Teléfono;Solicitud;Normal
71896;Cerrado;Acceso Tec Digital;46076,73958;46077,31458;Estudiante;Carlos Calvo;Activar cuentas de usuario;Correo;Solicitud;Normal
71897;Cerrado;Solicitud para añadirme a la comunidad;46076,77361;46077,31667;Estudiante;Carlos Calvo;Agregar/cambiar asociación de usuario a comunidad;Correo;Solicitud;Normal
71898;Cerrado;Consulta inclusión y reflejo de cursos;46076,77778;46077,44583;Estudiante;Carlos Calvo;Agregar/cambiar asociación de estudiante a curso;Correo;Solicitud;Normal
71899;Cerrado;Ayuda no puedo ingresar al correo;46076,87361;46077,31944;Estudiante;Carlos Calvo;Problemas con correos;Correo;Solicitud;Normal
71900;Cerrado;Necesito soporte tecnico;46076,90625;46078,63403;Profesor;Carlos Calvo;Atención personalizada a usuarios;Correo;Solicitud;Normal
71902;Cerrado;Incluir estudiantes en Laboratorio de proyectos I;46077,37847;46077,44583;Profesor;Mariana Mora;Agregar/cambiar asociación de estudiante a curso;Teléfono;Solicitud;Normal
71903;Cerrado;Consulta sobre actualizacion de cursos;46077,41319;46077,42639;Externo;Carlos Calvo;Agregar/cambiar asociación de estudiante a curso;Correo;Solicitud;Normal
71904;Cerrado;Agregar cuentas como profesor asociado en cursos de Tec Digital - II Bimestre 2026;46077,41528;46077,42361;Profesor;Carlos Calvo;Agregar/cambiar asociación de profesor a curso;Correo;Solicitud;Normal
71905;Cerrado;Inclusión a comunidades;46077,42083;46077,42083;Profesor;Mariana Mora;Agregar/cambiar asociación de usuario a comunidad;Teléfono;Solicitud;Normal
71906;Cerrado;acceso plataforma;46077,43333;46077,44792;Estudiante;Mariana Mora;Agregar/cambiar asociación de estudiante a curso;Correo;Solicitud;Normal
71907;Cerrado;Ingreso al TEC Digital;46077,43611;46077,44514;Administrativo FundaTEC;Mariana Mora;Creación de usuarios FundaTEC;Correo;Solicitud;Normal
71908;Cerrado;Problemas recurrentes con la matrícula;46077,475;46077,57292;Administrativo;Carlos Calvo;Agregar/cambiar asociación de estudiante a curso;Correo;Solicitud;Normal
71909;Cerrado;Ayuda para ingreso a la plataforma;46077,49375;46077,55903;Estudiante;Carlos Calvo;Agregar/cambiar asociación de estudiante a curso;Correo;Solicitud;Normal
71910;Cerrado;ayuda para ingreso;46077,52014;46077,55069;Estudiante;Carlos Calvo;Agregar/cambiar asociación de estudiante a curso;Correo;Solicitud;Normal
71911;Cerrado;Ingreso al TEC Digital;46077,55208;46077,56597;Administrativo FundaTEC;Carlos Calvo;Creación de usuarios FundaTEC;Correo;Solicitud;Normal
71912;Cerrado;Actualización cursos tec digital;46077,56528;46077,56736;Estudiante;Carlos Calvo;Inclusiones;Correo;Solicitud;Normal
71913;Cerrado;Solicitud de Turnitin;46077,59236;46077,61458;Profesor;Carlos Calvo;Control de plagio;Correo;Solicitud;Normal
71914;Cerrado;Actualizacion Cátedra Física General I;46077,80556;46078,42361;Profesor;Carlos Calvo;Actualizar miembros de comunidades;Correo;Solicitud;Normal
71915;Cerrado;Consulta;46077,80833;46078,375;;;;;;'-
71916;Cerrado;Re: Consulta;46078,28611;46078,37569;;;;Correo;;'-
71917;Cerrado;RE: Consulta;46078,32153;46078,40417;Director/Coordinador;Carlos Calvo;Asignación de permisos especiales;Correo;Solicitud;Normal
71918;Cerrado;Boleta perfil de ingreso 2026;46078,33542;46079,28472;Estudiante;Carlos Calvo;Atención personalizada a usuarios;Correo;Solicitud;Normal
71919;Cerrado;Ingreso al TEC Digital;46078,37708;46078,38403;Administrativo FundaTEC;Carlos Calvo;Creación de usuarios FundaTEC;Correo;Solicitud;Normal
71921;Cerrado;Problemas de acceso a TEC Digital – Usuario y contraseña inválidos;46078,38403;46078,40417;Estudiante;Carlos Calvo;Acceso a la plataforma TEC Digital;Correo;Solicitud;Normal
71922;Cerrado;Consulta;46078,39444;46078,44583;Administrativo;Carlos Calvo;Activar cuentas de usuario;Correo;Solicitud;Normal
71923;Cerrado;Agregar estudiante a cátedra de cálculo superior;46078,39722;46079,32014;Profesor;Carlos Calvo;Agregar/cambiar asociación de usuario a comunidad;Correo;Solicitud;Normal
71924;Cerrado;Comunidad estudiantes de ingeniería en Materiales;46078,41806;46078,44653;Estudiante;Carlos Calvo;Agregar/cambiar asociación de usuario a comunidad;Correo;Solicitud;Normal
71925;Cerrado;Cambio de profesor de curso;46078,44653;46078,45069;Estudiante;Carlos Calvo;Agregar/cambiar asociación de profesor a curso;Correo;Solicitud;Normal
71926;Cerrado;Ingreso al TEC Digital;46078,45417;46078,4625;Administrativo FundaTEC;Carlos Calvo;Creación de usuarios FundaTEC;Correo;Solicitud;Normal
71927;Cerrado;Problemas con el dominio TEC;46078,46806;46078,47083;Estudiante;Carlos Calvo;Atención personalizada a usuarios;Correo;Solicitud;Normal
71928;Cerrado;Agregar estudiantes de grupo de inclusión Resistencia de Materiales a la cátedra.;46078,46875;46078,47222;Profesor;Carlos Calvo;Actualizar miembros de comunidades;Correo;Solicitud;Normal
71929;Cerrado;RV: MDE - Matrícula 2° bimestre 2026 - Gerencia de Logística y Cadena de Suministros;46078,47222;46079,55208;Estudiante;Carlos Calvo;Agregar/cambiar asociación de estudiante a curso;Correo;Solicitud;Normal
71930;Cerrado;Usuario de teams;46078,49236;46078,55833;Estudiante;Carlos Calvo;Atención personalizada a usuarios;Correo;Solicitud;Normal
71931;Cerrado;Solicitud de apertura de curso - TECDIGITAL;46078,49792;46078,59722;;;;;;'-
71932;Cerrado;Solicitud de cuentas y cambios.;46078,49792;46078,59861;Administrativo;Carlos Calvo;Asignación de permisos especiales;Correo;Solicitud;Normal
71933;Cerrado;Necesito cambiar una comunidad por cambio de carrera;46078,53403;46079,29375;Estudiante;Carlos Calvo;Agregar/cambiar asociación de usuario a comunidad;Correo;Solicitud;Normal
71934;Cerrado;Solicitud de apertura de curso - TECDIGITAL;46078,55556;46080,47847;Profesor;Carlos Calvo;Creación cursos FundaTEC;Correo;Solicitud;Normal
71935;Cerrado;Solicitud actualización de grupos;46078,58125;46079,32778;Profesor;Carlos Calvo;Agregar/cambiar asociación de profesor a curso;Correo;Solicitud;Normal
71936;Cerrado;Inclusión;46078,58889;46079,33403;Estudiante;Carlos Calvo;Inclusiones;Correo;Solicitud;Normal
71937;Cerrado;Divulgar en la comunidad de San José;46078,59028;46078,60833;Administrativo;Carlos Calvo;Envío de comunicados a lista seleccionada;Correo;Solicitud;Normal
71938;Cerrado;Cambio de docente;46078,6125;46078,63333;Administrativo;Carlos Calvo;Agregar/cambiar asociación de profesor a curso;Correo;Solicitud;Normal
71939;Cerrado;Problema al ingresar al TEC digital;46078,72083;46084,47847;Estudiante;Carlos Calvo;Acceso a la plataforma TEC Digital;Correo;Solicitud;Normal
71940;Cerrado;Correo institucional y TECDigital;46078,77778;46080,31528;Externo;Carlos Calvo;Acceso a la plataforma TEC Digital;Correo;Solicitud;Normal
71941;Cerrado;Por accidente pulse un boton del curso de fundamen...;46078,85625;46079,28889;Estudiante;Carlos Calvo;Agregar/cambiar asociación de estudiante a curso;Correo;Solicitud;Normal
71942;Cerrado;Toque el boton de darse de baja por accidente;46078,85903;46079,28958;Estudiante;Carlos Calvo;Agregar/cambiar asociación de estudiante a curso;Correo;Solicitud;Normal
71943;Cerrado;Acceso a plataforma tec digital;46078,89722;46079,55069;Estudiante;Carlos Calvo;Activar cuentas de usuario;Correo;Solicitud;Normal
71944;Cerrado;Envió de lista de asistentes;46079,36875;46079,39514;Administrativo;Carlos Calvo;Agregar/cambiar asociación de estudiante a curso;Correo;Solicitud;Normal
71945;Cerrado;Consulta sobre expediente estudiantil;46079,40625;46079,42222;Estudiante;Mariana Mora;Expediente estudiantil;Correo;Solicitud;Normal
71946;Cerrado;Acceso al TEC Digital;46079,42569;46079,42569;Estudiante;Mariana Mora;Acceso a la plataforma TEC Digital;Presencial;Solicitud;Normal
71947;Cerrado;Ayuda a agregar estudiante a Cátedra;46079,50278;46079,55;Profesor;Mariana Mora;Agregar/cambiar asociación de usuario a comunidad;Correo;Solicitud;Normal
71948;Cerrado;Envió aviso estudiantes;46079,55625;46079,62708;Administrativo;Carlos Calvo;Envío de comunicados a lista seleccionada;Correo;Solicitud;Normal
71949;Cerrado;agregar estudiantes a comunidad;46079,57708;46079,57708;Profesor;Carlos Calvo;Agregar/cambiar asociación de estudiante a curso;Chat;Solicitud;Normal
71951;Cerrado;Ingreso al TEC Digital;46079,58542;46079,60278;Administrativo FundaTEC;Carlos Calvo;Cambiar información personal;Correo;Solicitud;Normal
71952;Cerrado;Solicitud de agregar estudiantes a comunidad;46079,69375;46083,44236;Profesor;Carlos Calvo;Agregar/cambiar asociación de usuario a comunidad;Correo;Solicitud;Normal
71953;Cerrado;Problema con visualizar el resultado de las inclusiónes;46079,69653;46080,38194;Estudiante;Carlos Calvo;Inclusiones;Correo;Solicitud;Normal
71954;Cerrado;Ayuda con descarga de matriz de calificación;46079,77083;46084,31736;Profesor FundaTEC;Carlos Calvo;Evaluaciones;Correo;Solicitud;Normal
71955;Cerrado;Ayuda con microsoft authenticator;46079,78958;46080,33542;Estudiante;Carlos Calvo;Problemas con correos;Correo;Solicitud;Normal
71956;Cerrado;Re: [Centro de Ayuda del TEC Digital] Actualización: Re: [Centro de Ayuda del TEC Digital] Actualización: Información de curso;46079,83819;46085,62917;Estudiante;Carlos Calvo;Atención personalizada a usuarios;Correo;Solicitud;Normal
71957;Cerrado;Fwd: Problemas para ingresar a la plataforma TEC Digital;46079,86319;46080,42222;Estudiante;Carlos Calvo;Acceso a la plataforma TEC Digital;Correo;Solicitud;Normal
71958;Cerrado;Solicitud;46080,35347;46080,39792;Profesor;Carlos Calvo;Agregar/cambiar asociación de usuario a comunidad;Correo;Solicitud;Normal
71959;Cerrado;Acceso a curso - Aseguramiento de la calidad del software GR 51;46080,37153;46080,40833;Profesor;Carlos Calvo;Agregar/cambiar asociación de profesor a curso;Correo;Solicitud;Normal
71960;Cerrado;Incorporación de estudiantes nuevos del PTEI al TEC Digital;46080,39375;46080,40833;Administrativo;Carlos Calvo;Creación cursos FundaTEC;Correo;Solicitud;Normal
71961;Cerrado;agregar a subgrupo;46080,39861;46080,39861;Estudiante;Carlos Calvo;Agregar/cambiar asociación de usuario a comunidad;Presencial;Solicitud;Normal
71962;Cerrado;RV: EIE-064-2026 Apertura curso MI3124 Dibujo Industrial;46080,41389;46080,41597;Profesor;Carlos Calvo;Agregar/cambiar asociación de profesor a curso;Correo;Solicitud;Normal
71963;Cerrado;RV: Solicitud de divulgación;46080,49375;46084,32292;Administrativo;Carlos Calvo;Envío de comunicados a comunidades;Correo;Solicitud;Normal
71964;Cerrado;Favor incluir estudiante en el TECDIGITAL;46080,51736;46080,54861;Profesor;Mariana Mora;Agregar/cambiar asociación de usuario a comunidad;Correo;Solicitud;Normal
71965;Cerrado;Solicitud de soporte para acceso a tecDigital;46080,53403;46080,58194;Estudiante;Mariana Mora;Acceso a la plataforma TEC Digital;Correo;Solicitud;Normal
71966;Cerrado;Incluir un estudiante en la cátedra de Física General 3;46080,57083;46080,57847;Estudiante;Carlos Calvo;Agregar/cambiar asociación de usuario a comunidad;Correo;Solicitud;Normal
71969;Cerrado;RE: [Centro de Ayuda del TEC Digital];46080,72917;46083,55486;Profesor;Carlos Calvo;Agregar/cambiar asociación de usuario a comunidad;Correo;Solicitud;Normal
71972;Cerrado;Solicitud de inclusión de estudiantes en la Comunidad de Cálculo Superior (MA-2104);46083,34861;46084,31875;Profesor;Carlos Calvo;Actualizar miembros de comunidades;Correo;Solicitud;Normal
71973;Cerrado;RE: Inclusión aprobada y solicitud de información - MA2104 Gr1;46083,36319;46083,44792;Estudiante;Carlos Calvo;Agregar/cambiar asociación de usuario a comunidad;Correo;Solicitud;Normal
71974;Cerrado;Consulta sobre curso CE2201 - Grupo 2;46083,45;46083,47778;Profesor;Carlos Calvo;Agregar/cambiar asociación de profesor a curso;Correo;Solicitud;Normal
71975;Cerrado;RV: Inclusiones;46083,49375;46083,58264;Director/Coordinador;Mariana Mora;Inclusiones;Correo;Solicitud;Normal
71976;Cerrado;Acceso a facampos@itcr.ac.cr a TECDigital;46083,53889;46083,66528;Administrativo;Carlos Calvo;Activar cuentas de usuario;Correo;Solicitud;Normal
71977;Cerrado;Solicitud de actualizar grupo en comunidad de Escuela de Ingeniería en Computación;46083,56042;46084,61528;Profesor;Carlos Calvo;Agregar/cambiar asociación de usuario a comunidad;Correo;Solicitud;Normal
71978;Cerrado;Consulta sobre solicitud de inclusión;46083,58403;46083,61528;Estudiante;Mariana Mora;Inclusiones;Teléfono;Solicitud;Normal
71979;Cerrado;Inclusiones sin registrar;46083,59167;46083,61458;Estudiante;;;;;'-
71980;Cerrado;Re: [Centro de Ayuda del TEC Digital] Re: Acceso Tec Digital;46083,6;46083,60486;Estudiante;Carlos Calvo;Carpetas/Documentos;Correo;Solicitud;Normal
71981;Cerrado;RE: Solicitud para agregar tutor a comunidad en TEC Digital;46083,60764;46083,61042;Estudiante;Carlos Calvo;Agregar/cambiar asociación de usuario a comunidad;Correo;Solicitud;Normal
71982;Cerrado;Favor comunicar a todos los estudiantes sgte anuncio;46083,64861;46084,32708;Profesor;Carlos Calvo;Envío de comunicados a comunidades;Correo;Solicitud;Normal
71983;Cerrado;Por favor agregar un estudiante a la comunidad de Cálculo para Administración;46083,68333;46084,31667;Profesor;Mariana Mora;Agregar/cambiar asociación de usuario a comunidad;Correo;Solicitud;Normal
71984;Cerrado;Acceso a grupo 18 de Dibujo Técnico;46083,68403;46083,68681;Profesor;Carlos Calvo;Agregar/cambiar asociación de profesor a curso;Correo;Solicitud;Normal
71985;Cerrado;agregar estudiante a una comunidad;46083,69653;46084,32153;Estudiante;Mariana Mora;Agregar/cambiar asociación de usuario a comunidad;Correo;Solicitud;Normal
71987;Cerrado;Cambio de escuela;46083,72083;46084,4625;Estudiante;Carlos Calvo;Atención personalizada a usuarios;Correo;Solicitud;Normal
71988;Cerrado;Problemas con el TEAMS;46083,74097;46084,32708;Estudiante;Mariana Mora;Atención personalizada a usuarios;Correo;Solicitud;Normal
71989;Cerrado;**importante** acceso a las grabaciones de Conta IV lunes noche;46083,85833;46084,32847;Estudiante;Carlos Calvo;Atención personalizada a usuarios;Correo;Solicitud;Normal
71990;Cerrado;Solicitud de inclusión de estudiantes;46084,30417;46084,32847;Profesor;Carlos Calvo;Problemas con correos;Correo;Solicitud;'-
71991;Cerrado;Solicitud de inclusión de estudiantes;46084,30417;46084,47917;Profesor;Mariana Mora;Actualizar miembros de comunidades;Correo;Solicitud;Normal
71992;Cerrado;Solicitud de ayuda en usuario para estudiante Jason Bonilla;46084,44792;46084,45069;Estudiante;Carlos Calvo;Cambio de contraseña FundaTEC;Correo;Solicitud;Normal
71993;Cerrado;Cambio de letra;46084,44861;46084,45208;Administrativo;Carlos Calvo;Atención personalizada a usuarios;Correo;Solicitud;Normal
71994;Cerrado;Inclusión de profesores en curso;46084,45069;46084,45417;Profesor;Carlos Calvo;Agregar/cambiar asociación de profesor a curso;Correo;Solicitud;Normal
71995;Cerrado;Solicitud de ayuda en usuario para estudiante Pablo Campos Serrano;46084,45417;46084,45764;Administrativo;Carlos Calvo;Cambio de contraseña FundaTEC;Correo;Solicitud;Normal
71996;Cerrado;Incorporación de estudiantes tutores en comunidades de Física en tecDigital;46084,59375;46084,60208;Profesor;Carlos Calvo;Agregar/cambiar asociación de usuario a comunidad;Correo;Solicitud;Normal
71997;Cerrado;RV: Ingreso a TEC Digital;46084,59861;46084,60208;Administrativo;Carlos Calvo;Activar cuentas de usuario;Correo;Solicitud;Normal
71998;Cerrado;Corrección de nombre;46084,60764;46084,68889;Administrativo FundaTEC;Carlos Calvo;Cambiar información personal;Correo;Solicitud;Normal
71999;Cerrado;Corregir;46084,62431;46085,37014;Administrativo;Carlos Calvo;Atención personalizada a usuarios;Correo;Solicitud;Normal
72000;Cerrado;Restablecimiento de contraseña a Docente;46084,62778;46084,64375;Administrativo FundaTEC;Carlos Calvo;Cambio de contraseña FundaTEC;Correo;Solicitud;Normal
72001;Cerrado;Solicitud de ajuste de grupos;46084,64028;46084,64583;Estudiante;Carlos Calvo;Agregar/cambiar asociación de estudiante a curso;Correo;Solicitud;Normal
72002;Cerrado;Actualizar cátedra;46084,64097;46084,64722;Profesor;Carlos Calvo;Actualizar miembros de comunidades;Correo;Solicitud;Normal
72003;Cerrado;cambio de nombre;46084,68889;46084,68889;Estudiante;Carlos Calvo;Cambiar información personal;Presencial;Solicitud;Normal
72005;Cerrado;Acceso Cátedra tecDigital;46084,76319;46085,32778;Estudiante;Carlos Calvo;Agregar/cambiar asociación de usuario a comunidad;Correo;Solicitud;Normal
72006;Cerrado;Activación de curso en el TECDigital;46085,32361;46085,33125;Estudiante;Carlos Calvo;Agregar/cambiar asociación de estudiante a curso;Correo;Solicitud;Normal
72007;Cerrado;Solicitud de asistencia: Deshabilitar autenticación de dos factores - Fabián de Jesus Soto Vargas;46085,36667;46085,37292;Estudiante;Carlos Calvo;Problemas con correos;Correo;Solicitud;Normal
72008;Cerrado;Perdida de verificación de sistema dos pasos para ingresar a Office y Outlook;46085,37708;46085,37847;Estudiante FundaTEC;Carlos Calvo;Problemas con correos;Correo;Solicitud;Normal
72009;Cerrado;Solicitud de enlace de pago para Módulo II;46085,41528;46085,41736;Externo;Carlos Calvo;Atención personalizada a usuarios;Correo;Solicitud;Normal
72010;Cerrado;Materia no incluida;46085,42222;46085,45069;Estudiante;Carlos Calvo;Atención personalizada a usuarios;Correo;Solicitud;Normal
72011;Cerrado;Divulgar;46085,43819;46085,46319;Administrativo;Carlos Calvo;Envío de comunicados a comunidades;Correo;Solicitud;Normal
72012;Cerrado;Consulta;46085,46389;46085,54653;Profesor;Carlos Calvo;Agregar/cambiar asociación de profesor a curso;Correo;Solicitud;Normal
72013;Cerrado;Solicitud de ayuda en cuenta;46085,48056;46085,48264;Administrativo;Carlos Calvo;Cambio de contraseña FundaTEC;Correo;Solicitud;Normal
72014;Cerrado;Solicitud apertura TEC Digital: GRÁFICOS DE CONTROL A225;46085,48194;46085,55278;Administrativo FundaTEC;Carlos Calvo;Creación cursos FundaTEC;Correo;Solicitud;Normal
72015;Cerrado;Solicitud apertura TEC Digital: ANÁLISIS DE SISTEMAS DE MEDICIÓN A225;46085,48194;46085,56736;Administrativo FundaTEC;Carlos Calvo;Creación cursos FundaTEC;Correo;Solicitud;Normal
72016;Cerrado;Cuenta que requiere atención;46085,48264;46085,48403;Administrativo;Carlos Calvo;Cambio de contraseña FundaTEC;Correo;Solicitud;Normal
72017;Cerrado;Solicitud apertura TEC Digital: GRÁFICOS DE CONTROL B225;46085,48264;46085,55556;Administrativo FundaTEC;Carlos Calvo;Creación cursos FundaTEC;Correo;Solicitud;Normal
72018;Cerrado;Solicitud apertura TEC Digital: ANÁLISIS DE SISTEMAS DE MEDICIÓN B225;46085,48264;46085,56875;Administrativo FundaTEC;Carlos Calvo;Creación cursos FundaTEC;Correo;Solicitud;Normal
72019;Cerrado;Banner Matlab;46085,48264;46087,46736;Profesor;Carlos Calvo;Envío de comunicados a lista seleccionada;Correo;Solicitud;Normal
72020;Cerrado;Solicitud apertura TEC Digital: PROYECTO DE GRADUACIÓN B125;46085,49028;46085,57222;Administrativo FundaTEC;Carlos Calvo;Creación cursos FundaTEC;Correo;Solicitud;Normal
72021;Cerrado;Solicitud apertura TEC Digital: PROYECTO DE GRADUACIÓN A125;46085,49028;46085,57083;Administrativo FundaTEC;Carlos Calvo;Creación cursos FundaTEC;Correo;Solicitud;Normal
72022;Cerrado;Solicitud apertura TEC Digital: PROYECTO DE GRADUACIÓN C125;46085,49097;46085,575;Administrativo FundaTEC;Carlos Calvo;Creación cursos FundaTEC;Correo;Solicitud;Normal
72023;Cerrado;INCLUIR EN COMUNIDAD CATEDRA DINAMICA 2026.;46085,49375;46085,59306;Estudiante;Carlos Calvo;Agregar/cambiar asociación de usuario a comunidad;Correo;Solicitud;Normal
72024;Cerrado;Solicitud apertura TEC Digital: ANÁLISIS DE DATOS 2 A325;46085,50625;46085,58542;Administrativo FundaTEC;Carlos Calvo;Creación cursos FundaTEC;Correo;Solicitud;Normal
72025;Cerrado;Solicitud apertura TEC Digital: HERRAMIENTAS PARA LA SOLUCIÓN DE PROBLEMAS A325;46085,50625;46085,59028;Administrativo FundaTEC;Carlos Calvo;Creación cursos FundaTEC;Correo;Solicitud;Normal
72026;Cerrado;Solicitud apertura TEC Digital: HERRAMIENTAS PARA LA SOLUCIÓN DE PROBLEMAS B325;46085,50625;46085,59236;Administrativo FundaTEC;Carlos Calvo;Creación cursos FundaTEC;Correo;Solicitud;Normal
72027;Cerrado;Solicitud apertura TEC Digital: ANÁLISIS DE DATOS 2 B325;46085,50625;46085,58889;Administrativo FundaTEC;Carlos Calvo;Creación cursos FundaTEC;Correo;Solicitud;Normal
72028;Cerrado;Solicitud de sincronizacion de datos en plataforma;46085,54861;46085,6625;Estudiante;Carlos Calvo;Cambiar información personal;Correo;Solicitud;Normal
72029;Cerrado;RE: Problemas con el Tec digital;46085,57639;46085,59792;Estudiante;Carlos Calvo;Agregar/cambiar asociación de estudiante a curso;Correo;Solicitud;Normal
72030;Cerrado;Solicitud de asignación de cursos;46085,58125;46085,6;Profesor;Carlos Calvo;Agregar/cambiar asociación de profesor a curso;Correo;Solicitud;Normal
72031;Cerrado;Fwd: ImprPant.;46085,61181;46085,64653;Estudiante;Carlos Calvo;Activar cuentas de usuario;Correo;Solicitud;Normal
72032;Cerrado;solicitud de ayuda con comunidad Tutorías Elementos Activos;46085,61667;46085,66319;Profesor;Carlos Calvo;Agregar/cambiar asociación de usuario a comunidad;Correo;Solicitud;Normal
72034;Cerrado;Mi cuenta se encuentra fuera del tenant del TEC;46085,64722;46085,65556;Estudiante;Carlos Calvo;Atención personalizada a usuarios;Correo;Solicitud;Normal
72035;Cerrado;Solicitud apertura TEC Digital: Cursos nivelatorios de Estadística MQ;46085,69931;46092,31111;Profesor;Carlos Calvo;Creación de curso;Correo;Solicitud;Normal
72036;Cerrado;Solicitud de acceso a Turnitin;46085,76458;46086,32431;Profesor;Carlos Calvo;Control de plagio;Correo;Solicitud;Normal
72037;Cerrado;Solicitud de Soporte por no activacion del Tec Digital;46085,86181;46086,34722;Profesor;Mariana Mora;Activar cuentas de usuario;Correo;Solicitud;Normal
72039;Cerrado;Duda Usuario s.rodriguez@estudiantec.cr;46086,32361;46086,32917;Estudiante;Carlos Calvo;Agregar/cambiar asociación de usuario a comunidad;Correo;Solicitud;Normal
72040;Cerrado;Problemas de acceso al correo personal ITCR;46086,34375;46086,36181;Estudiante;Mariana Mora;Atención personalizada a usuarios;Correo;Solicitud;Normal
72041;Cerrado;Re: Problemas de acceso al correo personal ITCR;46086,34514;46086,34722;Estudiante;Mariana Mora;Atención personalizada a usuarios;Correo;Solicitud;Normal
72042;Cerrado;Solicitud de actividad estudiantil;46086,38056;46087,37778;Profesor;Carlos Calvo;Evaluaciones;Correo;Solicitud;Normal
72043;Cerrado;Actualización de curso;46086,43333;46086,55139;Profesor;Carlos Calvo;Agregar/cambiar asociación de profesor a curso;Correo;Solicitud;Normal
72044;Cerrado;Inclusión nuevos estudiantes;46086,44167;46086,45417;Administrativo FundaTEC;Mariana Mora;Creación de usuarios FundaTEC;Correo;Solicitud;Normal
72045;Cerrado;Consulta sobre cambio de contraseña en TEC Digital;46086,48194;46086,48681;Estudiante;Mariana Mora;Atención personalizada a usuarios;Correo;Solicitud;Normal
72046;Cerrado;Solicitud de actualización de estudiantes;46086,51528;46086,55625;Profesor;Carlos Calvo;Actualizar miembros de comunidades;Correo;Solicitud;Normal
72047;Cerrado;Solicitud de inclusión de estudiante en la Comunidad de Cálculo Superior (MA-2104);46086,52708;46086,5875;Profesor;Mariana Mora;Agregar/cambiar asociación de usuario a comunidad;Correo;Solicitud;Normal
72048;Cerrado;Ingresar estudiante asistente a la comunidad;46086,55139;46086,55347;Profesor;Carlos Calvo;Agregar/cambiar asociación de usuario a comunidad;Correo;Solicitud;Normal
72049;Cerrado;Restablecimiento de contraseña a estudiante;46086,61042;46086,61528;Administrativo FundaTEC;Mariana Mora;Cambio de contraseña FundaTEC;Correo;Solicitud;Normal
72050;Cerrado;Restablecimiento de contraseña a estudiante;46086,61389;46086,61667;Administrativo FundaTEC;Mariana Mora;Cambio de contraseña FundaTEC;Correo;Solicitud;Normal
72051;Cerrado;Consulta;46086,66667;46086,675;Profesor;Mariana Mora;Atención personalizada a usuarios;Correo;Solicitud;Normal
72053;Cerrado;Introducción a cátedra de Física General II;46086,95278;46087,31944;Estudiante;Carlos Calvo;Agregar/cambiar asociación de usuario a comunidad;Correo;Solicitud;Normal
72054;Cerrado;Creación de GAAPs;46087,04306;46097,35347;Estudiante;Carlos Calvo;GAAP;Correo;Solicitud;Normal
72055;Cerrado;Apoyo corrección de nombre;46087,35139;46087,47778;Profesor;Carlos Calvo;Cambiar información personal;Correo;Solicitud;Normal
72056;Cerrado;Solicitud apertura TEC Digital: EXCEL INTERMEDIO A126 GR 1 B I 2026;46087,37292;46087,44792;Administrativo FundaTEC;Carlos Calvo;Creación cursos FundaTEC;Correo;Solicitud;Normal
72057;Cerrado;Divulgar;46087,39444;46087,55764;Administrativo;Carlos Calvo;Envío de comunicados a lista seleccionada;Correo;Solicitud;Normal
72058;Cerrado;Problemas con el autenticador;46087,40972;46087,44861;Estudiante;Carlos Calvo;Atención personalizada a usuarios;Correo;Solicitud;Normal
72059;Cerrado;Re: Solicitud de acceso a funcionalidad de expediente estudiantil;46087,42778;46087,59028;Administrativo;Carlos Calvo;Asignación de permisos especiales;Correo;Solicitud;Normal
72060;Cerrado;Incluir estudiante en comunidad;46087,45347;46087,45903;Director/Coordinador;Carlos Calvo;Agregar/cambiar asociación de usuario a comunidad;Correo;Solicitud;Normal
72061;Cerrado;Solicitud apertura TEC Digital: COSTOS DE PRODUCCIÓN A225;46087,48472;46087,57014;Administrativo FundaTEC;Mariana Mora;Creación cursos FundaTEC;Correo;Solicitud;Normal
72062;Cerrado;Solicitud apertura TEC Digital: COSTOS DE PRODUCCIÓN B225;46087,48472;46087,56944;Administrativo FundaTEC;Mariana Mora;Creación cursos FundaTEC;Correo;Solicitud;Normal
72063;Cerrado;Solicitud apertura TEC Digital: ESTADÍSTICA A325;46087,48472;46087,57431;Administrativo FundaTEC;Mariana Mora;Creación cursos FundaTEC;Correo;Solicitud;Normal
72064;Cerrado;Re: [Centro de Ayuda del TEC Digital] Re: Solicitud actualización de grupos;46087,49444;46087,55417;Profesor;Carlos Calvo;Agregar/cambiar asociación de profesor a curso;Correo;Solicitud;Normal
72065;Cerrado;Solicitud;46087,55764;46087,56458;Administrativo;Mariana Mora;Agregar/cambiar asociación de estudiante a curso;Correo;Solicitud;Normal
72066;Cerrado;Re: solicitud de apertura de un curso en Educación Continua;46087,55833;46087,58472;Administrativo;Carlos Calvo;Creación de comunidades;Correo;Solicitud;Normal
72067;Cerrado;Re: solicitud de apertura de un curso en Educación Continua;46087,57431;46087,66389;Administrativo;Carlos Calvo;Creación de comunidades;Correo;Solicitud;Normal
72068;Cerrado;Error en la página web;46087,58819;46087,59722;Estudiante FundaTEC;Mariana Mora;Atención personalizada a usuarios;Correo;Solicitud;Normal
72069;Cerrado;RE: [Centro de Ayuda del TEC Digital] Re: Solicitud de agregar estudiantes a comunidad;46087,60486;46087,61319;Profesor;Mariana Mora;Agregar/cambiar asociación de usuario a comunidad;Correo;Solicitud;Normal
72070;Cerrado;Problema con la Cátedra de Física 3;46087,61806;46087,62292;Estudiante;Carlos Calvo;Agregar/cambiar asociación de usuario a comunidad;Correo;Solicitud;Normal
72071;Cerrado;Solicitud apertura TEC Digital: Proyecto de Graduación TSP A125;46087,63125;46087,65;Administrativo FundaTEC;Mariana Mora;Creación cursos FundaTEC;Correo;Solicitud;Normal
72072;Cerrado;Solicitud apertura TEC Digital: Proyecto de Graduación TSP B125;46087,63194;46087,64444;Administrativo FundaTEC;Carlos Calvo;Creación cursos FundaTEC;Correo;Solicitud;Normal
72073;Cerrado;Reporte de casos;46087,65833;46097,55764;Estudiante;Carlos Calvo;Atención personalizada a usuarios;Presencial;Solicitud;Normal
72074;Cerrado;RV: Publicación de mensaje a toda la comunidad estudiantil;46087,67847;46087,69028;Administrativo;Pamela Varela;Envío de comunicados a comunidades;Teléfono;Solicitud;Normal
72075;Cerrado;RV: CIM-036-2026;46087,70556;46090,55139;Profesor;Mariana Mora;Agregar/cambiar asociación de estudiante a curso;Correo;Solicitud;Normal
72077;Cerrado;Reingreso al curso Sensores y Actuadores;46088,51111;46090,55417;Estudiante;Mariana Mora;Agregar/cambiar asociación de estudiante a curso;Formulario web;Solicitud;Normal
72078;Cerrado;Consulta;46088,75;46090,58125;Profesor;Mariana Mora;Copiado de contenidos;Correo;Solicitud;Normal
72079;Cerrado;Solicitud de reunión para valorar sistema de comunicación masiva en situaciones de emergencia;46088,78194;46090,56528;;;;Correo;;'-
72081;Cerrado;Duda sobre agregarme a la cátedra.;46089,41667;46090,56042;Estudiante;Mariana Mora;Agregar/cambiar asociación de usuario a comunidad;Correo;Solicitud;Normal
72083;Cerrado;RE: Solicitud de reunión para valorar sistema de comunicación masiva en situaciones de emergencia;46090,32083;46091,32014;;;;Teléfono;;'-
72084;Cerrado;RE: CIM-036-2026;46090,33125;46090,57569;Administrativo;Mariana Mora;Agregar/cambiar asociación de estudiante a curso;Correo;Solicitud;Normal
72085;Cerrado;Re: Solicitud de reunión para valorar sistema de comunicación masiva en situaciones de emergencia;46090,33958;46091,38264;Administrativo;Carlos Calvo;Atención personalizada a usuarios;Correo;Solicitud;Normal
72087;Cerrado;Inclusión de Estudiante (Daniela Maria Salas Jimenez, salasdaniela04@estudiantec.cr) a Comunidad (Comunidad Cátedra de Química Orgánica);46090,40347;46090,58056;Profesor;Mariana Mora;Agregar/cambiar asociación de usuario a comunidad;Correo;Solicitud;Normal
72088;Cerrado;RV: Talleres Marzo - TEC Digital;46090,40903;46091,32153;Administrativo;Carlos Calvo;Evaluaciones;Correo;Solicitud;Normal
72089;Cerrado;consulta para llevar los talleres-profesores nuevos;46090,43194;46090,60208;Administrativo;Mariana Mora;Solicitud de capacitación;Correo;Solicitud;Normal
72090;Cerrado;RV: Estudiante Stefany Mathiew-TECDIGITAL;46090,45764;46090,57847;Estudiante;Mariana Mora;Agregar/cambiar asociación de estudiante a curso;Correo;Solicitud;Normal
72091;Cerrado;RE: Enlace docente y tutor/a individual;46090,49236;46090,6;Profesor;Mariana Mora;Agregar/cambiar asociación de usuario a comunidad;Correo;Solicitud;Normal
72092;Cerrado;problemas con leccion de excel;46090,53056;46090,59097;Estudiante FundaTEC;Mariana Mora;Atención personalizada a usuarios;Correo;Solicitud;Normal
72093;Cerrado;RE: Enlace docente y tutor/a individual;46090,57083;46090,58542;Profesor;Mariana Mora;Agregar/cambiar asociación de usuario a comunidad;Correo;Solicitud;Normal
72094;Cerrado;Re: Inclusión de Estudiante (Daniela Maria Salas Jimenez, salasdaniela04@estudiantec.cr) a Comunidad (Comunidad Cátedra de Química Orgánica);46090,57569;46090,58056;Profesor;Mariana Mora;Agregar/cambiar asociación de usuario a comunidad;Correo;Solicitud;Normal
72095;Cerrado;RE: Talleres Marzo - TEC Digital;46090,61806;46091,38264;Profesor;Carlos Calvo;Evaluaciones;Correo;Solicitud;Normal
72096;Cerrado;RE: Tutoria Mate discreta;46090,63264;46090,63542;Profesor;Mariana Mora;Agregar/cambiar asociación de usuario a comunidad;Correo;Solicitud;Normal
72097;Cerrado;Historial de Carga TEC Digital;46090,78056;46091,46597;Estudiante;Mariana Mora;Evaluaciones;Correo;Solicitud;Normal
72099;Cerrado;Re: [Centro de Ayuda del TEC Digital] Re: Solicitud de actualización de estudiantes;46091,40278;46091,54514;Profesor;Carlos Calvo;Actualizar miembros de comunidades;Correo;Solicitud;Normal
72100;Cerrado;Expediente estudiantil;46091,40625;46091,40625;Externo;Carlos Calvo;Expediente estudiantil;Teléfono;Solicitud;Normal
72101;Cerrado;Agregar estudiante a comunidad;46091,50417;46091,54722;Director/Coordinador;Carlos Calvo;Agregar/cambiar asociación de usuario a comunidad;Correo;Solicitud;Normal
72102;Cerrado;agregar a catedra;46091,55486;46091,55486;Estudiante;Carlos Calvo;Agregar/cambiar asociación de usuario a comunidad;Teléfono;Solicitud;Normal
72103;Cerrado;Divulgar;46091,55625;46093,31389;Administrativo;Carlos Calvo;Envío de comunicados a comunidades;Correo;Solicitud;Normal
72104;Cerrado;Saludos, el enlace;46091,56736;46092,30694;Profesor;Carlos Calvo;Solicitud de capacitación;Correo;Solicitud;Normal
72105;Cerrado;Refresco general de los integrantes de la comunidad del tecDigital.;46091,57431;46091,60764;Profesor;Carlos Calvo;Actualizar miembros de comunidades;Correo;Solicitud;Normal
72106;Cerrado;RE: Talleres Marzo - TEC Digital;46091,575;46091,62639;Profesor;Carlos Calvo;Evaluaciones;Correo;Solicitud;Normal
72107;Cerrado;Ingreso al TEC Digital;46091,58264;46091,61181;Administrativo FundaTEC;Carlos Calvo;Creación de usuarios FundaTEC;Correo;Solicitud;Normal
72108;Cerrado;cuentas cursos tecnico en Electromecánica;46091,65972;46092,45625;Administrativo FundaTEC;Carlos Calvo;Creación cursos FundaTEC;Correo;Solicitud;Normal
72109;Cerrado;RE: [Centro de Ayuda del TEC Digital] Re: Aparentes inconsistencias en el Gestor de Atributos;46091,66458;46092,41458;Profesor;Carlos Calvo;Gestor de Atributos;Correo;Solicitud;Normal
72110;Cerrado;Consulta notas;46091,82222;46092,49514;Estudiante FundaTEC;Carlos Calvo;Atención personalizada a usuarios;Correo;Solicitud;Normal
72111;Cerrado;Solicitud de acceso a la cátedra de Matemáticas;46091,88472;46092,31319;Estudiante;Carlos Calvo;Agregar/cambiar asociación de usuario a comunidad;Correo;Solicitud;Normal
72113;Cerrado;Solicitud de asignación de contraseña para perfil;46092,34306;46092,41736;Externo;Carlos Calvo;Atención personalizada a usuarios;Correo;Solicitud;Normal
72114;Cerrado;problemas con semana 3 excel;46092,37431;46092,475;Externo;Carlos Calvo;Atención personalizada a usuarios;Correo;Solicitud;Normal
72115;Cerrado;Apoyo SMS - Estudio de Perfil de ingreso;46092,39444;46093,44306;Administrativo;Carlos Calvo;Envío de comunicados a lista seleccionada;Correo;Solicitud;Normal
72116;Cerrado;Problema con entrega de Imagen;46092,41875;46092,59375;Estudiante;Carlos Calvo;Evaluaciones;Correo;Solicitud;Normal
72117;Cerrado;cierre de curso;46092,42014;46092,45347;Profesor;Carlos Calvo;Agregar/cambiar asociación de profesor a curso;Correo;Solicitud;Normal
72118;Cerrado;Solicitud de permiso plataforma Tec Digital;46092,47222;46092,54861;;;;Correo;;'-
72119;Cerrado;RE: Solicitud de permiso plataforma Tec Digital;46092,47639;46092,62153;Administrativo;Carlos Calvo;Agregar/cambiar asociación de estudiante a curso;Correo;Solicitud;Normal
72120;Cerrado;Consulta carga de archivo;46092,4875;46092,56181;;;Evaluaciones;Correo;;'-
72121;Cerrado;Consulta carga de archivo;46092,53056;46092,59097;Estudiante;Carlos Calvo;Evaluaciones;Correo;Solicitud;Normal
72122;Cerrado;Solicitud de publicación;46092,60556;46092,61458;Administrativo;Carlos Calvo;Envío de comunicados a lista seleccionada;Correo;Solicitud;Normal
72123;Cerrado;agregar a catedras;46092,60833;46092,60833;Estudiante;Carlos Calvo;Agregar/cambiar asociación de usuario a comunidad;Teléfono;Solicitud;Normal
72124;Cerrado;RE: [Centro de Ayuda del TEC Digital] Re: Consulta sobre correos de carrera;46092,91042;46094,49931;Estudiante;Carlos Calvo;Agregar/cambiar asociación de usuario a comunidad;Correo;Solicitud;Normal
72125;Cerrado;Consulta sobre entrega;46093,31389;46093,40903;Profesor;Mariana Mora;Evaluaciones;Correo;Solicitud;Normal
72127;Cerrado;acceso Tec Digital;46093,39444;46093,41944;Administrativo;Carlos Calvo;Creación cursos FundaTEC;Correo;Solicitud;Normal
72128;Cerrado;Cambio de nombre en la plataforma;46093,40625;46093,40625;Estudiante;Mariana Mora;Cambiar información personal;Presencial;Solicitud;Normal
72129;Cerrado;Re: [Centro de Ayuda del TEC Digital] Re: Re: [Centro de Ayuda del TEC Digital] Re: Solicitud actualización de grupos;46093,42431;46093,57222;Profesor;Carlos Calvo;Actualizar miembros de comunidades;Correo;Solicitud;Normal
72130;Cerrado;Colaboración con cuenta de tec digital;46093,48611;46093,62431;Administrativo FundaTEC;Carlos Calvo;Cambio de contraseña FundaTEC;Correo;Solicitud;Normal
72131;Cerrado;Inclusion Luciano Vincenti Pérez;46093,56458;46093,57917;Estudiante;Carlos Calvo;Agregar/cambiar asociación de estudiante a curso;Correo;Solicitud;Normal
72132;Cerrado;Solicitud Herramienta Turnitin;46093,57708;46093,57986;Estudiante;Carlos Calvo;Control de plagio;Correo;Solicitud;Normal
72134;Cerrado;No puedo conectar laptop a red WiFi WTec;46093,57986;46093,59583;Estudiante;Mariana Mora;Atención personalizada a usuarios;Correo;Solicitud;Normal
72135;Cerrado;Consulta sobre puntaje en GAAP;46093,6;46093,6;Profesor;Mariana Mora;GAAP;Presencial;Solicitud;Normal
72136;Cerrado;cambio de correo;46093,60139;46093,67292;Administrativo;Mariana Mora;Cambiar información personal;Correo;Solicitud;Normal
72137;Cerrado;acceso TEC digital;46093,61319;46093,64861;Administrativo FundaTEC;Mariana Mora;Creación cursos FundaTEC;Correo;Solicitud;Normal
72138;Cerrado;Inclusión de nuevo estudiante del PTEI;46093,68403;46093,69028;Administrativo;Carlos Calvo;Agregar/cambiar asociación estudiante a curso FundaTEC;Correo;Solicitud;Normal
72139;Cerrado;Tiempo de respuesta;46093,74097;46094,57708;Profesor;Mariana Mora;Atención personalizada a usuarios;Correo;Solicitud;Normal
72140;Cerrado;no me deja mandar documentos;46093,81944;46121,56806;Externo;Mariana Mora;Carpetas/Documentos;Formulario web;Solicitud;Normal
72141;Cerrado;Reporte de fallo técnico - Nathaly Avigail Potoy Castillo - 2026094145;46093,97778;46094,55694;Estudiante;Mariana Mora;GAAP;Correo;Solicitud;Normal
72142;Cerrado;Re: Inclusión de Estudiante (Daniela Maria Salas Jimenez, salasdaniela04@estudiantec.cr) a Comunidad (Comunidad Cátedra de Química Orgánica);46094,34306;46094,48542;Profesor;Mariana Mora;Agregar/cambiar asociación de usuario a comunidad;Correo;Solicitud;Normal
72143;Cerrado;Auxilio;46094,36806;46094,48889;Profesor;Mariana Mora;Agregar/cambiar asociación de profesor a curso;Correo;Solicitud;Normal
72145;Cerrado;Solicitud de inclusión de estudiante en Cátedra Laboratorio Física general I;46094,43681;46094,55833;Profesor;Mariana Mora;Agregar/cambiar asociación de usuario a comunidad;Correo;Solicitud;Normal
72146;Cerrado;Ingreso al TEC Digital: ADMINISTRACIÓN P126 G1;46094,64028;46094,65486;Administrativo FundaTEC;Mariana Mora;Creación cursos FundaTEC;Correo;Solicitud;Normal
72147;Cerrado;Ingreso al TEC Digital: ADMINISTRACIÓN P126 G2;46094,64028;46094,65486;Administrativo FundaTEC;Mariana Mora;Creación cursos FundaTEC;Correo;Solicitud;Normal
72148;Cerrado;Buenas tardes. Una consulta: En entrega de eval…;46094,64653;46097,57847;Profesor;Carlos Calvo;Evaluaciones;Correo;Solicitud;Normal
72149;Cerrado;Acta estudiante Hazel Masis;46094,65278;46097,39722;Estudiante;Carlos Calvo;Atención personalizada a usuarios;Correo;Solicitud;Normal
72150;Cerrado;Solicitud de divulgación [Apoyo a cursos PAMTEC I semestre 2026];46094,67361;46098,46736;Estudiante;Carlos Calvo;Envío de comunicados a lista seleccionada;Correo;Solicitud;Normal
72151;Cerrado;Buenas tardes, El aula virtual no me permite carga...;46095,50417;46121,33056;Estudiante FundaTEC;Carlos Calvo;Evaluaciones;Correo;Solicitud;Normal
72153;Cerrado;Problema para ver un archivo de catedra;46095,82847;46121,33056;Estudiante;Carlos Calvo;Evaluaciones;Correo;Solicitud;Normal
72154;Cerrado;Bloqueo de usuario;46096,44514;46097,35903;Estudiante;Carlos Calvo;Acceso a la plataforma TEC Digital;Correo;Solicitud;Normal
72156;Cerrado;No existe profesor asignado al curso;46097,26875;46097,35972;Estudiante FundaTEC;Carlos Calvo;Atención personalizada a usuarios;Correo;Solicitud;Normal
72157;Cerrado;RE: Solicitud de permiso plataforma Tec Digital;46097,37847;46097,39444;Administrativo;Carlos Calvo;Agregar/cambiar asociación de estudiante a curso;Correo;Solicitud;Normal
72158;Cerrado;Error Catedra;46097,3875;46097,39375;Estudiante;Carlos Calvo;Agregar/cambiar asociación de usuario a comunidad;Correo;Solicitud;Normal
72159;Cerrado;Solicitud de apertura de cursos PFM Grupos: G17-01-2025 y G17-02-2025;46097,41042;46098,33681;Profesor;Carlos Calvo;Creación cursos FundaTEC;Correo;Solicitud;Normal
72160;Cerrado;Problemas de ingreso al Tec Digital;46097,42292;46097,43542;Profesor;Carlos Calvo;Activar cuentas de usuario;Correo;Solicitud;Normal
72161;Cerrado;Solicitud de apertura de cursos PFM Grupos: G18-01-2026;46097,43472;46097,45556;Administrativo FundaTEC;Carlos Calvo;Creación cursos FundaTEC;Correo;Solicitud;Normal
72162;Cerrado;Problema con cuenta de estudiantec;46097,47014;46097,5625;Estudiante;Carlos Calvo;Atención personalizada a usuarios;Correo;Solicitud;Normal
72163;Cerrado;"RV: Inicio de curso "" Mi quehacer y el Control Interno""";46097,55833;46097,61736;Administrativo;Carlos Calvo;Activar cuentas de usuario;Correo;Solicitud;Normal
72164;Cerrado;Ingreso al TEC Digital;46097,58194;46097,60417;Administrativo FundaTEC;Carlos Calvo;Creación de usuarios FundaTEC;Correo;Solicitud;Normal
72166;Cerrado;RE: Obra Teatral San Carlos 17 y 18 de marzo. 8 p.m.;46097,67986;46097,68611;;;;;;'-
72167;Cerrado;RE: Obra Teatral San Carlos 17 y 18 de marzo. 8 p.m.;46097,68125;46099,3125;Administrativo;Carlos Calvo;Envío de comunicados a lista seleccionada;Correo;Solicitud;Normal
72168;Cerrado;RV: acceso TEC digital;46098,32639;46098,33819;Administrativo FundaTEC;Carlos Calvo;Agregar/cambiar asociación estudiante a curso FundaTEC;Correo;Solicitud;Normal
72169;Cerrado;Divulgar;46098,57153;46101,31875;Administrativo;Carlos Calvo;Envío de comunicados a comunidades;Correo;Solicitud;Normal
72170;Cerrado;Favor divulgar con todos los estudiantel del TEC;46098,60694;46098,61597;Profesor;Carlos Calvo;Envío de comunicados a lista seleccionada;Correo;Solicitud;Normal
72171;Cerrado;RE: Consulta sobre difusión en el tec digital;46098,64028;46098,66944;;;;;Solicitud;'-
72172;Cerrado;Consulta de difusión de información por medio del tec digital.;46098,64375;46098,67014;Estudiante;Carlos Calvo;Envío de comunicados a comunidades;Correo;Solicitud;Normal
72174;Cerrado;Re: [Centro de Ayuda del TEC Digital] Re: Inclusion Luciano Vincenti Pérez;46098,71875;46099,31181;Estudiante;Carlos Calvo;Agregar/cambiar asociación de estudiante a curso;Correo;Solicitud;Normal
72175;Cerrado;RE: [Centro de Ayuda del TEC Digital] Re: Apoyo SMS - Estudio de Perfil de ingreso;46099,35972;46099,39028;Administrativo;Carlos Calvo;Envío de comunicados a lista seleccionada;Correo;Solicitud;Normal
72176;Cerrado;Examen;46099,42847;46100,325;Profesor;Carlos Calvo;GAAP;Correo;Solicitud;Normal
72177;Cerrado;Favor de agregar a estudiante a la comunidad del tecDigital;46099,49514;46099,58889;Estudiante;Carlos Calvo;Agregar/cambiar asociación de usuario a comunidad;Correo;Solicitud;Normal
72178;Cerrado;RV: Consulta TEC Digital;46099,50556;46099,56528;Administrativo FundaTEC;Carlos Calvo;Atención personalizada a usuarios;Correo;Solicitud;Normal
72179;Cerrado;solicitud de colaboración - Planes de Trabajo;46099,56528;46100,57708;Administrativo;Carlos Calvo;Planes de Trabajo;Correo;Solicitud;Normal
72180;Cerrado;Solicitud de actividad;46099,56875;46099,63958;Administrativo;Carlos Calvo;Evaluaciones;Correo;Solicitud;Normal
72181;Cerrado;Quiz 3 GAAP;46099,58194;46099,63958;Profesor;Carlos Calvo;GAAP;Presencial;Solicitud;Normal
72182;Cerrado;Dar de baja en curso;46099,63403;46099,63403;Estudiante;Carlos Calvo;Agregar/cambiar asociación de estudiante a curso;Presencial;Solicitud;Normal
72183;Cerrado;GAAPs;46099,675;46099,675;Estudiante;Carlos Calvo;GAAP;Presencial;Solicitud;Normal
72184;Cerrado;Solicitud para incluir docente -Plan de Trabajo TEC Digital;46099,68542;46099,69653;Profesor;Carlos Calvo;Agregar/cambiar asociación de profesor a curso;Correo;Solicitud;Normal
72186;Cerrado;Cambio de comunidad en TEC Digital;46099,70764;46100,35347;Estudiante;Carlos Calvo;Agregar/cambiar asociación de usuario a comunidad;Correo;Solicitud;Normal
72187;Cerrado;Solicitud para incluir docente -Plan de Trabajo TEC Digital;46099,70972;46100,30625;Profesor;Carlos Calvo;Agregar/cambiar asociación de profesor a curso;Correo;Solicitud;Normal
72188;Cerrado;RV: Apoyo para difusión de encuestas – Diseño de experiencia VR - CerviCARE IA;46100,33333;46100,57986;Administrativo;Carlos Calvo;Envío de comunicados a comunidades;Correo;Solicitud;Normal
72189;Cerrado;Consulta sobre entreda de examen corto;46100,33611;46100,39444;Administrativo;Carlos Calvo;Evaluaciones;Correo;Solicitud;Normal
72190;Cerrado;RV: Mi Quehacer y el Control Interno - Inicio del curso curso “Mi quehacer y el Control Interno”;46100,34444;46100,40764;Administrativo;Carlos Calvo;GAAP;Correo;Solicitud;Normal
72192;Cerrado;Inclusión datos Planes de Trabajo;46101,34236;46105,49583;Administrativo;Carlos Calvo;Planes de Trabajo;Correo;Solicitud;Urgente
72193;Cerrado;Problema con una evaluación;46101,3625;46101,38194;Estudiante;Carlos Calvo;GAAP;Correo;Solicitud;Normal
72194;Cerrado;Consulta correo institucional;46101,42917;46101,46528;Externo;Carlos Calvo;Problemas con correos;Correo;Solicitud;Normal
72195;Cerrado;RE: [Centro de Ayuda del TEC Digital] Re: RE: [Centro de Ayuda del TEC Digital] Re: Consulta sobre correos de carrera;46101,43264;46101,44653;Estudiante;Carlos Calvo;Agregar/cambiar asociación de usuario a comunidad;Correo;Solicitud;Normal
72197;Cerrado;Problema con GAAP;46101,48264;46101,48264;Estudiante;Carlos Calvo;GAAP;Presencial;Solicitud;Normal
72198;Cerrado;Corrección de nombre;46101,54931;46101,55833;;;;;;'-
72199;Cerrado;RV: Corrección de nombre;46101,55;46101,60903;Administrativo;Carlos Calvo;Cambiar información personal;Correo;Solicitud;Normal
72200;Cerrado;Dar de baja en curso;46101,55764;46101,55764;Estudiante;Carlos Calvo;Agregar/cambiar asociación de estudiante a curso;Presencial;Solicitud;Normal
72202;Cerrado;Consulta sobre cómo tener acceso a AutoCAD;46104,34375;46104,36944;Externo;Carlos Calvo;Atención personalizada a usuarios;Correo;Solicitud;Normal
72203;Cerrado;Consulta;46104,35972;46104,37083;Administrativo;Carlos Calvo;Agregar/cambiar asociación de profesor a curso;Correo;Solicitud;Normal
72204;Cerrado;Solicitud de apoyo inclusión de notas;46104,36111;46104,66667;Administrativo;Carlos Calvo;Evaluaciones;Correo;Solicitud;Normal
72205;Cerrado;Solicitud de soporte;46104,36181;46104,37292;;;Evaluaciones;Teléfono;;'-
72206;Cerrado;Solicitud de soporte;46104,36806;46104,46042;Profesor;Carlos Calvo;Evaluaciones;Correo;Solicitud;Normal
72207;Cerrado;Recuperacion de cuenta tec digital;46104,42222;46104,46389;Externo;Carlos Calvo;Activar cuentas de usuario;Correo;Solicitud;Normal
72208;Cerrado;Solicitud de acceso a Turnitin;46104,44583;46104,46667;Profesor;Carlos Calvo;Control de plagio;Correo;Solicitud;Normal
72209;Cerrado;Divulgar;46104,50139;46104,66667;Administrativo;Carlos Calvo;Envío de comunicados a comunidades;Correo;Solicitud;Normal
72210;Cerrado;acceso a la Plataforma;46104,56944;46104,60417;Administrativo;Carlos Calvo;Agregar/cambiar asociación de usuario a comunidad;Correo;Solicitud;Normal
72211;Cerrado;Consulta para curso de cooperación;46104,61389;46104,67569;Administrativo;Carlos Calvo;Atención personalizada a usuarios;Correo;Solicitud;Normal
72212;Cerrado;Solicitud de cuenta para Turnitin;46104,80347;46105,33681;Profesor;Carlos Calvo;Control de plagio;Correo;Solicitud;Normal
72214;Cerrado;Difusión de encuesta;46105,3375;46105,35764;Administrativo;Carlos Calvo;Envío de comunicados a comunidades;Correo;Solicitud;Normal
72215;Cerrado;RE: [Centro de Ayuda del TEC Digital] Re: solicitud de colaboración - Planes de Trabajo;46105,36597;46105,4875;Administrativo;Carlos Calvo;Planes de Trabajo;Correo;Solicitud;Normal
72216;Cerrado;Inclusión Cátedra CDI;46105,36597;46105,36944;Estudiante;Mariana Mora;Agregar/cambiar asociación de usuario a comunidad;Correo;Solicitud;Normal
72217;Cerrado;Solicitud para uso de Turnitin;46105,38958;46105,47292;Profesor;Carlos Calvo;Control de plagio;Correo;Solicitud;Normal
72218;Cerrado;Problemas al habilitar una rúbrica;46105,39931;46105,40972;Profesor;Carlos Calvo;Rúbricas;Correo;Solicitud;Normal
72219;Cerrado;Consulta;46105,42986;46105,47292;Administrativo FundaTEC;Carlos Calvo;GAAP;Correo;Solicitud;Normal
72220;Cerrado;Divulgar;46105,44236;46107,33611;Administrativo;Carlos Calvo;Envío de comunicados a comunidades;Correo;Solicitud;Normal
72222;Cerrado;RV: Feria de la Salud;46105,57639;46106,56944;Administrativo;Carlos Calvo;Envío de comunicados a comunidades;Correo;Solicitud;Normal
72223;Cerrado;Registro del histórico de la carpeta;46105,57847;46105,60208;Profesor FundaTEC;Jimena Rivera;Carpetas/Documentos;Correo;Solicitud;Normal
72224;Cerrado;RV: Charla: Autocuidado y Salud Mental;46105,61597;46106,34514;Administrativo;Carlos Calvo;Envío de comunicados a comunidades;Correo;Solicitud;Normal
72225;Cerrado;RV: Consulta Taller de Inducción;46105,62292;46105,62847;Administrativo;Carlos Calvo;Agregar/cambiar asociación de estudiante a curso;Correo;Solicitud;Normal
72226;Cerrado;agregar a cátedra;46105,62431;46105,62431;Estudiante;Carlos Calvo;Agregar/cambiar asociación de usuario a comunidad;Presencial;Solicitud;Normal
72227;Cerrado;RV: Charla: VPH;46105,64444;46106,34514;Administrativo;Carlos Calvo;Envío de comunicados a comunidades;Correo;Solicitud;Normal
72228;Cerrado;Comunidad tec digital;46105,65208;46105,66597;Estudiante;Jimena Rivera;Actualizar miembros de comunidades;Correo;Solicitud;Normal
72229;Cerrado;Solicitud para agregar Labores Administrativas y proyectos de investigación en el sistema de Planes de Trabajo en el TEC Digital;46105,65347;46107,45972;Administrativo;Carlos Calvo;Planes de Trabajo;Correo;Solicitud;Normal
72230;Cerrado;Reingreso;46105,79861;46106,34375;Estudiante;Jimena Rivera;Expediente estudiantil;Correo;Solicitud;Normal
72233;Cerrado;Guías de uso plataforma;46106,35486;46106,36736;Administrativo;Carlos Calvo;Atención personalizada a usuarios;Chat;Solicitud;Normal
72234;Cerrado;Consulta Actualización Comunidad Tec Digital.;46106,43472;46106,5875;Administrativo;Jimena Rivera;Actualizar miembros de comunidades;Correo;Solicitud;Normal
72236;Cerrado;Consulta sobre la incrustación de audios/videos;46106,50486;46119,60417;Estudiante;Jimena Rivera;GAAP;Correo;Solicitud;Normal
72238;Cerrado;RE: [Centro de Ayuda del TEC Digital] Re: Solicitud de apertura de cursos PFM Grupos: G18-01-2026;46106,60486;46106,63472;Administrativo FundaTEC;Jimena Rivera;Creación cursos FundaTEC;Correo;Solicitud;Normal
72239;Cerrado;Para compartir;46106,61806;46108,31875;Administrativo;Carlos Calvo;Envío de comunicados a comunidades;Correo;Solicitud;Normal
72240;Cerrado;RE: Envió aviso estudiantes;46106,63958;46107,59444;Administrativo;Carlos Calvo;Envío de comunicados a lista seleccionada;Correo;Solicitud;Normal
72241;Cerrado;RV: Solicitud corrección apellido Tecdigital;46106,67222;46106,69236;Administrativo FundaTEC;Carlos Calvo;Cambiar información personal;Correo;Solicitud;Normal
72242;Cerrado;Solicitud de visita;46106,74167;46107,62083;Externo;Carlos Calvo;Atención personalizada a usuarios;Correo;Solicitud;Normal
72243;Cerrado;RE: Justificación/entrada tardía de clase semana 6 grupo 53 Dibujo;46106,8625;46107,32361;Profesor;Jimena Rivera;Actualizar miembros de comunidades;Correo;Solicitud;Normal
72244;Cerrado;RE: Solicitud para agregar Labores Administrativas y proyectos de investigación en el sistema de Planes de Trabajo en el TEC Digital;46107,33264;46107,38333;Administrativo;Carlos Calvo;Planes de Trabajo;Correo;Solicitud;Normal
72245;Cerrado;Consulta;46107,38264;46107,56111;Profesor;Carlos Calvo;Evaluaciones;Correo;Solicitud;Normal
72246;Cerrado;Problemas con TEC Digital;46107,42708;46107,56111;Profesor;Carlos Calvo;Problemas con correos;Correo;Solicitud;Normal
72247;Cerrado;RV: revision de nombre en plataforma;46107,44028;46107,45278;Administrativo FundaTEC;Carlos Calvo;Cambiar información personal;Correo;Solicitud;Normal
72248;Cerrado;RE: acceso a la Plataforma;46107,48681;46107,50278;Administrativo;Carlos Calvo;Agregar/cambiar asociación de estudiante a curso;Correo;Solicitud;Normal
72250;Cerrado;Consulta sobre entregable;46107,56944;46108,43125;Estudiante;Carlos Calvo;Evaluaciones;Correo;Solicitud;Normal
72251;Cerrado;Consulta sobre rúbricas;46107,65278;46108,54444;Profesor;Jimena Rivera;Rúbricas;Correo;Solicitud;Normal
72252;Cerrado;Solicitud de ingreso de miembro en comunidad Programa Técnico en Electricidad;46107,65625;46107,6625;Profesor;Mariana Mora;Agregar/cambiar asociación de usuario a comunidad;Correo;Solicitud;Normal
72253;Cerrado;Consulta sobre boleta primeros ingresos;46107,67083;46107,67083;Estudiante;Mariana Mora;Solicitud de información de la plataforma;Teléfono;Solicitud;Normal
72254;Cerrado;Solicitud de Publicación Charlas Feria de la Salud.;46107,68681;46108,31944;Administrativo;Carlos Calvo;Envío de comunicados a comunidades;Correo;Solicitud;Normal
72255;Cerrado;Acceso turnitin;46107,7875;46108,31042;Profesor;Carlos Calvo;Control de plagio;Correo;Solicitud;Normal
72256;Cerrado;Activación de usuario;46108,32917;46108,38542;Profesor;Jimena Rivera;Activar cuentas de usuario;Teléfono;Solicitud;Normal
72257;Cerrado;RE: CIM-036-2026;46108,39514;46108,40139;Estudiante;Carlos Calvo;Agregar/cambiar asociación de estudiante a curso;Correo;Solicitud;Normal
72258;Cerrado;RE: CIM-036-2026;46108,42708;46108,4375;Estudiante;Jimena Rivera;Atención personalizada a usuarios;Correo;Solicitud;Normal
72259;Cerrado;Ayuda para revisar caso;46108,46944;46108,57917;Estudiante;Carlos Calvo;Agregar/cambiar asociación de estudiante a curso;Correo;Solicitud;Normal
72260;Cerrado;RE: CIM-036-2026;46108,47569;46108,54514;Estudiante;Carlos Calvo;Agregar/cambiar asociación de estudiante a curso;Correo;Solicitud;Normal
72261;Cerrado;Ingreso al TEC Digital: ESTUDIO DE TRABAJO B225;46108,48472;46108,56111;Administrativo FundaTEC;Carlos Calvo;Creación cursos FundaTEC;Correo;Solicitud;Normal
72262;Cerrado;Ingreso al TEC Digital: COMUNICACIÓN A325;46108,48472;46108,58889;Administrativo FundaTEC;Carlos Calvo;Creación cursos FundaTEC;Correo;Solicitud;Normal
72263;Cerrado;"RE: curso "" Mi quehacer y el Control Interno""";46108,55694;46108,60417;Profesor;Carlos Calvo;GAAP;Correo;Solicitud;Normal
72264;Cerrado;Solicitud de publicación;46108,55972;46108,60347;Administrativo;Carlos Calvo;Envío de comunicados a comunidades;Correo;Solicitud;Normal
72265;Cerrado;Expediente estudiantil;46108,56944;46108,66181;Externo;Carlos Calvo;Expediente estudiantil;Teléfono;Solicitud;Normal
72266;Cerrado;Divulgar;46108,57917;46108,59097;Administrativo;Carlos Calvo;Envío de comunicados a lista seleccionada;Correo;Solicitud;Normal
72267;Cerrado;Estado académico actual;46108,5875;46108,59306;Estudiante;Carlos Calvo;Expediente estudiantil;Correo;Solicitud;Normal
72268;Cerrado;RV: Plan de trabajo;46108,58958;46108,61667;Profesor;Carlos Calvo;Planes de Trabajo;Correo;Solicitud;Normal
72269;Cerrado;"RE: curso "" Mi quehacer y el Control Interno""";46108,6;46108,60486;Profesor;;;;;'-
72270;Cerrado;"RE: curso "" Mi quehacer y el Control Interno""";46108,60278;46108,60486;Profesor;Carlos Calvo;GAAP;Correo;Solicitud;Normal
72271;Cerrado;agregar a cátedras;46108,60903;46108,60903;Estudiante;Carlos Calvo;Agregar/cambiar asociación de usuario a comunidad;Presencial;Solicitud;Normal
72272;Cerrado;Solicitud de envío de correo masivo;46108,62292;46108,67361;Director/Coordinador;Carlos Calvo;Envío de comunicados a comunidades;Correo;Solicitud;Normal
72273;Cerrado;Desvincular correo;46108,62917;46118,32778;Estudiante;Carlos Calvo;Agregar/cambiar asociación de usuario a comunidad;Correo;Solicitud;Normal
72274;Cerrado;Ingreso al TEC Digital (Creación de usuarios);46108,63333;46108,67986;Administrativo FundaTEC;Carlos Calvo;Creación de usuarios FundaTEC;Correo;Solicitud;Normal
72275;Cerrado;Solicitudes en Planes de trabajo e incorporar actividades- I Sem 2026;46108,6375;46133,65903;Administrativo;Carlos Calvo;Planes de Trabajo;Correo;Solicitud;Normal
72276;Cerrado;Añadir comunidades de cálculo y álgebra lineal;46108,66111;46108,68056;;;;;;'-
72277;Cerrado;Añadir comunidades de cálculo y álgebra lineal;46108,66111;46108,68194;Estudiante;Carlos Calvo;Agregar/cambiar asociación de usuario a comunidad;Correo;Solicitud;Normal
72279;Cerrado;Descarga de evaluaciones subidas.;46108,76042;46119,45694;Profesor;Carlos Calvo;Evaluaciones;Correo;Solicitud;Normal
72280;Cerrado;Cátedras;46108,80833;46118,32639;Estudiante;Carlos Calvo;Agregar/cambiar asociación de usuario a comunidad;Correo;Solicitud;Normal
72292;Cerrado;Información técnico en mercadeo y AI;46117,75139;46118,32986;Externo;Carlos Calvo;Atención personalizada a usuarios;Correo;Solicitud;Normal
72293;Cerrado;RV: Charla: Autocuidado y Salud Mental;46118,32431;46118,38958;Administrativo;Carlos Calvo;Envío de comunicados a comunidades;Correo;Solicitud;Normal
72294;Cerrado;RV: Charla: “Virus del Papiloma Humano (VPH)”;46118,32708;46118,38958;Administrativo;Carlos Calvo;Envío de comunicados a comunidades;Correo;Solicitud;Normal
72296;Cerrado;Crear materias;46118,46042;46119,45625;Administrativo FundaTEC;Carlos Calvo;Creación cursos FundaTEC;Correo;Solicitud;Normal
72297;Cerrado;Re: Sobre situación de grupos 25 y 40 de curso de Artes Musicales (UCDSJ);46118,60833;46118,65208;Profesor;Carlos Calvo;Configuración de Comunidades/Cursos;Correo;Solicitud;Normal
72298;Cerrado;Solicitud;46118,63194;46118,66806;Profesor;Carlos Calvo;Planes de Trabajo;Correo;Solicitud;Normal
72299;Cerrado;planes de trabajo;46118,67292;46118,67292;Administrativo;Carlos Calvo;Planes de Trabajo;Chat;Solicitud;Normal
72300;Cerrado;RE: Plan de trabajo;46118,81875;46120,30972;Profesor;Carlos Calvo;Acceso a la plataforma TEC Digital;Correo;Solicitud;Normal
72301;Cerrado;Invitación a Charla: Sexualidad Creativa;46119,36875;46119,39375;Administrativo;Carlos Calvo;Envío de comunicados a comunidades;Correo;Solicitud;Normal
72302;Cerrado;Solicitud de ayuda con acceso;46119,37083;46119,375;;;;;;'-
72303;Cerrado;Solicitud de ayuda con acceso;46119,37083;46119,40417;Profesor;Carlos Calvo;Configuración de Comunidades/Cursos;Correo;Solicitud;Normal
72304;Cerrado;agregar a curso;46119,37847;46119,37847;Estudiante;Carlos Calvo;Agregar/cambiar asociación de estudiante a curso;Presencial;Solicitud;Normal
72305;Cerrado;Activación de cuenta funcionaria;46119,38264;46119,56806;Administrativo;Carlos Calvo;Activar cuentas de usuario;Correo;Solicitud;Normal
72306;Cerrado;consulta;46119,39653;46119,41875;Profesor;Carlos Calvo;GAAP;Correo;Solicitud;Normal
72307;Cerrado;Expediente estudiantil;46119,41181;46119,41181;Externo;Carlos Calvo;Expediente estudiantil;Teléfono;Solicitud;Normal
72308;Cerrado;RE: [Centro de Ayuda del TEC Digital] Re: RE: [Centro de Ayuda del TEC Digital];46119,41528;46119,45764;Profesor;Carlos Calvo;Agregar/cambiar asociación de usuario a comunidad;Correo;Solicitud;Normal
72309;Cerrado;Solicitud de creación de grupo - Matemática para Ciencia de los Datos g35;46119,50208;46128,325;Administrativo FundaTEC;Jimena Rivera;Creación cursos FundaTEC;Correo;Solicitud;Normal
72310;Cerrado;Revisión de curso;46119,50208;46120,33056;Administrativo;Jimena Rivera;Agregar/cambiar asociación de profesor a curso;Correo;Solicitud;Normal
72311;Cerrado;Aplicaciones TECDigital;46119,55139;46119,65278;Administrativo;Jimena Rivera;Asignación de permisos especiales;Correo;Solicitud;Normal
72312;Cerrado;ingreso al TECDIGITAL;46119,61319;46120,67569;Profesor;Jimena Rivera;Atención personalizada a usuarios;Correo;Solicitud;Normal
72313;Cerrado;a la hora de realizar el quiz 6 , el internet se m...;46119,65;46120,33611;Estudiante FundaTEC;Jimena Rivera;GAAP;Correo;Solicitud;Normal
72315;Cerrado;Corrección nombre TEC digital;46119,66181;46120,32292;Administrativo FundaTEC;Jimena Rivera;Cambiar información personal;Correo;Solicitud;Normal
72316;Cerrado;Configuracion Examen;46119,68333;46120,3125;Profesor;;;;;'-
72317;Cerrado;Configuracion Examen;46119,68403;46120,3125;Profesor;;;;;'-
72318;Cerrado;En el GAAP nuevo, el examen lo programe para envia...;46119,68542;46120,43333;Profesor;Carlos Calvo;GAAP;Correo;Solicitud;Normal
72319;Cerrado;Divulgar;46119,8;46121,32917;Administrativo;Carlos Calvo;Envío de comunicados a comunidades;Correo;Solicitud;Normal
72320;Cerrado;Consulta sobre no envío de un examen;46119,81111;46120,41667;Estudiante;Carlos Calvo;Evaluaciones;Correo;Solicitud;Normal
72321;Cerrado;Problema con la cátedra de química;46119,85694;46120,32361;Estudiante;Carlos Calvo;Configuración de Comunidades/Cursos;Correo;Solicitud;Normal
72322;Cerrado;RV: Solicitud de Publicación Charlas Feria de la Salud.;46120,33819;46120,56458;Administrativo;Carlos Calvo;Envío de comunicados a comunidades;Correo;Solicitud;Normal
72323;Cerrado;AYUDA CON TRABAJO;46120,43958;46120,57014;Estudiante;Jimena Rivera;Evaluaciones;Correo;Solicitud;Normal
72324;Cerrado;Buenos días.;46120,49375;46120,64653;Estudiante;Carlos Calvo;Evaluaciones;Correo;Solicitud;Normal
72325;Cerrado;Consulta;46120,51042;46121,57778;Estudiante;Jimena Rivera;Evaluaciones;Correo;Solicitud;Normal
72326;Cerrado;Solicitud de contactos;46120,58542;46120,64583;Director/Coordinador;Carlos Calvo;Atención personalizada a usuarios;Correo;Solicitud;Normal
72327;Cerrado;Agregar estudiante a Cátedra de Proba;46120,67986;46120,6875;Profesor;Carlos Calvo;Agregar/cambiar asociación de usuario a comunidad;Correo;Solicitud;Normal
72328;Cerrado;Información del profesor;46120,71111;46121,65069;Estudiante;Carlos Calvo;Evaluaciones;Correo;Solicitud;Normal
72329;Cerrado;Problema con curso;46120,75069;46121,37639;Profesor;Carlos Calvo;Evaluaciones;Correo;Solicitud;Normal
72331;Cerrado;Expediente estudiantil;46121,1625;46121,31597;Estudiante;;;;;'-
72332;Cerrado;Expedienté estudiantil;46121,16458;46121,31597;Estudiante;;;;;'-
72333;Cerrado;No puedo ver mi expediente estudiantil para ver mi...;46121,16806;46121,32986;Estudiante;Carlos Calvo;Expediente estudiantil;Correo;Solicitud;Normal
72334;Cerrado;Actividades Feria de la Salud jueves 09 de abril del 2026;46121,31458;46121,41181;;;;;;'-
72335;Cerrado;Consulta sobre entrega;46121,32639;46121,38889;Profesor;Mariana Mora;Evaluaciones;Correo;Solicitud;Normal
72336;Cerrado;Solicitud apertura TEC Digital: COSTOS DE CALIDAD STEM GR A126 B I 2026;46121,39028;46121,42083;Administrativo FundaTEC;Jimena Rivera;Creación cursos FundaTEC;Correo;Solicitud;Normal
72337;Cerrado;Solicitud apertura TEC Digital: ANÁLISIS DE DATOS 1 STEM GR A126 B I 2026;46121,39028;46121,40833;Administrativo FundaTEC;Mariana Mora;Creación cursos FundaTEC;Correo;Solicitud;Normal
72338;Cerrado;Ayuda con portal;46121,39236;46121,39236;Profesor;Carlos Calvo;Atención personalizada a usuarios;Chat;Solicitud;Normal
72339;Cerrado;GAAP;46121,40694;46121,42083;Profesor;Carlos Calvo;GAAP;Teléfono;Solicitud;Normal
72340;Cerrado;RV: Taller el Guante-VIH;46121,40764;46121,41389;Administrativo;Carlos Calvo;Envío de comunicados a comunidades;Correo;Solicitud;Normal
72341;Cerrado;Botón de búsqueda de rúbricas;46121,60069;46121,60903;Profesor;Mariana Mora;Evaluaciones;Correo;Solicitud;Normal
72342;Cerrado;Agregar estudiante a cátedras;46121,65208;46121,65208;Estudiante;Mariana Mora;Agregar/cambiar asociación de usuario a comunidad;Teléfono;Solicitud;Normal
72343;Cerrado;Solicitud apertura TEC Digital: EXCEL AVANZADO 1 A126 GR 1 B I 2026;46121,68542;46122,33611;Administrativo FundaTEC;Jimena Rivera;Creación cursos FundaTEC;Correo;Solicitud;Normal
72345;Cerrado;Solicitud de funcionalidad: modo oscuro;46121,89861;46122,32431;Estudiante;Carlos Calvo;Atención personalizada a usuarios;Correo;Solicitud;Normal
72346;Cerrado;Acceso Tec digital;46121,91528;46122,52708;Administrativo;Carlos Calvo;Activar cuentas de usuario;Correo;Solicitud;Normal
72347;Cerrado;RV: Fallo en mi conexión;46122,36736;46122,52708;Profesor;Carlos Calvo;GAAP;Correo;Solicitud;Normal
72349;Cerrado;Solicitud apertura TEC Digital: EXCEL BÁSICO G#1 A226;46122,41181;46122,43333;Administrativo FundaTEC;Carlos Calvo;Creación cursos FundaTEC;Correo;Solicitud;Normal
72350;Cerrado;Solicitud apertura TEC Digital: EXCEL BÁSICO G#2 B226;46122,41181;46122,4375;Administrativo FundaTEC;Jimena Rivera;Creación cursos FundaTEC;Correo;Solicitud;Normal
72351;Cerrado;Re: Aviso Importante: Servicio SMS suspendido;46122,42083;46122,49583;Profesor;Carlos Calvo;Problemas con correos;Correo;Solicitud;Normal
72352;Cerrado;RV: Actividades Feria de la Salud - Viernes 10 de abril;46122,42778;46122,66597;Administrativo;Carlos Calvo;Envío de comunicados a comunidades;Correo;Solicitud;Normal
72353;Cerrado;Sincronización CFH;46122,4625;46122,4625;Administrativo;Jimena Rivera;Actualizar cursos a estudiantes;Correo;Solicitud;Normal
72354;Cerrado;Acceso;46122,48611;46122,48889;Profesor;Carlos Calvo;Acceso a la plataforma TEC Digital;Correo;Solicitud;Normal
72355;Cerrado;Ingreso TEC digital;46122,4875;46122,49306;Estudiante;Jimena Rivera;Acceso a la plataforma TEC Digital;Correo;Solicitud;Normal
72356;Cerrado;activacion de cuenta;46122,49653;46122,49653;Estudiante;Carlos Calvo;Activar cuentas de usuario;Presencial;Solicitud;Normal
72357;Cerrado;Ingreso al Tec digital;46122,49931;46122,54583;Externo;Mariana Mora;Acceso a la plataforma TEC Digital;Correo;Solicitud;Normal
72358;Cerrado;Agregar a comunidad;46122,56597;46122,56597;Estudiante;Mariana Mora;Agregar/cambiar asociación de usuario a comunidad;Teléfono;Solicitud;Normal
72359;Cerrado;RV: Charla: Lesiones en la Boca;46122,58125;46122,66528;Administrativo;Carlos Calvo;Envío de comunicados a comunidades;Correo;Solicitud;Normal
72360;Cerrado;Restablecimiento de Contraseña;46122,59028;46122,59861;Administrativo FundaTEC;Mariana Mora;Cambio de contraseña FundaTEC;Correo;Solicitud;Normal
72361;Cerrado;RV: Cátedra lab física 1;46122,62569;46122,62847;Profesor;Carlos Calvo;Agregar/cambiar asociación de usuario a comunidad;Correo;Solicitud;Normal
72365;Cerrado;RE: Solicitud de apertura de cursos y capacitación para nuevos docentes;46125,35;46126,32014;Administrativo;Carlos Calvo;Creación cursos FundaTEC;Correo;Solicitud;Normal
72366;Cerrado;RV: Bienvenida al Programa de Ciencia de los Datos TEC;46125,40278;46125,47708;Estudiante;Carlos Calvo;Acceso a la plataforma TEC Digital;Correo;Solicitud;Normal
72367;Cerrado;Problemas con evaluaciones GAAP;46125,44931;46125,45833;Estudiante;;;;;'-
72368;Cerrado;Problemas con evaluaciones GAAP;46125,44931;46125,55347;Profesor;Carlos Calvo;GAAP;Correo;Solicitud;Normal
72370;Cerrado;Consulta sobre notas en la plataforma;46125,45694;46125,49167;Estudiante;Carlos Calvo;Evaluaciones;Correo;Solicitud;Normal
72371;Cerrado;Problema con visualización de notas en la plataforma;46125,45764;46125,47778;Estudiante;Carlos Calvo;Evaluaciones;Correo;Solicitud;Normal
72372;Cerrado;Evaluación de Tutorías Estudiantiles I-2026;46125,46181;46125,48611;Administrativo;Carlos Calvo;Envío de comunicados a comunidades;Correo;Solicitud;Normal
72373;Cerrado;RE: cambio de correo;46125,48611;46125,49167;Administrativo;Carlos Calvo;Atención personalizada a usuarios;Correo;Solicitud;Normal
72374;Cerrado;Agregar una estudiante a Cátedra;46125,50208;46125,55486;Profesor;Carlos Calvo;Agregar/cambiar asociación de usuario a comunidad;Correo;Solicitud;Normal
72375;Cerrado;Solicitud de registro de asistente en subgrupo Red MatIA de la Escuela de Matemática;46125,5375;46125,60764;Director/Coordinador;Carlos Calvo;Agregar/cambiar asociación de usuario a comunidad;Correo;Solicitud;Normal
72376;Cerrado;RE: Servicio SMS restablecido;46125,57917;46125,65556;Administrativo;Carlos Calvo;Problemas con correos;Correo;Solicitud;Normal
72377;Cerrado;Ingreso al TEC Digital (Creación de usuarios);46125,57917;46125,59792;Administrativo FundaTEC;Mariana Mora;Creación de usuarios FundaTEC;Correo;Solicitud;Normal
72378;Cerrado;Capacitación;46125,60625;46125,6125;Administrativo;Carlos Calvo;Inclusiones;Correo;Solicitud;Normal
72379;Cerrado;Agregar estudiante a cátedra;46125,63819;46125,63819;Estudiante;Mariana Mora;Agregar/cambiar asociación de usuario a comunidad;Teléfono;Solicitud;Normal
72380;Cerrado;Buenas tardes,;46125,64653;46125,65833;Estudiante;Carlos Calvo;Atención personalizada a usuarios;Correo;Solicitud;Normal
72381;Cerrado;Consulta Herramienta Control de Plagio TD;46125,65556;46132,67361;Estudiante;Carlos Calvo;Control de plagio;Correo;Solicitud;Normal
72382;Cerrado;Planes de trabajo;46125,68403;46126,32083;Administrativo;Carlos Calvo;Planes de Trabajo;Correo;Solicitud;Normal
72383;Cerrado;RV: Comunicado Importante;46125,69931;46126,32361;Administrativo;Carlos Calvo;Envío de comunicados a lista seleccionada;Correo;Solicitud;Normal
72384;Cerrado;Catedra de Dinamica;46125,81736;46126,32708;Estudiante;Mariana Mora;Agregar/cambiar asociación de usuario a comunidad;Correo;Solicitud;Normal
72385;Cerrado;Fw: Cursos creados TecDigital para II Trimestre;46125,85;46133,32778;Administrativo;Carlos Calvo;Agregar/cambiar asociación de profesor a curso;Correo;Solicitud;Normal
72386;Cerrado;Solicitud de incorporación de estudiante en grupo 35 módulo 1. Matemática para Ciencia de los Datos del Programa de Ciencia de los Datos;46125,85208;46126,32917;Administrativo FundaTEC;Mariana Mora;Agregar/cambiar asociación de estudiante a curso;Correo;Solicitud;Normal
72387;Cerrado;RE: Bienvenida al Programa de Ciencia de los Datos TEC;46125,87778;46126,39236;Administrativo FundaTEC;Carlos Calvo;Agregar/cambiar asociación de estudiante a curso;Correo;Solicitud;Normal
72389;Cerrado;Favor;46126,3125;46126,38056;Profesor;Carlos Calvo;GAAP;Correo;Solicitud;Normal
72390;Cerrado;Ingreso al TEC Digital (Creación de usuarios);46126,44097;46126,45139;Administrativo FundaTEC;Mariana Mora;Creación de usuarios FundaTEC;Correo;Solicitud;Normal
72392;Cerrado;Problemas de ingreso;46126,50208;46126,58264;Estudiante;Carlos Calvo;Acceso a la plataforma TEC Digital;Correo;Solicitud;Normal
72393;Cerrado;Cuenta turn it in;46126,57917;46126,58542;Profesor;Jimena Rivera;Atención personalizada a usuarios;Correo;Solicitud;Normal
72394;Cerrado;Ingreso al TEC Digital (Creación de usuarios);46126,69514;46127,43056;Administrativo FundaTEC;Jimena Rivera;Creación de usuarios FundaTEC;Correo;Solicitud;Normal
72395;Cerrado;Solicitud de revisión de nota del Quiz 2 – Estudio del Trabajo I Grupo 1;46126,74792;46127,31458;Estudiante;;;;;'-
72396;Cerrado;Solicitud de revisión de nota del Quiz 2 – Estudio del Trabajo I Grupo 1;46126,75;46127,54653;Estudiante;Carlos Calvo;GAAP;Correo;Solicitud;Normal
72397;Cerrado;Acceso TEC Digital;46126,76319;46128,31319;Estudiante FundaTEC;Carlos Calvo;Acceso a la plataforma TEC Digital;Correo;Solicitud;Normal
72398;Cerrado;Consulta respecto a planes de trabajo;46127,41528;46127,41528;Profesor;Jimena Rivera;Planes de Trabajo;Correo;Solicitud;Normal
72399;Cerrado;Uso de Turnitin - Control de Pagio;46127,42639;46127,43333;Profesor;Carlos Calvo;Control de plagio;Correo;Solicitud;Normal
72400;Cerrado;Acceso al Tec Digital;46127,55069;46127,55069;Estudiante;Jimena Rivera;Acceso a la plataforma TEC Digital;Correo;Solicitud;Normal
72401;Cerrado;Solicitud de incorporación como administrador en cursos de maestría.;46127,55208;46127,56736;Administrativo;Carlos Calvo;Agregar/cambiar asociación de profesor a curso;Correo;Solicitud;Normal
72402;Cerrado;Solicitud de incorporar a 3 profesores a comunidad;46127,55972;46127,57153;Administrativo;Carlos Calvo;Agregar/cambiar asociación de usuario a comunidad;Correo;Solicitud;Normal
72403;Cerrado;Agregar administradores a cursos Bimestre 3 - 2026;46127,56458;46127,59097;Administrativo;Jimena Rivera;Agregar/cambiar asociación de profesor a curso;Correo;Solicitud;Normal
72404;Cerrado;Acesso correo diseño industrial;46127,57708;46127,58889;;;;Correo;;'-
72405;Cerrado;Consulta;46127,58264;46129,37917;Administrativo FundaTEC;Carlos Calvo;Atención personalizada a usuarios;Correo;Solicitud;Normal
72406;Cerrado;Acesso correo diseño industrial;46127,58472;46127,61319;Estudiante;Jimena Rivera;Asignación de permisos especiales;Correo;Solicitud;Normal
72407;Cerrado;Divulgar;46127,59514;46127,60069;Administrativo;Carlos Calvo;Envío de comunicados a lista seleccionada;Correo;Solicitud;Normal
72409;Cerrado;Herramienta control de Plagio;46127,67014;46133,37778;Profesor;Carlos Calvo;Control de plagio;Correo;Solicitud;Normal
72410;Cerrado;Consulta acceso TEC Digital;46127,73403;46128,34028;Estudiante;Carlos Calvo;Acceso a la plataforma TEC Digital;Correo;Solicitud;Normal
72411;Cerrado;Evaluación modulo 3;46128,32222;46129,44931;Administrativo;Jimena Rivera;GAAP;Correo;Solicitud;Normal
72412;Cerrado;Evaluación módulo #3 Control Interno;46128,32917;46128,33125;Administrativo;;;;;'-
72413;Cerrado;RE: Agregar administradores a cursos Bimestre 3 - 2026;46128,33681;46128,34792;Administrativo;Jimena Rivera;Asignación de permisos especiales;Correo;Solicitud;Normal
72414;Cerrado;Acceso a cuenta TEC Digital como profesor;46128,43681;46128,44722;Profesor;Jimena Rivera;Acceso a la plataforma TEC Digital;Correo;Solicitud;Normal
72415;Cerrado;Apertura de los cursos en el TEc-digital;46128,52986;46140,36319;Administrativo FundaTEC;Carlos Calvo;Creación cursos FundaTEC;Correo;Solicitud;Normal
72416;Cerrado;Charla Generalidades del VIH;46128,61736;46132,47431;Administrativo;Carlos Calvo;Envío de comunicados a lista seleccionada;Correo;Solicitud;Normal
72417;Cerrado;Problema al subir documentos;46128,62014;46128,62014;Estudiante;Mariana Mora;Carpetas/Documentos;Presencial;Solicitud;Normal
72419;Cerrado;Inclusión a la Comunidad de Cálculo Diferencial e Integral;46128,81042;46129,32708;Estudiante;Jimena Rivera;Actualizar miembros de comunidades;Correo;Solicitud;Normal
72420;Cerrado;Inclusión a la Comunidad de Cálculo Diferencial e Integral;46128,81181;46129,325;Estudiante;;;;;'-
72421;Cerrado;Durante el año pasado estaba en la carrera de MATE...;46128,91111;46129,40069;Estudiante;Jimena Rivera;Cambiar información personal;Correo;Solicitud;Normal
72422;Cerrado;Prematricula;46128,91458;46129,32361;Estudiante;;;;;'-
72423;Cerrado;Problema con el sistema de notifaciones de evaluacioines;46129,09375;46129,47778;Estudiante;Carlos Calvo;Evaluaciones;Correo;Solicitud;Normal
72424;Cerrado;Información requerida - TecDigital;46129,40556;46129,48611;Externo;Jimena Rivera;Expediente estudiantil;Correo;Solicitud;Normal
72425;Cerrado;corregir profesor;46129,40625;46129,47778;Profesor;Jimena Rivera;Agregar/cambiar asociación de profesor a curso;Correo;Solicitud;Normal
72426;Cerrado;Solicitud;46129,40903;46129,61597;Profesor;Jimena Rivera;Actualizar miembros de comunidades;Correo;Solicitud;Normal
72427;Cerrado;Carga de evaluación;46129,46528;46129,46528;Estudiante;Carlos Calvo;Evaluaciones;Presencial;Solicitud;Normal
72428;Cerrado;Prematricula;46129,46736;46129,66667;Estudiante;Mariana Mora;Prematrícula;Correo;Solicitud;Normal
72429;Cerrado;Ingreso al TEC Digital (Creación de usuarios);46129,56111;46129,62083;Administrativo FundaTEC;Mariana Mora;Creación de usuarios FundaTEC;Correo;Solicitud;Normal
72430;Cerrado;Solicitud de colaboración para trabajo de graduación;46129,58333;46129,61875;Estudiante;Carlos Calvo;Atención personalizada a usuarios;Correo;Solicitud;Normal
72431;Cerrado;Ingreso al TEC Digital (Creación de usuarios);46129,62431;46129,63403;Administrativo FundaTEC;Mariana Mora;Creación de usuarios FundaTEC;Correo;Solicitud;Normal
72432;Cerrado;Apoyo en registro de estudiantes de primer ingreso, TEC Digital – II Trimestre 2026;46129,70556;46132,40625;Administrativo;Carlos Calvo;Creación cursos FundaTEC;Correo;Solicitud;Normal
72435;Cerrado;Soporte;46132,36667;46132,43403;Administrativo;Carlos Calvo;Agregar/cambiar asociación de profesor a curso;Correo;Solicitud;Normal
72436;Cerrado;Acceso TEC Digital;46132,37083;46132,44097;Administrativo;Carlos Calvo;Activar cuentas de usuario;Correo;Solicitud;Normal
72437;Cerrado;Solicitud de actualizar estudiantes en grupos del TecDigital;46132,40903;46132,54306;Administrativo FundaTEC;Carlos Calvo;Agregar/cambiar asociación de estudiante a curso;Correo;Solicitud;Normal
72438;Cerrado;Consulta Aplicaciones;46132,45903;46132,67083;Administrativo;Carlos Calvo;Asignación de permisos especiales;Correo;Solicitud;Normal
72439;Cerrado;Estudiantes reportan que no reciben documentos;46132,58472;46132,61111;Profesor;Mariana Mora;Problemas con correos;Correo;Solicitud;Normal
72440;Cerrado;Asociar GAAP a evaluación;46132,64514;46132,64514;Profesor;Mariana Mora;GAAP;Teléfono;Solicitud;Normal
72441;Cerrado;Agregar cuentas como profesor asociado en cursos de Tec Digital - II Bimestre 2026;46132,6875;46133,32569;Profesor;Mariana Mora;Agregar/cambiar asociación de profesor a curso;Correo;Solicitud;Normal
72443;Cerrado;usuario y contraseña de TEC DIGITAL;46132,725;46133,32778;Estudiante;Carlos Calvo;Acceso a la plataforma TEC Digital;Correo;Solicitud;Normal
72445;Cerrado;Corrección nombre TEC digital;46133,38403;46133,59167;Administrativo FundaTEC;Carlos Calvo;Cambiar información personal;Correo;Solicitud;Normal
72446;Cerrado;Reporte de error en carga de documentos – TEC Digital;46133,50208;46133,58472;Estudiante;Carlos Calvo;Evaluaciones;Correo;Solicitud;Normal
72447;Cerrado;Registro de Carrera;46133,56736;46133,64931;Estudiante;Jimena Rivera;Cambiar información personal;Correo;Solicitud;Normal
72448;Cerrado;Para compartir;46133,59444;46133,59792;Administrativo;Carlos Calvo;Envío de comunicados a comunidades;Correo;Solicitud;Normal
72450;Cerrado;RE: Acceso al Tec Digital;46133,61667;46133,64236;Administrativo;Carlos Calvo;Agregar/cambiar asociación de profesor a curso;Correo;Solicitud;Normal
72451;Cerrado;Divulgar;46133,67222;46135,32014;Administrativo;Carlos Calvo;Envío de comunicados a comunidades;Correo;Solicitud;Normal
72452;Cerrado;RE: Capacitaciones TEC Digital;46133,68472;46134,36875;Profesor;Carlos Calvo;Solicitud de capacitación;Correo;Solicitud;Normal
72454;Cerrado;Solicitud de permisos para la nueva Coordinación Carrera Turismo;46134,35903;46134,42014;Administrativo;Jimena Rivera;Asignación de permisos especiales;Correo;Solicitud;Normal
72455;Cerrado;Acceso a uso de Turnitin para control de plagio;46134,38681;46134,39028;Profesor;Carlos Calvo;Control de plagio;Correo;Solicitud;Normal
72456;Cerrado;Grupos de TEC Digital para Inglés TEC SC II bimestre;46134,43403;46134,67917;Administrativo FundaTEC;Jimena Rivera;Creación cursos FundaTEC;Correo;Solicitud;Normal
72457;Cerrado;Grupos de TEC Digital para Inglés TEC SC II bimestre;46134,43403;46134,44236;Profesor;Carlos Calvo;GAAP;Correo;Solicitud;'-
72458;Cerrado;Problemas GAAP - Asignación de evaluaciones;46134,50694;46136,48542;Profesor;Carlos Calvo;GAAP;Correo;Solicitud;Normal
72459;Cerrado;Principios de programación 2;46134,5375;46134,55069;Estudiante FundaTEC;Carlos Calvo;Atención personalizada a usuarios;Correo;Solicitud;Normal
72460;Cerrado;Descargar listado de estudiantes de curso;46134,57292;46134,57292;Administrativo;Carlos Calvo;Atención personalizada a usuarios;Chat;Solicitud;Normal
72461;Cerrado;RE: [Centro de Ayuda del TEC Digital] Re: RV: Cátedra lab física 1;46134,60347;46134,62014;Profesor;Jimena Rivera;Agregar/cambiar asociación de usuario a comunidad;Correo;Solicitud;Normal
72462;Cerrado;Recuperar: [Centro de Ayuda del TEC Digital] Re: RV: Cátedra lab física 1;46134,60625;46134,61806;Profesor;Carlos Calvo;Agregar/cambiar asociación de usuario a comunidad;Correo;Solicitud;'-
72463;Cerrado;RE: [Centro de Ayuda del TEC Digital] Re: RV: Cátedra lab física 1;46134,60625;46134,61875;Profesor;Carlos Calvo;Agregar/cambiar asociación de usuario a comunidad;Correo;Solicitud;'-
72464;Cerrado;solicitud para Incorporar estudiante Wendy Soto Mora, al TEC-Digital;46134,61736;46134,63542;Estudiante;Carlos Calvo;Creación de usuarios FundaTEC;Correo;Solicitud;Normal
72465;Cerrado;inclusión en TEC-Digital matricula Jeremy Muñoz;46134,6375;46134,64583;Administrativo;Jimena Rivera;Agregar/cambiar asociación de estudiante a curso;Correo;Solicitud;Normal
72466;Cerrado;Solicitud de Usuario de Tecdigital, II T 2026;46134,64028;46134,65625;Administrativo;Jimena Rivera;Actualizar cursos a estudiantes;Correo;Solicitud;Normal
72467;Cerrado;Revisar ingreso al tec-ditial Curso principios de programación 2, estudiante;46134,64444;46134,65347;;;;Correo;;'-
72468;Cerrado;Re: solicitud para Incorporar estudiante Wendy Soto Mora, al TEC-Digital;46134,64514;46134,64653;Administrativo;Jimena Rivera;Agregar/cambiar asociación de estudiante a curso;Correo;Solicitud;Normal
72469;Cerrado;Solicitud de actualización de cursos;46134,65139;46135,41875;Profesor;Jimena Rivera;Actualizar cursos a estudiantes;Correo;Solicitud;Normal
72470;Cerrado;Re: Revisar ingreso al tec-ditial Curso principios de programación 2, estudiante;46134,65139;46134,65625;Estudiante FundaTEC;Jimena Rivera;Actualizar cursos a estudiantes;Correo;Solicitud;Normal
72471;Cerrado;RE: Revisar ingreso al tec-ditial Curso principios de programación 2, estudiante;46134,65347;46134,65694;Administrativo;Jimena Rivera;Actualizar cursos a estudiantes;Correo;Solicitud;Normal
72472;Cerrado;RE: Solicitud urgente para ser agregado en la Cátedra de Cálculo y Álgebra Lineal;46134,67917;46134,68333;Director/Coordinador;Carlos Calvo;Actualizar miembros de comunidades;Correo;Solicitud;Normal
72473;Cerrado;RE: Capacitaciones TEC Digital;46134,6875;46135,31597;Profesor;Carlos Calvo;Solicitud de capacitación;Correo;Solicitud;Normal
72474;Cerrado;incluir en TEC-Digital;46134,74236;46135,56667;Administrativo;Carlos Calvo;Activar cuentas de usuario;Correo;Solicitud;Normal
72475;Cerrado;RV: [Centro de Ayuda del TEC Digital] Re: Información de curso;46134,76111;46135,33611;Administrativo;Jimena Rivera;Expediente estudiantil;Correo;Solicitud;Normal
72476;Cerrado;No me sirve el wifi del TEC;46135,32569;46135,32778;Estudiante;Mariana Mora;Atención personalizada a usuarios;Correo;Solicitud;Normal
72478;Cerrado;Acceso Tec Digital;46135,37014;46136,59583;Profesor;Jimena Rivera;Gestor de Consultas;Correo;Solicitud;Normal
72479;Cerrado;consulta;46135,37569;46135,43889;Profesor;Mariana Mora;Atención personalizada a usuarios;Correo;Solicitud;Normal
72480;Cerrado;Solicitud de agregar estudiante a Comunidad;46135,40347;46135,54792;Estudiante;Mariana Mora;Agregar/cambiar asociación de usuario a comunidad;Correo;Incidente;Normal
72481;Cerrado;Información de la página de prematricula incorrecta;46135,43403;46135,45417;Estudiante;Carlos Calvo;Atención personalizada a usuarios;Correo;Solicitud;Normal
72482;Cerrado;RE: Capacitaciones TEC Digital;46135,49653;46135,55417;Profesor;Carlos Calvo;Solicitud de capacitación;Correo;Solicitud;Normal
72483;Cerrado;CONSULTA;46135,53889;46135,63403;Profesor;Carlos Calvo;GAAP;Correo;Solicitud;Normal
72484;Cerrado;Divulgar en todos los campus y centros;46135,63194;46139,32917;Administrativo;Carlos Calvo;Envío de comunicados a comunidades;Correo;Solicitud;Normal
72485;Cerrado;Solicitud apertura TEC Digital: INSPECCIÓN POR VARIABLES Y ATRIBUTOS A225;46135,65833;46135,68194;Administrativo FundaTEC;Carlos Calvo;Creación cursos FundaTEC;Correo;Solicitud;Normal
72486;Cerrado;Solicitud apertura TEC Digital: TÉCNICAS PARA LA MEJORA A225;46135,65833;46136,325;Administrativo FundaTEC;Jimena Rivera;Creación cursos FundaTEC;Correo;Solicitud;Normal
72487;Cerrado;Solicitud apertura TEC Digital: INSPECCIÓN POR VARIABLES Y ATRIBUTOS B225;46135,66181;46135,68403;Administrativo FundaTEC;Carlos Calvo;Creación cursos FundaTEC;Correo;Solicitud;Normal
72488;Cerrado;Solicitud apertura TEC Digital: TÉCNICAS PARA LA MEJORA B225;46135,66181;46136,33958;Administrativo FundaTEC;Jimena Rivera;Creación cursos FundaTEC;Correo;Solicitud;Normal
72489;Cerrado;Solicitud apertura TEC Digital: ANÁLISIS DE SISTEMAS DE MEDICIÓN A325;46135,67569;46136,33194;Administrativo FundaTEC;Carlos Calvo;Creación cursos FundaTEC;Correo;Solicitud;Normal
72490;Cerrado;Solicitud apertura TEC Digital: GRÁFICOS DE CONTROL A325;46135,67569;46136,3875;Administrativo FundaTEC;Carlos Calvo;Creación cursos FundaTEC;Correo;Solicitud;Normal
72491;Cerrado;Solicitud apertura TEC Digital: ANÁLISIS DE SISTEMAS DE MEDICIÓN B325;46135,67917;46136,33125;Administrativo FundaTEC;Carlos Calvo;Creación cursos FundaTEC;Correo;Solicitud;Normal
72492;Cerrado;Solicitud apertura TEC Digital: GRÁFICOS DE CONTROL B325;46135,67917;46136,39167;Administrativo FundaTEC;Carlos Calvo;Creación cursos FundaTEC;Correo;Solicitud;Normal
72493;Cerrado;Solicitud apertura TEC Digital: COSTOS DE CALIDAD A126;46135,69653;46136,41667;Administrativo FundaTEC;Carlos Calvo;Creación cursos FundaTEC;Correo;Solicitud;Normal
72494;Cerrado;Solicitud apertura TEC Digital: ANALISIS DE DATOS 1 A126;46135,69653;46136,38194;Administrativo FundaTEC;Jimena Rivera;Creación cursos FundaTEC;Correo;Solicitud;Normal
72495;Cerrado;Solicitud apertura TEC Digital: COSTOS DE CALIDAD B126;46135,70278;46136,42014;Administrativo FundaTEC;Carlos Calvo;Creación cursos FundaTEC;Correo;Solicitud;Normal
72496;Cerrado;Solicitud apertura TEC Digital: ANALISIS DE DATOS 1 B126;46135,70278;46136,3875;Administrativo FundaTEC;Jimena Rivera;Creación cursos FundaTEC;Correo;Solicitud;Normal
72497;Cerrado;Solicitud apertura TEC Digital: MATEMÁTICA A126;46136,34097;46136,4;Administrativo FundaTEC;Jimena Rivera;Creación cursos FundaTEC;Correo;Solicitud;Normal
72498;Cerrado;Solicitud apertura TEC Digital: MATEMÁTICA B126;46136,34097;46136,40556;Administrativo FundaTEC;Jimena Rivera;Creación cursos FundaTEC;Correo;Solicitud;Normal
72499;Cerrado;Solicitud apertura TEC Digital: METROLOGÍA Y NORMALIZACIÓN B225;46136,34583;46136,42153;Administrativo FundaTEC;Jimena Rivera;Creación cursos FundaTEC;Correo;Solicitud;Normal
72500;Cerrado;Solicitud apertura TEC Digital: ADMINISTRACIÓN DE RECURSOS HUMANOS A325;46136,34583;46136,41944;Administrativo FundaTEC;Jimena Rivera;Creación cursos FundaTEC;Correo;Solicitud;Normal
72501;Cerrado;Autorización Plataforma TecDigital y Office;46136,35278;46136,42222;Administrativo;Carlos Calvo;Agregar/cambiar asociación de estudiante a curso;Correo;Solicitud;Normal
72502;Cerrado;Estudiantes que no tienen el curso en el Tec Digital;46136,37361;46136,42431;Administrativo;Carlos Calvo;Agregar/cambiar asociación de estudiante a curso;Correo;Solicitud;Normal
72503;Cerrado;Situación respecto al GAAP;46136,37361;46136,42222;Profesor;Jimena Rivera;GAAP;Teléfono;Solicitud;Normal
72504;Cerrado;RV: Solicitud de cambio de profesor;46136,37639;46136,40417;Profesor;Carlos Calvo;Agregar/cambiar asociación de profesor a curso;Correo;Solicitud;Normal
72505;Cerrado;Personalización del portal - Tec Digital;46136,45139;46139,37153;Profesor;Jimena Rivera;Atención personalizada a usuarios;Correo;Solicitud;Normal
72506;Cerrado;Para compartir en el TEC-DIGITAL-ESTUDIANTES DE LIMON;46136,45903;46136,48542;Administrativo;Carlos Calvo;Envío de comunicados a lista seleccionada;Correo;Solicitud;Normal
72507;Cerrado;Re: solicitud para Incorporar estudiante Wendy Soto Mora, al TEC-Digital;46136,57917;46136,58472;Administrativo;Carlos Calvo;Agregar/cambiar asociación de estudiante a curso;Correo;Solicitud;Normal
72508;Cerrado;Bloqueo por MFA – Error 500121 (Cuenta institucional TEC para Outlook);46136,65069;46136,65347;Estudiante;Mariana Mora;Atención personalizada a usuarios;Correo;Solicitud;Normal
72509;Cerrado;Re: Lista de curso;46136,79653;46139,32986;;;;Correo;;Urgente
72510;Cerrado;Re: Lista de curso;46136,80208;46139,32986;Profesor;Carlos Calvo;Agregar/cambiar asociación de estudiante a curso;Correo;Solicitud;Normal
72511;Cerrado;Ayuda a solucionar problema;46136,89167;46139,33264;Estudiante;Carlos Calvo;Agregar/cambiar asociación de estudiante a curso;Correo;Solicitud;Normal
72512;Cerrado;Acceso a cuenta institucional;46137,45556;46139,33264;Estudiante;;;;;'-
72513;Cerrado;Acceso a cuenta institucional;46137,46042;46139,33403;Estudiante;Carlos Calvo;Atención personalizada a usuarios;Correo;Solicitud;Normal
72515;Cerrado;Re: Autorización Plataforma TecDigital y Office;46137,97986;46139,36458;;;;Correo;;'-
72516;Cerrado;RE: Autorización Plataforma TecDigital y Office;46139,32708;46139,36528;Estudiante;Carlos Calvo;Acceso a la plataforma TEC Digital;Correo;Solicitud;Normal
72517;Cerrado;Re: Capacitaciones TEC Digital;46139,33333;46139,36736;Profesor;Carlos Calvo;Solicitud de capacitación;Correo;Solicitud;Normal
72518;Cerrado;RE: Capacitaciones TEC Digital;46139,34306;46141,39167;Profesor;Carlos Calvo;Solicitud de capacitación;Correo;Solicitud;Normal
72519;Cerrado;Correo estudiantil;46139,45972;46139,49306;Estudiante;Carlos Calvo;Atención personalizada a usuarios;Correo;Solicitud;Normal
72520;Cerrado;Consulta;46139,47917;46139,62431;Estudiante;Mariana Mora;Atención personalizada a usuarios;Correo;Solicitud;Normal
72521;Cerrado;solicitud de inclusión grupo: Fundamentos de Computación en la Nube;46139,48125;46139,49306;Administrativo;Mariana Mora;Agregar/cambiar asociación de estudiante a curso;Correo;Solicitud;Normal
72522;Cerrado;Soporte;46139,49792;46146,32847;Administrativo;Carlos Calvo;Activar cuentas de usuario;Correo;Solicitud;Normal
72523;Cerrado;Recuperación de cuenta para ver historial academico;46139,55972;46141,39167;Externo;Carlos Calvo;Expediente estudiantil;Correo;Solicitud;Normal
72524;Cerrado;Cátedra de Laboratorio de Química;46139,57361;46139,57778;Estudiante;Carlos Calvo;Agregar/cambiar asociación de usuario a comunidad;Correo;Solicitud;Normal
72525;Cerrado;solicitud de apoyo Tec digital;46139,65625;46139,66528;Administrativo;Carlos Calvo;Agregar/cambiar asociación de estudiante a curso;Correo;Solicitud;Normal
72527;Cerrado;Consulta sobre las comunidades que salen el tec digital;46139,83681;46140,32292;Estudiante;Carlos Calvo;Agregar/cambiar asociación de usuario a comunidad;Correo;Solicitud;Normal
72528;Cerrado;Solicitud de reporte;46139,84861;46140,45069;Estudiante;Carlos Calvo;Evaluaciones;Correo;Solicitud;Normal
72529;Cerrado;Solicitud de reporte por falla en TEC-Digital durante evaluación;46139,86597;46140,44306;Estudiante;Carlos Calvo;Evaluaciones;Correo;Solicitud;Normal
72530;Cerrado;acceso a un curso;46139,86875;46140,32222;Profesor;Mariana Mora;Agregar/cambiar asociación de profesor a curso;Correo;Solicitud;Normal
72531;Cerrado;No me funciona enviar mi solicitud: Buenas noches,...;46139,87083;46140,45208;;;;;Solicitud;'-
72532;Cerrado;Solicitud de reporte problemas para cargar archivos en TD;46139,88542;46140,47431;Estudiante;Carlos Calvo;Evaluaciones;Correo;Solicitud;Normal
72534;Cerrado;Solictud Reporte TEC DIgital;46140,2875;46140,45833;Estudiante;Carlos Calvo;Evaluaciones;Correo;Solicitud;Normal
72535;Cerrado;Problema de carga en el TecDigital;46140,44167;46140,49583;Estudiante;Carlos Calvo;Evaluaciones;Correo;Solicitud;Normal
72536;Cerrado;Reporte de entrega;46140,45139;46140,45139;Estudiante;Mariana Mora;Evaluaciones;Teléfono;Solicitud;Normal
72537;Cerrado;Divulgar en todas las comunidades de estudiantes;46140,45556;46140,48611;Administrativo;Carlos Calvo;Envío de comunicados a comunidades;Correo;Solicitud;Normal
72538;Cerrado;en mi perfil viene mi nombre arroyo solano, lo cor...;46140,54097;46140,60208;Estudiante FundaTEC;Jimena Rivera;Cambiar información personal;Correo;Solicitud;Normal
72539;Cerrado;Solicitud de reporte por avería en Tec Digital;46140,56806;46140,59861;Estudiante;Jimena Rivera;Evaluaciones;Correo;Solicitud;Normal
72540;Cerrado;Consulta;46140,58056;46140,61389;Administrativo;Carlos Calvo;Agregar/cambiar asociación de usuario a comunidad;Correo;Solicitud;Normal
72541;Cerrado;Solicitud de reporte - TecDigital;46140,60208;46140,60208;Estudiante;Jimena Rivera;Evaluaciones;Teléfono;Solicitud;Normal
72542;Cerrado;cambio de apellido;46140,61458;46140,61458;Director/Coordinador;Carlos Calvo;Cambiar información personal;Teléfono;Solicitud;Normal
72545;Cerrado;Acceso turnitin;46140,86319;46142,6375;Estudiante;Carlos Calvo;Control de plagio;Correo;Solicitud;Normal
72546;Cerrado;Modulo 3 - Especializacion de impuestos;46140,86875;46141,32292;Estudiante FundaTEC;Jimena Rivera;Actualizar cursos a estudiantes;Correo;Solicitud;Normal
72547;Cerrado;Fw: PROBLEMA TECDIGITAL;46140,93403;46142,31389;Estudiante;Jimena Rivera;Acceso a la plataforma TEC Digital;Correo;Solicitud;Normal
72548;Cerrado;Consulta;46141,42847;46141,43194;Estudiante;Carlos Calvo;Agregar/cambiar asociación de usuario a comunidad;Correo;Solicitud;Normal
72549;Cerrado;RV: Consulta sobre la plataforma;46141,43403;46141,48194;Administrativo FundaTEC;Carlos Calvo;Cambiar información personal;Correo;Solicitud;Normal
72550;Cerrado;acceso tec digital;46141,43889;46141,46181;Administrativo FundaTEC;Carlos Calvo;Creación cursos FundaTEC;Correo;Solicitud;Normal
72551;Cerrado;Solicitud de reporte - TecDigital;46141,49306;46141,49306;Estudiante;Jimena Rivera;Evaluaciones;Teléfono;Solicitud;Normal
72552;Cerrado;Fw: Reporte de caída en Tec Digital;46141,50486;46141,58194;Estudiante;Jimena Rivera;Evaluaciones;Correo;Solicitud;Normal
72553;Cerrado;Fw: SOLICITUD DE ACCESO A EXPEDIENTE ESTUDIANTIL DEL TEC-DIGITAL;46141,51806;46141,56667;;;;;Solicitud;'-
72554;Cerrado;Solicitud de reporte;46141,52778;46141,54792;Estudiante;;Evaluaciones;;;'-
72555;Cerrado;Recall: Solicitud de reporte;46141,52778;46141,54861;;;;;Solicitud;'-
72556;Cerrado;Solicitud de reporte;46141,52778;46141,58472;Estudiante;Jimena Rivera;Evaluaciones;Correo;Solicitud;Normal
72557;Cerrado;RE: SOLICITUD DE ACCESO A EXPEDIENTE ESTUDIANTIL DEL TEC-DIGITAL;46141,55139;46141,56736;Director/Coordinador;Carlos Calvo;Asignación de permisos especiales;Correo;Solicitud;Normal
72558;Cerrado;Agregar cursos;46141,58264;46141,65347;Administrativo FundaTEC;Carlos Calvo;Creación cursos FundaTEC;Correo;Solicitud;Normal
72559;Cerrado;Problema para enviar correo desde la comunidad de ATI;46141,61111;46141,68403;Estudiante;Jimena Rivera;Problemas con correos;Correo;Solicitud;Normal
72560;Cerrado;Correo no enviado;46141,61458;46141,65139;Profesor;Jimena Rivera;Problemas con correos;Teléfono;Solicitud;Normal
72562;Cerrado;Creación de curso;46142,31944;46142,40347;Administrativo FundaTEC;Jimena Rivera;Creación cursos FundaTEC;Correo;Solicitud;Normal
72563;Cerrado;Acceso al TEC Digital;46142,36458;46142,36458;Profesor FundaTEC;Mariana Mora;Creación de usuarios FundaTEC;Teléfono;Solicitud;Normal
72564;Cerrado;Solicitud;46142,37083;46142,38958;Profesor;Jimena Rivera;Actualizar miembros de comunidades;Correo;Solicitud;Normal
72565;Cerrado;Solicitud de creación de grupo - módulo 4. Big Data g34;46142,40417;46142,41458;Administrativo FundaTEC;Carlos Calvo;Creación cursos FundaTEC;Correo;Solicitud;Normal
72566;Cerrado;Favor activar acceso al Tec Digital al profesor de la Maestria en Ingeniería vial;46142,42083;46142,50139;Administrativo;Mariana Mora;Creación de usuarios FundaTEC;Correo;Solicitud;Normal
72567;Cerrado;Ingresos;46142,5;46142,54931;Administrativo;Carlos Calvo;Agregar/cambiar asociación de estudiante a curso;Correo;Solicitud;Normal
72568;Cerrado;Problemas con tec digital;46142,56458;46142,57153;Administrativo FundaTEC;Mariana Mora;Acceso a la plataforma TEC Digital;Correo;Solicitud;Normal
72569;Cerrado;Consulta;46142,59653;46142,60069;Administrativo;Mariana Mora;Agregar/cambiar asociación de profesor a curso;Correo;Solicitud;Normal
72570;Cerrado;RV: Consulta plataforma Tecdigital;46142,75347;46146,33056;Estudiante;Carlos Calvo;Atención personalizada a usuarios;Correo;Solicitud;Normal
72572;Cerrado;Desde el miércoles no se envían las noticias en ninguno de mis grupos;46143,69375;46146,47917;Profesor;Carlos Calvo;Problemas con correos;Correo;Solicitud;Normal
72574;Cerrado;Inconsistencias en entrega de asignación Lab Fis gen II gr51;46144,69375;46146,3375;Profesor;Carlos Calvo;Evaluaciones;Correo;Solicitud;Normal
72575;Cerrado;Acceso a Turnitin;46145,71806;46146,32153;Profesor;Carlos Calvo;Control de plagio;Correo;Solicitud;Normal
72576;Cerrado;Corrección en portal;46146,40278;46146,59167;Profesor;Carlos Calvo;Atención personalizada a usuarios;Teléfono;Solicitud;Normal
72577;Cerrado;Urgente;46146,43125;46146,57569;Administrativo FundaTEC;Carlos Calvo;Atención personalizada a usuarios;Correo;Solicitud;Normal
72578;Cerrado;Divulgar en todas las comunidades de estudiantes;46146,43403;46146,47083;Administrativo;Carlos Calvo;Envío de comunicados a comunidades;Correo;Solicitud;Normal
72579;Cerrado;RV: Error Tec digital;46146,45139;46146,575;Administrativo FundaTEC;Carlos Calvo;Atención personalizada a usuarios;Correo;Solicitud;Normal
72580;Cerrado;Solicitud de apertura de curso - TECDIGITAL;46146,47153;46146,47847;;;;Teléfono;;'-
72581;Cerrado;Solicitud de apertura de curso - TECDIGITAL;46146,47153;46146,57708;Profesor;Carlos Calvo;Creación cursos FundaTEC;Correo;Solicitud;Normal
72582;Cerrado;Soporte con pagina de comunidad;46146,52083;46146,57431;Profesor;Mariana Mora;Carpetas/Documentos;Correo;Solicitud;Normal
72584;Cerrado;RV: Error en TEC Digital;46146,56042;46146,61181;Administrativo FundaTEC;Mariana Mora;Carpetas/Documentos;Correo;Solicitud;Normal
72585;Cerrado;RV: Problemas ingreso tecDigital;46146,65903;46146,6875;Administrativo;Mariana Mora;Activar cuentas de usuario;Correo;Solicitud;Normal
72586;Cerrado;Solicitud de acceso al tecDigital;46146,69931;46147,32639;Estudiante;Mariana Mora;Acceso a la plataforma TEC Digital;Correo;Solicitud;Normal
72587;Cerrado;Acceso Turnitin. Técnico en Administración de Proyectos;46146,70625;46147,38542;Estudiante FundaTEC;Carlos Calvo;Control de plagio;Correo;Solicitud;Normal
72588;Cerrado;No puedo enviar archivos en las evaluaciones;46146,74583;46147,40486;Estudiante;Mariana Mora;Evaluaciones;Correo;Solicitud;Normal
72589;Cerrado;Consulta sobre el cobro del curso Excel - Revisión pendiente;46146,74653;46148,32569;Estudiante FundaTEC;Jimena Rivera;Atención personalizada a usuarios;Correo;Solicitud;Normal
72590;Cerrado;RV: acceso tec digital;46146,79861;46147,37778;Administrativo;Mariana Mora;Cambiar información personal;Correo;Solicitud;Normal
72591;Cerrado;Consulta sobre envío retrasado de mensaje a estudiantes de Física General III a través del TEC Digital;46146,98681;46147,38056;Profesor;Carlos Calvo;Problemas con correos;Correo;Solicitud;Normal
72593;Cerrado;consulta;46147,38333;46147,4;Profesor;Carlos Calvo;GAAP;Correo;Solicitud;Normal
72594;Cerrado;Problemas TEC Digital;46147,40972;46147,41389;Estudiante;Carlos Calvo;Acceso a la plataforma TEC Digital;Correo;Solicitud;Normal
72595;Cerrado;Problemas para acceder a TEC Digital;46147,43125;46147,44097;Estudiante;Carlos Calvo;Acceso a la plataforma TEC Digital;Correo;Solicitud;Normal
72596;Cerrado;Campaña de Vacunación: CAL- TEC;46147,52361;46147,55486;Administrativo;Carlos Calvo;Envío de comunicados a lista seleccionada;Correo;Solicitud;Normal
72598;Cerrado;Divulgar en todos los campus y centros;46147,59931;46149,39375;Administrativo;Carlos Calvo;Envío de comunicados a comunidades;Correo;Solicitud;Normal
72599;Cerrado;Por favor;46147,61528;46147,61944;Profesor;Jimena Rivera;Atención personalizada a usuarios;Correo;Solicitud;Normal
72600;Cerrado;Actualización de carrera en Tec Digital;46147,63403;46147,64236;Estudiante;Jimena Rivera;Actualizar miembros de comunidades;Correo;Solicitud;Normal
72601;Cerrado;Solicitud de creación de grupo - módulo 5. Minería de Datos e Inteligencia de Negocios g32;46147,68819;46148,32986;Administrativo FundaTEC;Carlos Calvo;Creación cursos FundaTEC;Correo;Solicitud;Normal
72602;Cerrado;Sin acceso TEC digital;46148,33819;46148,36319;Estudiante;Jimena Rivera;Acceso a la plataforma TEC Digital;Correo;Solicitud;Normal
72603;Cerrado;Lista oficial de clase grupo 40 Artes Musicales CASJ;46148,37708;46148,38264;Profesor;;;;;'-
72604;Cerrado;Lista oficial de clase Artes Musicales grupo 40 CASJ;46148,38125;46148,46597;Profesor;Jimena Rivera;Configuración de Comunidades/Cursos;Correo;Solicitud;Normal
72605;Cerrado;Divulgar en la comunidad de SJ;46148,40347;46148,45764;Administrativo;Carlos Calvo;Envío de comunicados a lista seleccionada;Correo;Solicitud;Normal
72606;Cerrado;Solicitud para ingresar al TecDigital;46148,46181;46149,31528;Administrativo FundaTEC;Jimena Rivera;Agregar/cambiar asociación estudiante a curso FundaTEC;Correo;Solicitud;Normal
72607;Cerrado;listas tecnico en Electromecanica;46148,52431;46148,65972;Profesor;Jimena Rivera;Creación cursos FundaTEC;Correo;Solicitud;Normal
72609;Cerrado;RV: [Centro de Ayuda del TEC Digital] Re: Problemas con tec digital;46148,56944;46148,57708;Administrativo FundaTEC;Carlos Calvo;Acceso a la plataforma TEC Digital;Correo;Solicitud;Normal
72610;Cerrado;Ingreso Turnitin;46148,61736;46148,63194;Estudiante;Carlos Calvo;Control de plagio;Correo;Solicitud;Normal
72611;Cerrado;solicitud de creación de curso;46149,34306;46149,55;Profesor;Carlos Calvo;Creación de curso;Correo;Solicitud;Normal
72612;Cerrado;No se pudo subir archivo;46149,40833;46149,47917;Profesor;Jimena Rivera;Evaluaciones;Correo;Solicitud;Normal
72613;Cerrado;Permiso de evaluación - Tec Digital;46149,45972;46149,46667;Profesor;Jimena Rivera;Asignación de permisos especiales;Correo;Solicitud;Normal
72614;Cerrado;Accesos;46149,46458;46149,48194;Administrativo;Mariana Mora;Activar cuentas de usuario;Correo;Solicitud;Normal
72615;Cerrado;consulta sobre nota del proyecto;46149,50347;46149,55069;Estudiante FundaTEC;Carlos Calvo;Atención personalizada a usuarios;Correo;Solicitud;Normal
72617;Cerrado;Consulta;46149,59444;46149,62917;Administrativo;Mariana Mora;Agregar/cambiar asociación de profesor a curso;Correo;Solicitud;Normal
72618;Cerrado;Reporte de evaluaciones;46149,60208;46149,66944;Estudiante;Mariana Mora;Evaluaciones;Presencial;Solicitud;Normal
72646;Cerrado;Por favor ayudarnos, habilitar grupo en tecdigital Electiva I Administración del riesgo y el control interno;46153,65;46154,31736;Estudiante;Carlos Calvo;Atención personalizada a usuarios;Correo;Solicitud;Normal
72648;Cerrado;Curso de excel;46153,72569;46154,33264;Estudiante;;;;;'-
72664;Cerrado;RE: Solicitud de traslado de curso | SE1103 Danza Grupo 40;46154,65069;46154,66181;;;;Correo;Solicitud;'-
