RowNo,dia,mes,anio,hora,minutos,Fecha_completa,Nombre_mes,Trimestre,Semestre_academico,Es_Periodo_Matricula,Es_Fin_Semestre
1,19,1,2026,9,7,19-Jan-2026,Enero,Trimestre I,Verano,0,0
2,19,1,2026,9,14,19-Jan-2026,Enero,Trimestre I,Verano,0,0
3,19,1,2026,9,16,19-Jan-2026,Enero,Trimestre I,Verano,0,0
4,19,1,2026,10,0,19-Jan-2026,Enero,Trimestre I,Verano,0,0
5,19,1,2026,10,1,19-Jan-2026,Enero,Trimestre I,Verano,0,0
6,19,1,2026,10,4,19-Jan-2026,Enero,Trimestre I,Verano,0,0
7,19,1,2026,10,10,19-Jan-2026,Enero,Trimestre I,Verano,0,0
8,19,1,2026,10,39,19-Jan-2026,Enero,Trimestre I,Verano,0,0
9,19,1,2026,10,45,19-Jan-2026,Enero,Trimestre I,Verano,0,0
10,19,1,2026,10,59,19-Jan-2026,Enero,Trimestre I,Verano,0,0
11,19,1,2026,11,6,19-Jan-2026,Enero,Trimestre I,Verano,0,0
12,19,1,2026,11,9,19-Jan-2026,Enero,Trimestre I,Verano,0,0
13,19,1,2026,11,11,19-Jan-2026,Enero,Trimestre I,Verano,0,0
14,19,1,2026,11,17,19-Jan-2026,Enero,Trimestre I,Verano,0,0
15,19,1,2026,11,25,19-Jan-2026,Enero,Trimestre I,Verano,0,0
16,19,1,2026,11,26,19-Jan-2026,Enero,Trimestre I,Verano,0,0
17,19,1,2026,11,29,19-Jan-2026,Enero,Trimestre I,Verano,0,0
18,19,1,2026,11,32,19-Jan-2026,Enero,Trimestre I,Verano,0,0
19,19,1,2026,11,34,19-Jan-2026,Enero,Trimestre I,Verano,0,0
20,19,1,2026,11,39,19-Jan-2026,Enero,Trimestre I,Verano,0,0
21,19,1,2026,11,42,19-Jan-2026,Enero,Trimestre I,Verano,0,0
22,19,1,2026,11,43,19-Jan-2026,Enero,Trimestre I,Verano,0,0
23,19,1,2026,11,46,19-Jan-2026,Enero,Trimestre I,Verano,0,0
24,19,1,2026,11,48,19-Jan-2026,Enero,Trimestre I,Verano,0,0
25,19,1,2026,11,50,19-Jan-2026,Enero,Trimestre I,Verano,0,0
26,19,1,2026,11,59,19-Jan-2026,Enero,Trimestre I,Verano,0,0
27,19,1,2026,13,14,19-Jan-2026,Enero,Trimestre I,Verano,0,0
28,19,1,2026,13,31,19-Jan-2026,Enero,Trimestre I,Verano,0,0
29,19,1,2026,13,33,19-Jan-2026,Enero,Trimestre I,Verano,0,0
30,19,1,2026,13,34,19-Jan-2026,Enero,Trimestre I,Verano,0,0
31,19,1,2026,13,35,19-Jan-2026,Enero,Trimestre I,Verano,0,0
32,19,1,2026,13,41,19-Jan-2026,Enero,Trimestre I,Verano,0,0
33,19,1,2026,13,42,19-Jan-2026,Enero,Trimestre I,Verano,0,0
34,19,1,2026,13,43,19-Jan-2026,Enero,Trimestre I,Verano,0,0
35,19,1,2026,13,55,19-Jan-2026,Enero,Trimestre I,Verano,0,0
36,19,1,2026,14,6,19-Jan-2026,Enero,Trimestre I,Verano,0,0
37,19,1,2026,14,12,19-Jan-2026,Enero,Trimestre I,Verano,0,0
38,19,1,2026,14,57,19-Jan-2026,Enero,Trimestre I,Verano,0,0
39,19,1,2026,14,59,19-Jan-2026,Enero,Trimestre I,Verano,0,0
40,19,1,2026,16,39,19-Jan-2026,Enero,Trimestre I,Verano,0,0
41,20,1,2026,7,31,20-Jan-2026,Enero,Trimestre I,Verano,0,0
42,20,1,2026,7,32,20-Jan-2026,Enero,Trimestre I,Verano,0,0
43,20,1,2026,7,36,20-Jan-2026,Enero,Trimestre I,Verano,0,0
44,20,1,2026,8,0,20-Jan-2026,Enero,Trimestre I,Verano,0,0
45,20,1,2026,9,47,20-Jan-2026,Enero,Trimestre I,Verano,0,0
46,20,1,2026,9,52,20-Jan-2026,Enero,Trimestre I,Verano,0,0
47,20,1,2026,13,25,20-Jan-2026,Enero,Trimestre I,Verano,0,0
48,20,1,2026,14,4,20-Jan-2026,Enero,Trimestre I,Verano,0,0
49,20,1,2026,14,40,20-Jan-2026,Enero,Trimestre I,Verano,0,0
50,20,1,2026,15,57,20-Jan-2026,Enero,Trimestre I,Verano,0,0
51,20,1,2026,16,21,20-Jan-2026,Enero,Trimestre I,Verano,0,0
52,21,1,2026,7,45,21-Jan-2026,Enero,Trimestre I,Verano,0,0
53,21,1,2026,7,46,21-Jan-2026,Enero,Trimestre I,Verano,0,0
54,21,1,2026,7,48,21-Jan-2026,Enero,Trimestre I,Verano,0,0
55,21,1,2026,7,50,21-Jan-2026,Enero,Trimestre I,Verano,0,0
56,21,1,2026,7,51,21-Jan-2026,Enero,Trimestre I,Verano,0,0
57,21,1,2026,8,53,21-Jan-2026,Enero,Trimestre I,Verano,0,0
58,21,1,2026,9,46,21-Jan-2026,Enero,Trimestre I,Verano,0,0
59,21,1,2026,11,27,21-Jan-2026,Enero,Trimestre I,Verano,0,0
60,21,1,2026,13,11,21-Jan-2026,Enero,Trimestre I,Verano,0,0
61,21,1,2026,13,12,21-Jan-2026,Enero,Trimestre I,Verano,0,0
62,21,1,2026,15,6,21-Jan-2026,Enero,Trimestre I,Verano,0,0
63,21,1,2026,16,37,21-Jan-2026,Enero,Trimestre I,Verano,0,0
64,22,1,2026,11,7,22-Jan-2026,Enero,Trimestre I,Verano,0,0
65,22,1,2026,11,21,22-Jan-2026,Enero,Trimestre I,Verano,0,0
66,22,1,2026,11,25,22-Jan-2026,Enero,Trimestre I,Verano,0,0
67,22,1,2026,11,29,22-Jan-2026,Enero,Trimestre I,Verano,0,0
68,22,1,2026,11,31,22-Jan-2026,Enero,Trimestre I,Verano,0,0
69,22,1,2026,11,41,22-Jan-2026,Enero,Trimestre I,Verano,0,0
70,22,1,2026,11,57,22-Jan-2026,Enero,Trimestre I,Verano,0,0
71,22,1,2026,16,33,22-Jan-2026,Enero,Trimestre I,Verano,0,0
72,22,1,2026,16,34,22-Jan-2026,Enero,Trimestre I,Verano,0,0
73,22,1,2026,16,43,22-Jan-2026,Enero,Trimestre I,Verano,0,0
74,23,1,2026,7,56,23-Jan-2026,Enero,Trimestre I,Verano,0,0
75,23,1,2026,8,55,23-Jan-2026,Enero,Trimestre I,Verano,0,0
76,23,1,2026,8,57,23-Jan-2026,Enero,Trimestre I,Verano,0,0
77,23,1,2026,8,59,23-Jan-2026,Enero,Trimestre I,Verano,0,0
78,23,1,2026,10,22,23-Jan-2026,Enero,Trimestre I,Verano,0,0
79,23,1,2026,10,24,23-Jan-2026,Enero,Trimestre I,Verano,0,0
80,23,1,2026,10,28,23-Jan-2026,Enero,Trimestre I,Verano,0,0
81,23,1,2026,10,35,23-Jan-2026,Enero,Trimestre I,Verano,0,0
82,23,1,2026,13,55,23-Jan-2026,Enero,Trimestre I,Verano,0,0
83,23,1,2026,14,46,23-Jan-2026,Enero,Trimestre I,Verano,0,0
84,23,1,2026,16,32,23-Jan-2026,Enero,Trimestre I,Verano,0,0
85,23,1,2026,16,33,23-Jan-2026,Enero,Trimestre I,Verano,0,0
86,26,1,2026,7,47,26-Jan-2026,Enero,Trimestre I,Verano,0,0
87,26,1,2026,8,13,26-Jan-2026,Enero,Trimestre I,Verano,0,0
88,26,1,2026,8,40,26-Jan-2026,Enero,Trimestre I,Verano,0,0
89,26,1,2026,8,41,26-Jan-2026,Enero,Trimestre I,Verano,0,0
90,26,1,2026,8,46,26-Jan-2026,Enero,Trimestre I,Verano,0,0
91,26,1,2026,9,18,26-Jan-2026,Enero,Trimestre I,Verano,0,0
92,26,1,2026,9,41,26-Jan-2026,Enero,Trimestre I,Verano,0,0
93,26,1,2026,9,44,26-Jan-2026,Enero,Trimestre I,Verano,0,0
94,26,1,2026,9,56,26-Jan-2026,Enero,Trimestre I,Verano,0,0
95,26,1,2026,10,1,26-Jan-2026,Enero,Trimestre I,Verano,0,0
96,26,1,2026,10,8,26-Jan-2026,Enero,Trimestre I,Verano,0,0
97,26,1,2026,11,1,26-Jan-2026,Enero,Trimestre I,Verano,0,0
98,26,1,2026,11,53,26-Jan-2026,Enero,Trimestre I,Verano,0,0
99,26,1,2026,13,22,26-Jan-2026,Enero,Trimestre I,Verano,0,0
100,26,1,2026,13,40,26-Jan-2026,Enero,Trimestre I,Verano,0,0
101,26,1,2026,14,2,26-Jan-2026,Enero,Trimestre I,Verano,0,0
102,26,1,2026,14,40,26-Jan-2026,Enero,Trimestre I,Verano,0,0
103,26,1,2026,16,6,26-Jan-2026,Enero,Trimestre I,Verano,0,0
104,27,1,2026,9,34,27-Jan-2026,Enero,Trimestre I,Verano,0,0
105,27,1,2026,9,38,27-Jan-2026,Enero,Trimestre I,Verano,0,0
106,27,1,2026,13,10,27-Jan-2026,Enero,Trimestre I,Verano,0,0
107,27,1,2026,13,21,27-Jan-2026,Enero,Trimestre I,Verano,0,0
108,27,1,2026,13,22,27-Jan-2026,Enero,Trimestre I,Verano,0,0
109,27,1,2026,13,23,27-Jan-2026,Enero,Trimestre I,Verano,0,0
110,27,1,2026,13,32,27-Jan-2026,Enero,Trimestre I,Verano,0,0
111,27,1,2026,13,35,27-Jan-2026,Enero,Trimestre I,Verano,0,0
112,27,1,2026,14,5,27-Jan-2026,Enero,Trimestre I,Verano,0,0
113,27,1,2026,14,24,27-Jan-2026,Enero,Trimestre I,Verano,0,0
114,27,1,2026,14,46,27-Jan-2026,Enero,Trimestre I,Verano,0,0
115,27,1,2026,14,54,27-Jan-2026,Enero,Trimestre I,Verano,0,0
116,27,1,2026,14,57,27-Jan-2026,Enero,Trimestre I,Verano,0,0
117,27,1,2026,15,46,27-Jan-2026,Enero,Trimestre I,Verano,0,0
118,27,1,2026,15,53,27-Jan-2026,Enero,Trimestre I,Verano,0,0
119,27,1,2026,16,7,27-Jan-2026,Enero,Trimestre I,Verano,0,0
120,27,1,2026,16,9,27-Jan-2026,Enero,Trimestre I,Verano,0,0
121,28,1,2026,7,21,28-Jan-2026,Enero,Trimestre I,Verano,0,0
122,28,1,2026,7,25,28-Jan-2026,Enero,Trimestre I,Verano,0,0
123,28,1,2026,9,46,28-Jan-2026,Enero,Trimestre I,Verano,0,0
124,28,1,2026,9,52,28-Jan-2026,Enero,Trimestre I,Verano,0,0
125,28,1,2026,10,25,28-Jan-2026,Enero,Trimestre I,Verano,0,0
126,28,1,2026,11,43,28-Jan-2026,Enero,Trimestre I,Verano,0,0
127,28,1,2026,13,36,28-Jan-2026,Enero,Trimestre I,Verano,0,0
128,28,1,2026,15,14,28-Jan-2026,Enero,Trimestre I,Verano,0,0
129,28,1,2026,15,54,28-Jan-2026,Enero,Trimestre I,Verano,0,0
130,28,1,2026,15,56,28-Jan-2026,Enero,Trimestre I,Verano,0,0
131,29,1,2026,8,16,29-Jan-2026,Enero,Trimestre I,Verano,0,0
132,29,1,2026,9,9,29-Jan-2026,Enero,Trimestre I,Verano,0,0
133,29,1,2026,9,45,29-Jan-2026,Enero,Trimestre I,Verano,0,0
134,29,1,2026,9,46,29-Jan-2026,Enero,Trimestre I,Verano,0,0
135,29,1,2026,11,23,29-Jan-2026,Enero,Trimestre I,Verano,0,0
136,29,1,2026,11,27,29-Jan-2026,Enero,Trimestre I,Verano,0,0
137,29,1,2026,11,44,29-Jan-2026,Enero,Trimestre I,Verano,0,0
138,29,1,2026,13,12,29-Jan-2026,Enero,Trimestre I,Verano,0,0
139,29,1,2026,13,18,29-Jan-2026,Enero,Trimestre I,Verano,0,0
140,29,1,2026,13,58,29-Jan-2026,Enero,Trimestre I,Verano,0,0
141,29,1,2026,14,10,29-Jan-2026,Enero,Trimestre I,Verano,0,0
142,29,1,2026,14,43,29-Jan-2026,Enero,Trimestre I,Verano,0,0
143,29,1,2026,14,47,29-Jan-2026,Enero,Trimestre I,Verano,0,0
144,29,1,2026,15,52,29-Jan-2026,Enero,Trimestre I,Verano,0,0
145,30,1,2026,8,51,30-Jan-2026,Enero,Trimestre I,Verano,0,0
146,30,1,2026,8,53,30-Jan-2026,Enero,Trimestre I,Verano,0,0
147,30,1,2026,8,59,30-Jan-2026,Enero,Trimestre I,Verano,0,0
148,30,1,2026,9,0,30-Jan-2026,Enero,Trimestre I,Verano,0,0
149,30,1,2026,9,45,30-Jan-2026,Enero,Trimestre I,Verano,0,0
150,30,1,2026,10,11,30-Jan-2026,Enero,Trimestre I,Verano,0,0
151,30,1,2026,11,20,30-Jan-2026,Enero,Trimestre I,Verano,0,0
152,30,1,2026,11,30,30-Jan-2026,Enero,Trimestre I,Verano,0,0
153,30,1,2026,11,43,30-Jan-2026,Enero,Trimestre I,Verano,0,0
154,30,1,2026,11,54,30-Jan-2026,Enero,Trimestre I,Verano,0,0
155,30,1,2026,13,16,30-Jan-2026,Enero,Trimestre I,Verano,0,0
156,30,1,2026,16,11,30-Jan-2026,Enero,Trimestre I,Verano,0,0
157,2,2,2026,8,1,02-Feb-2026,Febrero,Trimestre I,Semestre I,1,0
158,2,2,2026,8,3,02-Feb-2026,Febrero,Trimestre I,Semestre I,1,0
159,2,2,2026,9,16,02-Feb-2026,Febrero,Trimestre I,Semestre I,1,0
160,2,2,2026,11,27,02-Feb-2026,Febrero,Trimestre I,Semestre I,1,0
161,2,2,2026,11,37,02-Feb-2026,Febrero,Trimestre I,Semestre I,1,0
162,2,2,2026,13,20,02-Feb-2026,Febrero,Trimestre I,Semestre I,1,0
163,2,2,2026,13,25,02-Feb-2026,Febrero,Trimestre I,Semestre I,1,0
164,2,2,2026,13,39,02-Feb-2026,Febrero,Trimestre I,Semestre I,1,0
165,2,2,2026,14,3,02-Feb-2026,Febrero,Trimestre I,Semestre I,1,0
166,2,2,2026,16,0,02-Feb-2026,Febrero,Trimestre I,Semestre I,1,0
167,2,2,2026,16,3,02-Feb-2026,Febrero,Trimestre I,Semestre I,1,0
168,2,2,2026,16,4,02-Feb-2026,Febrero,Trimestre I,Semestre I,1,0
169,2,2,2026,16,5,02-Feb-2026,Febrero,Trimestre I,Semestre I,1,0
170,2,2,2026,16,6,02-Feb-2026,Febrero,Trimestre I,Semestre I,1,0
171,2,2,2026,16,33,02-Feb-2026,Febrero,Trimestre I,Semestre I,1,0
172,3,2,2026,7,46,03-Feb-2026,Febrero,Trimestre I,Semestre I,1,0
173,3,2,2026,8,50,03-Feb-2026,Febrero,Trimestre I,Semestre I,1,0
174,3,2,2026,9,37,03-Feb-2026,Febrero,Trimestre I,Semestre I,1,0
175,3,2,2026,9,44,03-Feb-2026,Febrero,Trimestre I,Semestre I,1,0
176,3,2,2026,10,57,03-Feb-2026,Febrero,Trimestre I,Semestre I,1,0
177,3,2,2026,11,51,03-Feb-2026,Febrero,Trimestre I,Semestre I,1,0
178,3,2,2026,13,13,03-Feb-2026,Febrero,Trimestre I,Semestre I,1,0
179,3,2,2026,13,54,03-Feb-2026,Febrero,Trimestre I,Semestre I,1,0
180,3,2,2026,13,56,03-Feb-2026,Febrero,Trimestre I,Semestre I,1,0
181,3,2,2026,14,49,03-Feb-2026,Febrero,Trimestre I,Semestre I,1,0
182,3,2,2026,15,3,03-Feb-2026,Febrero,Trimestre I,Semestre I,1,0
183,3,2,2026,16,5,03-Feb-2026,Febrero,Trimestre I,Semestre I,1,0
184,3,2,2026,16,19,03-Feb-2026,Febrero,Trimestre I,Semestre I,1,0
185,4,2,2026,7,36,04-Feb-2026,Febrero,Trimestre I,Semestre I,1,0
186,4,2,2026,8,34,04-Feb-2026,Febrero,Trimestre I,Semestre I,1,0
187,4,2,2026,9,6,04-Feb-2026,Febrero,Trimestre I,Semestre I,1,0
188,4,2,2026,9,18,04-Feb-2026,Febrero,Trimestre I,Semestre I,1,0
189,4,2,2026,10,4,04-Feb-2026,Febrero,Trimestre I,Semestre I,1,0
190,4,2,2026,12,6,04-Feb-2026,Febrero,Trimestre I,Semestre I,1,0
191,4,2,2026,14,7,04-Feb-2026,Febrero,Trimestre I,Semestre I,1,0
192,4,2,2026,14,8,04-Feb-2026,Febrero,Trimestre I,Semestre I,1,0
193,4,2,2026,14,10,04-Feb-2026,Febrero,Trimestre I,Semestre I,1,0
194,4,2,2026,14,20,04-Feb-2026,Febrero,Trimestre I,Semestre I,1,0
195,4,2,2026,14,24,04-Feb-2026,Febrero,Trimestre I,Semestre I,1,0
196,4,2,2026,14,39,04-Feb-2026,Febrero,Trimestre I,Semestre I,1,0
197,4,2,2026,15,8,04-Feb-2026,Febrero,Trimestre I,Semestre I,1,0
198,4,2,2026,15,41,04-Feb-2026,Febrero,Trimestre I,Semestre I,1,0
199,5,2,2026,7,36,05-Feb-2026,Febrero,Trimestre I,Semestre I,1,0
200,5,2,2026,8,4,05-Feb-2026,Febrero,Trimestre I,Semestre I,1,0
201,5,2,2026,9,43,05-Feb-2026,Febrero,Trimestre I,Semestre I,1,0
202,5,2,2026,10,21,05-Feb-2026,Febrero,Trimestre I,Semestre I,1,0
203,5,2,2026,11,29,05-Feb-2026,Febrero,Trimestre I,Semestre I,1,0
204,5,2,2026,11,36,05-Feb-2026,Febrero,Trimestre I,Semestre I,1,0
205,5,2,2026,11,38,05-Feb-2026,Febrero,Trimestre I,Semestre I,1,0
206,5,2,2026,13,15,05-Feb-2026,Febrero,Trimestre I,Semestre I,1,0
207,5,2,2026,13,53,05-Feb-2026,Febrero,Trimestre I,Semestre I,1,0
208,5,2,2026,14,3,05-Feb-2026,Febrero,Trimestre I,Semestre I,1,0
209,5,2,2026,15,20,05-Feb-2026,Febrero,Trimestre I,Semestre I,1,0
210,5,2,2026,15,23,05-Feb-2026,Febrero,Trimestre I,Semestre I,1,0
211,5,2,2026,15,30,05-Feb-2026,Febrero,Trimestre I,Semestre I,1,0
212,5,2,2026,16,12,05-Feb-2026,Febrero,Trimestre I,Semestre I,1,0
213,5,2,2026,16,15,05-Feb-2026,Febrero,Trimestre I,Semestre I,1,0
214,5,2,2026,16,19,05-Feb-2026,Febrero,Trimestre I,Semestre I,1,0
215,5,2,2026,16,22,05-Feb-2026,Febrero,Trimestre I,Semestre I,1,0
216,6,2,2026,9,24,06-Feb-2026,Febrero,Trimestre I,Semestre I,1,0
217,6,2,2026,10,36,06-Feb-2026,Febrero,Trimestre I,Semestre I,1,0
218,6,2,2026,10,46,06-Feb-2026,Febrero,Trimestre I,Semestre I,1,0
219,6,2,2026,10,51,06-Feb-2026,Febrero,Trimestre I,Semestre I,1,0
220,6,2,2026,13,57,06-Feb-2026,Febrero,Trimestre I,Semestre I,1,0
221,6,2,2026,13,59,06-Feb-2026,Febrero,Trimestre I,Semestre I,1,0
222,6,2,2026,14,29,06-Feb-2026,Febrero,Trimestre I,Semestre I,1,0
223,6,2,2026,16,30,06-Feb-2026,Febrero,Trimestre I,Semestre I,1,0
224,9,2,2026,7,59,09-Feb-2026,Febrero,Trimestre I,Semestre I,1,0
225,9,2,2026,8,3,09-Feb-2026,Febrero,Trimestre I,Semestre I,1,0
226,9,2,2026,9,6,09-Feb-2026,Febrero,Trimestre I,Semestre I,1,0
227,9,2,2026,9,8,09-Feb-2026,Febrero,Trimestre I,Semestre I,1,0
228,9,2,2026,9,9,09-Feb-2026,Febrero,Trimestre I,Semestre I,1,0
229,9,2,2026,9,11,09-Feb-2026,Febrero,Trimestre I,Semestre I,1,0
230,9,2,2026,9,41,09-Feb-2026,Febrero,Trimestre I,Semestre I,1,0
231,9,2,2026,10,55,09-Feb-2026,Febrero,Trimestre I,Semestre I,1,0
232,9,2,2026,10,57,09-Feb-2026,Febrero,Trimestre I,Semestre I,1,0
233,9,2,2026,13,34,09-Feb-2026,Febrero,Trimestre I,Semestre I,1,0
234,9,2,2026,13,35,09-Feb-2026,Febrero,Trimestre I,Semestre I,1,0
235,9,2,2026,13,37,09-Feb-2026,Febrero,Trimestre I,Semestre I,1,0
236,9,2,2026,14,51,09-Feb-2026,Febrero,Trimestre I,Semestre I,1,0
237,9,2,2026,14,52,09-Feb-2026,Febrero,Trimestre I,Semestre I,1,0
238,9,2,2026,14,58,09-Feb-2026,Febrero,Trimestre I,Semestre I,1,0
239,9,2,2026,15,0,09-Feb-2026,Febrero,Trimestre I,Semestre I,1,0
240,9,2,2026,15,6,09-Feb-2026,Febrero,Trimestre I,Semestre I,1,0
241,9,2,2026,15,23,09-Feb-2026,Febrero,Trimestre I,Semestre I,1,0
242,9,2,2026,15,29,09-Feb-2026,Febrero,Trimestre I,Semestre I,1,0
243,9,2,2026,15,49,09-Feb-2026,Febrero,Trimestre I,Semestre I,1,0
244,9,2,2026,16,14,09-Feb-2026,Febrero,Trimestre I,Semestre I,1,0
245,9,2,2026,16,19,09-Feb-2026,Febrero,Trimestre I,Semestre I,1,0
246,9,2,2026,16,24,09-Feb-2026,Febrero,Trimestre I,Semestre I,1,0
247,9,2,2026,16,25,09-Feb-2026,Febrero,Trimestre I,Semestre I,1,0
248,10,2,2026,7,39,10-Feb-2026,Febrero,Trimestre I,Semestre I,1,0
249,10,2,2026,7,41,10-Feb-2026,Febrero,Trimestre I,Semestre I,1,0
250,10,2,2026,7,42,10-Feb-2026,Febrero,Trimestre I,Semestre I,1,0
251,10,2,2026,7,46,10-Feb-2026,Febrero,Trimestre I,Semestre I,1,0
252,10,2,2026,8,0,10-Feb-2026,Febrero,Trimestre I,Semestre I,1,0
253,10,2,2026,8,24,10-Feb-2026,Febrero,Trimestre I,Semestre I,1,0
254,10,2,2026,8,38,10-Feb-2026,Febrero,Trimestre I,Semestre I,1,0
255,10,2,2026,8,53,10-Feb-2026,Febrero,Trimestre I,Semestre I,1,0
256,10,2,2026,9,22,10-Feb-2026,Febrero,Trimestre I,Semestre I,1,0
257,10,2,2026,9,34,10-Feb-2026,Febrero,Trimestre I,Semestre I,1,0
258,10,2,2026,9,45,10-Feb-2026,Febrero,Trimestre I,Semestre I,1,0
259,10,2,2026,10,9,10-Feb-2026,Febrero,Trimestre I,Semestre I,1,0
260,10,2,2026,10,13,10-Feb-2026,Febrero,Trimestre I,Semestre I,1,0
261,10,2,2026,11,3,10-Feb-2026,Febrero,Trimestre I,Semestre I,1,0
262,10,2,2026,11,12,10-Feb-2026,Febrero,Trimestre I,Semestre I,1,0
263,10,2,2026,11,40,10-Feb-2026,Febrero,Trimestre I,Semestre I,1,0
264,10,2,2026,11,47,10-Feb-2026,Febrero,Trimestre I,Semestre I,1,0
265,10,2,2026,13,27,10-Feb-2026,Febrero,Trimestre I,Semestre I,1,0
266,10,2,2026,13,36,10-Feb-2026,Febrero,Trimestre I,Semestre I,1,0
267,10,2,2026,14,55,10-Feb-2026,Febrero,Trimestre I,Semestre I,1,0
268,10,2,2026,14,57,10-Feb-2026,Febrero,Trimestre I,Semestre I,1,0
269,10,2,2026,15,0,10-Feb-2026,Febrero,Trimestre I,Semestre I,1,0
270,10,2,2026,15,2,10-Feb-2026,Febrero,Trimestre I,Semestre I,1,0
271,10,2,2026,15,4,10-Feb-2026,Febrero,Trimestre I,Semestre I,1,0
272,10,2,2026,15,12,10-Feb-2026,Febrero,Trimestre I,Semestre I,1,0
273,10,2,2026,15,17,10-Feb-2026,Febrero,Trimestre I,Semestre I,1,0
274,10,2,2026,15,36,10-Feb-2026,Febrero,Trimestre I,Semestre I,1,0
275,10,2,2026,15,37,10-Feb-2026,Febrero,Trimestre I,Semestre I,1,0
276,10,2,2026,15,38,10-Feb-2026,Febrero,Trimestre I,Semestre I,1,0
277,10,2,2026,16,4,10-Feb-2026,Febrero,Trimestre I,Semestre I,1,0
278,10,2,2026,16,8,10-Feb-2026,Febrero,Trimestre I,Semestre I,1,0
279,11,2,2026,7,37,11-Feb-2026,Febrero,Trimestre I,Semestre I,1,0
280,11,2,2026,7,38,11-Feb-2026,Febrero,Trimestre I,Semestre I,1,0
281,11,2,2026,7,39,11-Feb-2026,Febrero,Trimestre I,Semestre I,1,0
282,11,2,2026,7,57,11-Feb-2026,Febrero,Trimestre I,Semestre I,1,0
283,11,2,2026,8,1,11-Feb-2026,Febrero,Trimestre I,Semestre I,1,0
284,11,2,2026,8,2,11-Feb-2026,Febrero,Trimestre I,Semestre I,1,0
285,11,2,2026,9,40,11-Feb-2026,Febrero,Trimestre I,Semestre I,1,0
286,11,2,2026,9,42,11-Feb-2026,Febrero,Trimestre I,Semestre I,1,0
287,11,2,2026,9,59,11-Feb-2026,Febrero,Trimestre I,Semestre I,1,0
288,11,2,2026,10,1,11-Feb-2026,Febrero,Trimestre I,Semestre I,1,0
289,11,2,2026,10,17,11-Feb-2026,Febrero,Trimestre I,Semestre I,1,0
290,11,2,2026,11,25,11-Feb-2026,Febrero,Trimestre I,Semestre I,1,0
291,11,2,2026,11,38,11-Feb-2026,Febrero,Trimestre I,Semestre I,1,0
292,11,2,2026,11,40,11-Feb-2026,Febrero,Trimestre I,Semestre I,1,0
293,11,2,2026,13,1,11-Feb-2026,Febrero,Trimestre I,Semestre I,1,0
294,11,2,2026,13,2,11-Feb-2026,Febrero,Trimestre I,Semestre I,1,0
295,11,2,2026,13,27,11-Feb-2026,Febrero,Trimestre I,Semestre I,1,0
296,11,2,2026,13,45,11-Feb-2026,Febrero,Trimestre I,Semestre I,1,0
297,11,2,2026,13,47,11-Feb-2026,Febrero,Trimestre I,Semestre I,1,0
298,11,2,2026,15,59,11-Feb-2026,Febrero,Trimestre I,Semestre I,1,0
299,11,2,2026,16,10,11-Feb-2026,Febrero,Trimestre I,Semestre I,1,0
300,11,2,2026,16,13,11-Feb-2026,Febrero,Trimestre I,Semestre I,1,0
301,12,2,2026,7,50,12-Feb-2026,Febrero,Trimestre I,Semestre I,1,0
302,12,2,2026,7,55,12-Feb-2026,Febrero,Trimestre I,Semestre I,1,0
303,12,2,2026,8,1,12-Feb-2026,Febrero,Trimestre I,Semestre I,1,0
304,12,2,2026,8,14,12-Feb-2026,Febrero,Trimestre I,Semestre I,1,0
305,12,2,2026,8,54,12-Feb-2026,Febrero,Trimestre I,Semestre I,1,0
306,12,2,2026,8,58,12-Feb-2026,Febrero,Trimestre I,Semestre I,1,0
307,12,2,2026,9,15,12-Feb-2026,Febrero,Trimestre I,Semestre I,1,0
308,12,2,2026,9,36,12-Feb-2026,Febrero,Trimestre I,Semestre I,1,0
309,12,2,2026,10,1,12-Feb-2026,Febrero,Trimestre I,Semestre I,1,0
310,12,2,2026,10,17,12-Feb-2026,Febrero,Trimestre I,Semestre I,1,0
311,12,2,2026,10,25,12-Feb-2026,Febrero,Trimestre I,Semestre I,1,0
312,12,2,2026,10,56,12-Feb-2026,Febrero,Trimestre I,Semestre I,1,0
313,12,2,2026,10,58,12-Feb-2026,Febrero,Trimestre I,Semestre I,1,0
314,12,2,2026,13,8,12-Feb-2026,Febrero,Trimestre I,Semestre I,1,0
315,12,2,2026,13,16,12-Feb-2026,Febrero,Trimestre I,Semestre I,1,0
316,12,2,2026,13,41,12-Feb-2026,Febrero,Trimestre I,Semestre I,1,0
317,12,2,2026,14,27,12-Feb-2026,Febrero,Trimestre I,Semestre I,1,0
318,12,2,2026,14,36,12-Feb-2026,Febrero,Trimestre I,Semestre I,1,0
319,12,2,2026,14,37,12-Feb-2026,Febrero,Trimestre I,Semestre I,1,0
320,12,2,2026,14,45,12-Feb-2026,Febrero,Trimestre I,Semestre I,1,0
321,12,2,2026,15,11,12-Feb-2026,Febrero,Trimestre I,Semestre I,1,0
322,12,2,2026,16,4,12-Feb-2026,Febrero,Trimestre I,Semestre I,1,0
323,13,2,2026,7,59,13-Feb-2026,Febrero,Trimestre I,Semestre I,1,0
324,13,2,2026,8,44,13-Feb-2026,Febrero,Trimestre I,Semestre I,1,0
325,13,2,2026,8,47,13-Feb-2026,Febrero,Trimestre I,Semestre I,1,0
326,13,2,2026,8,54,13-Feb-2026,Febrero,Trimestre I,Semestre I,1,0
327,13,2,2026,9,1,13-Feb-2026,Febrero,Trimestre I,Semestre I,1,0
328,13,2,2026,9,8,13-Feb-2026,Febrero,Trimestre I,Semestre I,1,0
329,13,2,2026,9,14,13-Feb-2026,Febrero,Trimestre I,Semestre I,1,0
330,13,2,2026,9,17,13-Feb-2026,Febrero,Trimestre I,Semestre I,1,0
331,13,2,2026,9,20,13-Feb-2026,Febrero,Trimestre I,Semestre I,1,0
332,13,2,2026,9,25,13-Feb-2026,Febrero,Trimestre I,Semestre I,1,0
333,13,2,2026,9,29,13-Feb-2026,Febrero,Trimestre I,Semestre I,1,0
334,13,2,2026,9,31,13-Feb-2026,Febrero,Trimestre I,Semestre I,1,0
335,13,2,2026,10,5,13-Feb-2026,Febrero,Trimestre I,Semestre I,1,0
336,13,2,2026,10,18,13-Feb-2026,Febrero,Trimestre I,Semestre I,1,0
337,13,2,2026,13,23,13-Feb-2026,Febrero,Trimestre I,Semestre I,1,0
338,13,2,2026,13,24,13-Feb-2026,Febrero,Trimestre I,Semestre I,1,0
339,13,2,2026,13,28,13-Feb-2026,Febrero,Trimestre I,Semestre I,1,0
340,13,2,2026,13,35,13-Feb-2026,Febrero,Trimestre I,Semestre I,1,0
341,13,2,2026,13,37,13-Feb-2026,Febrero,Trimestre I,Semestre I,1,0
342,13,2,2026,13,39,13-Feb-2026,Febrero,Trimestre I,Semestre I,1,0
343,13,2,2026,13,41,13-Feb-2026,Febrero,Trimestre I,Semestre I,1,0
344,13,2,2026,13,55,13-Feb-2026,Febrero,Trimestre I,Semestre I,1,0
345,13,2,2026,14,0,13-Feb-2026,Febrero,Trimestre I,Semestre I,1,0
346,13,2,2026,14,11,13-Feb-2026,Febrero,Trimestre I,Semestre I,1,0
347,13,2,2026,14,16,13-Feb-2026,Febrero,Trimestre I,Semestre I,1,0
348,13,2,2026,14,34,13-Feb-2026,Febrero,Trimestre I,Semestre I,1,0
349,13,2,2026,14,42,13-Feb-2026,Febrero,Trimestre I,Semestre I,1,0
350,13,2,2026,14,58,13-Feb-2026,Febrero,Trimestre I,Semestre I,1,0
351,13,2,2026,15,50,13-Feb-2026,Febrero,Trimestre I,Semestre I,1,0
352,13,2,2026,15,58,13-Feb-2026,Febrero,Trimestre I,Semestre I,1,0
353,13,2,2026,16,10,13-Feb-2026,Febrero,Trimestre I,Semestre I,1,0
354,13,2,2026,16,20,13-Feb-2026,Febrero,Trimestre I,Semestre I,1,0
355,13,2,2026,16,30,13-Feb-2026,Febrero,Trimestre I,Semestre I,1,0
356,13,2,2026,16,36,13-Feb-2026,Febrero,Trimestre I,Semestre I,1,0
357,16,2,2026,7,44,16-Feb-2026,Febrero,Trimestre I,Semestre I,1,0
358,16,2,2026,7,45,16-Feb-2026,Febrero,Trimestre I,Semestre I,1,0
359,16,2,2026,7,53,16-Feb-2026,Febrero,Trimestre I,Semestre I,1,0
360,16,2,2026,7,58,16-Feb-2026,Febrero,Trimestre I,Semestre I,1,0
361,16,2,2026,8,10,16-Feb-2026,Febrero,Trimestre I,Semestre I,1,0
362,16,2,2026,8,14,16-Feb-2026,Febrero,Trimestre I,Semestre I,1,0
363,16,2,2026,8,23,16-Feb-2026,Febrero,Trimestre I,Semestre I,1,0
364,16,2,2026,9,1,16-Feb-2026,Febrero,Trimestre I,Semestre I,1,0
365,16,2,2026,9,17,16-Feb-2026,Febrero,Trimestre I,Semestre I,1,0
366,16,2,2026,9,50,16-Feb-2026,Febrero,Trimestre I,Semestre I,1,0
367,16,2,2026,9,52,16-Feb-2026,Febrero,Trimestre I,Semestre I,1,0
368,16,2,2026,9,55,16-Feb-2026,Febrero,Trimestre I,Semestre I,1,0
369,16,2,2026,10,5,16-Feb-2026,Febrero,Trimestre I,Semestre I,1,0
370,16,2,2026,10,27,16-Feb-2026,Febrero,Trimestre I,Semestre I,1,0
371,16,2,2026,10,34,16-Feb-2026,Febrero,Trimestre I,Semestre I,1,0
372,16,2,2026,10,36,16-Feb-2026,Febrero,Trimestre I,Semestre I,1,0
373,16,2,2026,10,38,16-Feb-2026,Febrero,Trimestre I,Semestre I,1,0
374,16,2,2026,10,41,16-Feb-2026,Febrero,Trimestre I,Semestre I,1,0
375,16,2,2026,10,42,16-Feb-2026,Febrero,Trimestre I,Semestre I,1,0
376,16,2,2026,10,55,16-Feb-2026,Febrero,Trimestre I,Semestre I,1,0
377,16,2,2026,10,57,16-Feb-2026,Febrero,Trimestre I,Semestre I,1,0
378,16,2,2026,11,0,16-Feb-2026,Febrero,Trimestre I,Semestre I,1,0
379,16,2,2026,11,3,16-Feb-2026,Febrero,Trimestre I,Semestre I,1,0
380,16,2,2026,11,4,16-Feb-2026,Febrero,Trimestre I,Semestre I,1,0
381,16,2,2026,11,6,16-Feb-2026,Febrero,Trimestre I,Semestre I,1,0
382,16,2,2026,11,9,16-Feb-2026,Febrero,Trimestre I,Semestre I,1,0
383,16,2,2026,11,22,16-Feb-2026,Febrero,Trimestre I,Semestre I,1,0
384,16,2,2026,11,25,16-Feb-2026,Febrero,Trimestre I,Semestre I,1,0
385,16,2,2026,11,26,16-Feb-2026,Febrero,Trimestre I,Semestre I,1,0
386,16,2,2026,11,40,16-Feb-2026,Febrero,Trimestre I,Semestre I,1,0
387,16,2,2026,11,48,16-Feb-2026,Febrero,Trimestre I,Semestre I,1,0
388,16,2,2026,11,53,16-Feb-2026,Febrero,Trimestre I,Semestre I,1,0
389,16,2,2026,12,0,16-Feb-2026,Febrero,Trimestre I,Semestre I,1,0
390,16,2,2026,13,10,16-Feb-2026,Febrero,Trimestre I,Semestre I,1,0
391,16,2,2026,13,12,16-Feb-2026,Febrero,Trimestre I,Semestre I,1,0
392,16,2,2026,13,14,16-Feb-2026,Febrero,Trimestre I,Semestre I,1,0
393,16,2,2026,13,21,16-Feb-2026,Febrero,Trimestre I,Semestre I,1,0
394,16,2,2026,13,25,16-Feb-2026,Febrero,Trimestre I,Semestre I,1,0
395,16,2,2026,13,27,16-Feb-2026,Febrero,Trimestre I,Semestre I,1,0
396,16,2,2026,13,29,16-Feb-2026,Febrero,Trimestre I,Semestre I,1,0
397,16,2,2026,13,30,16-Feb-2026,Febrero,Trimestre I,Semestre I,1,0
398,16,2,2026,13,32,16-Feb-2026,Febrero,Trimestre I,Semestre I,1,0
399,16,2,2026,13,33,16-Feb-2026,Febrero,Trimestre I,Semestre I,1,0
400,16,2,2026,13,38,16-Feb-2026,Febrero,Trimestre I,Semestre I,1,0
401,16,2,2026,13,58,16-Feb-2026,Febrero,Trimestre I,Semestre I,1,0
402,16,2,2026,14,4,16-Feb-2026,Febrero,Trimestre I,Semestre I,1,0
403,16,2,2026,14,16,16-Feb-2026,Febrero,Trimestre I,Semestre I,1,0
404,16,2,2026,14,33,16-Feb-2026,Febrero,Trimestre I,Semestre I,1,0
405,16,2,2026,14,42,16-Feb-2026,Febrero,Trimestre I,Semestre I,1,0
406,16,2,2026,14,49,16-Feb-2026,Febrero,Trimestre I,Semestre I,1,0
407,16,2,2026,14,52,16-Feb-2026,Febrero,Trimestre I,Semestre I,1,0
408,16,2,2026,15,24,16-Feb-2026,Febrero,Trimestre I,Semestre I,1,0
409,16,2,2026,15,31,16-Feb-2026,Febrero,Trimestre I,Semestre I,1,0
410,16,2,2026,15,40,16-Feb-2026,Febrero,Trimestre I,Semestre I,1,0
411,16,2,2026,16,12,16-Feb-2026,Febrero,Trimestre I,Semestre I,1,0
412,16,2,2026,16,15,16-Feb-2026,Febrero,Trimestre I,Semestre I,1,0
413,16,2,2026,16,26,16-Feb-2026,Febrero,Trimestre I,Semestre I,1,0
414,16,2,2026,16,29,16-Feb-2026,Febrero,Trimestre I,Semestre I,1,0
415,17,2,2026,7,33,17-Feb-2026,Febrero,Trimestre I,Semestre I,1,0
416,17,2,2026,7,35,17-Feb-2026,Febrero,Trimestre I,Semestre I,1,0
417,17,2,2026,7,37,17-Feb-2026,Febrero,Trimestre I,Semestre I,1,0
418,17,2,2026,7,42,17-Feb-2026,Febrero,Trimestre I,Semestre I,1,0
419,17,2,2026,8,6,17-Feb-2026,Febrero,Trimestre I,Semestre I,1,0
420,17,2,2026,8,20,17-Feb-2026,Febrero,Trimestre I,Semestre I,1,0
421,17,2,2026,8,46,17-Feb-2026,Febrero,Trimestre I,Semestre I,1,0
422,17,2,2026,9,7,17-Feb-2026,Febrero,Trimestre I,Semestre I,1,0
423,17,2,2026,9,10,17-Feb-2026,Febrero,Trimestre I,Semestre I,1,0
424,17,2,2026,9,11,17-Feb-2026,Febrero,Trimestre I,Semestre I,1,0
425,17,2,2026,9,12,17-Feb-2026,Febrero,Trimestre I,Semestre I,1,0
426,17,2,2026,9,15,17-Feb-2026,Febrero,Trimestre I,Semestre I,1,0
427,17,2,2026,9,17,17-Feb-2026,Febrero,Trimestre I,Semestre I,1,0
428,17,2,2026,9,21,17-Feb-2026,Febrero,Trimestre I,Semestre I,1,0
429,17,2,2026,9,27,17-Feb-2026,Febrero,Trimestre I,Semestre I,1,0
430,17,2,2026,9,32,17-Feb-2026,Febrero,Trimestre I,Semestre I,1,0
431,17,2,2026,9,34,17-Feb-2026,Febrero,Trimestre I,Semestre I,1,0
432,17,2,2026,9,37,17-Feb-2026,Febrero,Trimestre I,Semestre I,1,0
433,17,2,2026,9,44,17-Feb-2026,Febrero,Trimestre I,Semestre I,1,0
434,17,2,2026,9,46,17-Feb-2026,Febrero,Trimestre I,Semestre I,1,0
435,17,2,2026,9,47,17-Feb-2026,Febrero,Trimestre I,Semestre I,1,0
436,17,2,2026,9,49,17-Feb-2026,Febrero,Trimestre I,Semestre I,1,0
437,17,2,2026,9,50,17-Feb-2026,Febrero,Trimestre I,Semestre I,1,0
438,17,2,2026,9,51,17-Feb-2026,Febrero,Trimestre I,Semestre I,1,0
439,17,2,2026,10,18,17-Feb-2026,Febrero,Trimestre I,Semestre I,1,0
440,17,2,2026,10,21,17-Feb-2026,Febrero,Trimestre I,Semestre I,1,0
441,17,2,2026,11,21,17-Feb-2026,Febrero,Trimestre I,Semestre I,1,0
442,17,2,2026,11,34,17-Feb-2026,Febrero,Trimestre I,Semestre I,1,0
443,17,2,2026,11,41,17-Feb-2026,Febrero,Trimestre I,Semestre I,1,0
444,17,2,2026,11,47,17-Feb-2026,Febrero,Trimestre I,Semestre I,1,0
445,17,2,2026,11,50,17-Feb-2026,Febrero,Trimestre I,Semestre I,1,0
446,17,2,2026,11,53,17-Feb-2026,Febrero,Trimestre I,Semestre I,1,0
447,17,2,2026,13,8,17-Feb-2026,Febrero,Trimestre I,Semestre I,1,0
448,17,2,2026,13,37,17-Feb-2026,Febrero,Trimestre I,Semestre I,1,0
449,17,2,2026,13,48,17-Feb-2026,Febrero,Trimestre I,Semestre I,1,0
450,17,2,2026,13,49,17-Feb-2026,Febrero,Trimestre I,Semestre I,1,0
451,17,2,2026,13,54,17-Feb-2026,Febrero,Trimestre I,Semestre I,1,0
452,17,2,2026,14,4,17-Feb-2026,Febrero,Trimestre I,Semestre I,1,0
453,17,2,2026,14,10,17-Feb-2026,Febrero,Trimestre I,Semestre I,1,0
454,17,2,2026,14,11,17-Feb-2026,Febrero,Trimestre I,Semestre I,1,0
455,17,2,2026,14,20,17-Feb-2026,Febrero,Trimestre I,Semestre I,1,0
456,17,2,2026,14,28,17-Feb-2026,Febrero,Trimestre I,Semestre I,1,0
457,17,2,2026,14,35,17-Feb-2026,Febrero,Trimestre I,Semestre I,1,0
458,17,2,2026,14,44,17-Feb-2026,Febrero,Trimestre I,Semestre I,1,0
459,17,2,2026,15,16,17-Feb-2026,Febrero,Trimestre I,Semestre I,1,0
460,17,2,2026,15,57,17-Feb-2026,Febrero,Trimestre I,Semestre I,1,0
461,17,2,2026,16,18,17-Feb-2026,Febrero,Trimestre I,Semestre I,1,0
462,17,2,2026,16,20,17-Feb-2026,Febrero,Trimestre I,Semestre I,1,0
463,17,2,2026,16,24,17-Feb-2026,Febrero,Trimestre I,Semestre I,1,0
464,17,2,2026,16,29,17-Feb-2026,Febrero,Trimestre I,Semestre I,1,0
465,18,2,2026,7,35,18-Feb-2026,Febrero,Trimestre I,Semestre I,1,0
466,18,2,2026,7,36,18-Feb-2026,Febrero,Trimestre I,Semestre I,1,0
467,18,2,2026,7,40,18-Feb-2026,Febrero,Trimestre I,Semestre I,1,0
468,18,2,2026,7,48,18-Feb-2026,Febrero,Trimestre I,Semestre I,1,0
469,18,2,2026,7,54,18-Feb-2026,Febrero,Trimestre I,Semestre I,1,0
470,18,2,2026,7,57,18-Feb-2026,Febrero,Trimestre I,Semestre I,1,0
471,18,2,2026,8,1,18-Feb-2026,Febrero,Trimestre I,Semestre I,1,0
472,18,2,2026,8,2,18-Feb-2026,Febrero,Trimestre I,Semestre I,1,0
473,18,2,2026,8,4,18-Feb-2026,Febrero,Trimestre I,Semestre I,1,0
474,18,2,2026,8,8,18-Feb-2026,Febrero,Trimestre I,Semestre I,1,0
475,18,2,2026,8,9,18-Feb-2026,Febrero,Trimestre I,Semestre I,1,0
476,18,2,2026,8,10,18-Feb-2026,Febrero,Trimestre I,Semestre I,1,0
477,18,2,2026,8,18,18-Feb-2026,Febrero,Trimestre I,Semestre I,1,0
478,18,2,2026,9,14,18-Feb-2026,Febrero,Trimestre I,Semestre I,1,0
479,18,2,2026,9,34,18-Feb-2026,Febrero,Trimestre I,Semestre I,1,0
480,18,2,2026,9,37,18-Feb-2026,Febrero,Trimestre I,Semestre I,1,0
481,18,2,2026,9,54,18-Feb-2026,Febrero,Trimestre I,Semestre I,1,0
482,18,2,2026,10,10,18-Feb-2026,Febrero,Trimestre I,Semestre I,1,0
483,18,2,2026,10,16,18-Feb-2026,Febrero,Trimestre I,Semestre I,1,0
484,18,2,2026,10,25,18-Feb-2026,Febrero,Trimestre I,Semestre I,1,0
485,18,2,2026,10,27,18-Feb-2026,Febrero,Trimestre I,Semestre I,1,0
486,18,2,2026,11,9,18-Feb-2026,Febrero,Trimestre I,Semestre I,1,0
487,18,2,2026,11,30,18-Feb-2026,Febrero,Trimestre I,Semestre I,1,0
488,18,2,2026,11,38,18-Feb-2026,Febrero,Trimestre I,Semestre I,1,0
489,18,2,2026,11,41,18-Feb-2026,Febrero,Trimestre I,Semestre I,1,0
490,18,2,2026,11,44,18-Feb-2026,Febrero,Trimestre I,Semestre I,1,0
491,18,2,2026,11,49,18-Feb-2026,Febrero,Trimestre I,Semestre I,1,0
492,18,2,2026,13,8,18-Feb-2026,Febrero,Trimestre I,Semestre I,1,0
493,18,2,2026,13,21,18-Feb-2026,Febrero,Trimestre I,Semestre I,1,0
494,18,2,2026,13,50,18-Feb-2026,Febrero,Trimestre I,Semestre I,1,0
495,18,2,2026,13,51,18-Feb-2026,Febrero,Trimestre I,Semestre I,1,0
496,18,2,2026,13,52,18-Feb-2026,Febrero,Trimestre I,Semestre I,1,0
497,18,2,2026,13,53,18-Feb-2026,Febrero,Trimestre I,Semestre I,1,0
498,18,2,2026,13,56,18-Feb-2026,Febrero,Trimestre I,Semestre I,1,0
499,18,2,2026,14,11,18-Feb-2026,Febrero,Trimestre I,Semestre I,1,0
500,18,2,2026,14,14,18-Feb-2026,Febrero,Trimestre I,Semestre I,1,0
501,18,2,2026,15,38,18-Feb-2026,Febrero,Trimestre I,Semestre I,1,0
502,18,2,2026,15,58,18-Feb-2026,Febrero,Trimestre I,Semestre I,1,0
503,18,2,2026,16,11,18-Feb-2026,Febrero,Trimestre I,Semestre I,1,0
504,18,2,2026,16,33,18-Feb-2026,Febrero,Trimestre I,Semestre I,1,0
505,19,2,2026,7,41,19-Feb-2026,Febrero,Trimestre I,Semestre I,1,0
506,19,2,2026,7,52,19-Feb-2026,Febrero,Trimestre I,Semestre I,1,0
507,19,2,2026,7,55,19-Feb-2026,Febrero,Trimestre I,Semestre I,1,0
508,19,2,2026,8,2,19-Feb-2026,Febrero,Trimestre I,Semestre I,1,0
509,19,2,2026,8,4,19-Feb-2026,Febrero,Trimestre I,Semestre I,1,0
510,19,2,2026,9,52,19-Feb-2026,Febrero,Trimestre I,Semestre I,1,0
511,19,2,2026,10,20,19-Feb-2026,Febrero,Trimestre I,Semestre I,1,0
512,19,2,2026,10,34,19-Feb-2026,Febrero,Trimestre I,Semestre I,1,0
513,19,2,2026,10,57,19-Feb-2026,Febrero,Trimestre I,Semestre I,1,0
514,19,2,2026,10,58,19-Feb-2026,Febrero,Trimestre I,Semestre I,1,0
515,19,2,2026,11,8,19-Feb-2026,Febrero,Trimestre I,Semestre I,1,0
516,19,2,2026,11,50,19-Feb-2026,Febrero,Trimestre I,Semestre I,1,0
517,19,2,2026,11,55,19-Feb-2026,Febrero,Trimestre I,Semestre I,1,0
518,19,2,2026,13,12,19-Feb-2026,Febrero,Trimestre I,Semestre I,1,0
519,19,2,2026,14,2,19-Feb-2026,Febrero,Trimestre I,Semestre I,1,0
520,19,2,2026,14,4,19-Feb-2026,Febrero,Trimestre I,Semestre I,1,0
521,19,2,2026,14,9,19-Feb-2026,Febrero,Trimestre I,Semestre I,1,0
522,19,2,2026,14,12,19-Feb-2026,Febrero,Trimestre I,Semestre I,1,0
523,19,2,2026,14,13,19-Feb-2026,Febrero,Trimestre I,Semestre I,1,0
524,19,2,2026,14,14,19-Feb-2026,Febrero,Trimestre I,Semestre I,1,0
525,19,2,2026,14,18,19-Feb-2026,Febrero,Trimestre I,Semestre I,1,0
526,19,2,2026,14,34,19-Feb-2026,Febrero,Trimestre I,Semestre I,1,0
527,19,2,2026,14,45,19-Feb-2026,Febrero,Trimestre I,Semestre I,1,0
528,19,2,2026,15,23,19-Feb-2026,Febrero,Trimestre I,Semestre I,1,0
529,19,2,2026,16,0,19-Feb-2026,Febrero,Trimestre I,Semestre I,1,0
530,19,2,2026,16,12,19-Feb-2026,Febrero,Trimestre I,Semestre I,1,0
531,19,2,2026,16,46,19-Feb-2026,Febrero,Trimestre I,Semestre I,1,0
532,20,2,2026,7,40,20-Feb-2026,Febrero,Trimestre I,Semestre I,1,0
533,20,2,2026,9,9,20-Feb-2026,Febrero,Trimestre I,Semestre I,1,0
534,20,2,2026,9,22,20-Feb-2026,Febrero,Trimestre I,Semestre I,1,0
535,20,2,2026,9,31,20-Feb-2026,Febrero,Trimestre I,Semestre I,1,0
536,20,2,2026,9,32,20-Feb-2026,Febrero,Trimestre I,Semestre I,1,0
537,20,2,2026,9,38,20-Feb-2026,Febrero,Trimestre I,Semestre I,1,0
538,20,2,2026,10,1,20-Feb-2026,Febrero,Trimestre I,Semestre I,1,0
539,20,2,2026,10,3,20-Feb-2026,Febrero,Trimestre I,Semestre I,1,0
540,20,2,2026,10,4,20-Feb-2026,Febrero,Trimestre I,Semestre I,1,0
541,20,2,2026,10,44,20-Feb-2026,Febrero,Trimestre I,Semestre I,1,0
542,20,2,2026,10,46,20-Feb-2026,Febrero,Trimestre I,Semestre I,1,0
543,20,2,2026,11,38,20-Feb-2026,Febrero,Trimestre I,Semestre I,1,0
544,20,2,2026,11,56,20-Feb-2026,Febrero,Trimestre I,Semestre I,1,0
545,20,2,2026,11,59,20-Feb-2026,Febrero,Trimestre I,Semestre I,1,0
546,20,2,2026,13,31,20-Feb-2026,Febrero,Trimestre I,Semestre I,1,0
547,20,2,2026,13,33,20-Feb-2026,Febrero,Trimestre I,Semestre I,1,0
548,20,2,2026,13,47,20-Feb-2026,Febrero,Trimestre I,Semestre I,1,0
549,20,2,2026,13,49,20-Feb-2026,Febrero,Trimestre I,Semestre I,1,0
550,20,2,2026,14,11,20-Feb-2026,Febrero,Trimestre I,Semestre I,1,0
551,20,2,2026,14,12,20-Feb-2026,Febrero,Trimestre I,Semestre I,1,0
552,20,2,2026,14,25,20-Feb-2026,Febrero,Trimestre I,Semestre I,1,0
553,20,2,2026,14,26,20-Feb-2026,Febrero,Trimestre I,Semestre I,1,0
554,20,2,2026,14,34,20-Feb-2026,Febrero,Trimestre I,Semestre I,1,0
555,20,2,2026,14,54,20-Feb-2026,Febrero,Trimestre I,Semestre I,1,0
556,20,2,2026,15,14,20-Feb-2026,Febrero,Trimestre I,Semestre I,1,0
557,20,2,2026,15,15,20-Feb-2026,Febrero,Trimestre I,Semestre I,1,0
558,20,2,2026,15,40,20-Feb-2026,Febrero,Trimestre I,Semestre I,1,0
559,20,2,2026,16,15,20-Feb-2026,Febrero,Trimestre I,Semestre I,1,0
560,20,2,2026,16,18,20-Feb-2026,Febrero,Trimestre I,Semestre I,1,0
561,20,2,2026,16,22,20-Feb-2026,Febrero,Trimestre I,Semestre I,1,0
562,20,2,2026,16,29,20-Feb-2026,Febrero,Trimestre I,Semestre I,1,0
563,23,2,2026,7,44,23-Feb-2026,Febrero,Trimestre I,Semestre I,1,0
564,23,2,2026,7,46,23-Feb-2026,Febrero,Trimestre I,Semestre I,1,0
565,23,2,2026,9,4,23-Feb-2026,Febrero,Trimestre I,Semestre I,1,0
566,23,2,2026,9,12,23-Feb-2026,Febrero,Trimestre I,Semestre I,1,0
567,23,2,2026,10,25,23-Feb-2026,Febrero,Trimestre I,Semestre I,1,0
568,23,2,2026,11,15,23-Feb-2026,Febrero,Trimestre I,Semestre I,1,0
569,23,2,2026,13,55,23-Feb-2026,Febrero,Trimestre I,Semestre I,1,0
570,23,2,2026,13,57,23-Feb-2026,Febrero,Trimestre I,Semestre I,1,0
571,23,2,2026,14,7,23-Feb-2026,Febrero,Trimestre I,Semestre I,1,0
572,23,2,2026,14,8,23-Feb-2026,Febrero,Trimestre I,Semestre I,1,0
573,23,2,2026,14,11,23-Feb-2026,Febrero,Trimestre I,Semestre I,1,0
574,23,2,2026,14,12,23-Feb-2026,Febrero,Trimestre I,Semestre I,1,0
575,23,2,2026,14,16,23-Feb-2026,Febrero,Trimestre I,Semestre I,1,0
576,23,2,2026,14,17,23-Feb-2026,Febrero,Trimestre I,Semestre I,1,0
577,23,2,2026,14,36,23-Feb-2026,Febrero,Trimestre I,Semestre I,1,0
578,23,2,2026,14,45,23-Feb-2026,Febrero,Trimestre I,Semestre I,1,0
579,23,2,2026,14,53,23-Feb-2026,Febrero,Trimestre I,Semestre I,1,0
580,23,2,2026,15,21,23-Feb-2026,Febrero,Trimestre I,Semestre I,1,0
581,23,2,2026,15,40,23-Feb-2026,Febrero,Trimestre I,Semestre I,1,0
582,23,2,2026,15,43,23-Feb-2026,Febrero,Trimestre I,Semestre I,1,0
583,23,2,2026,15,44,23-Feb-2026,Febrero,Trimestre I,Semestre I,1,0
584,23,2,2026,15,48,23-Feb-2026,Febrero,Trimestre I,Semestre I,1,0
585,23,2,2026,15,51,23-Feb-2026,Febrero,Trimestre I,Semestre I,1,0
586,23,2,2026,15,53,23-Feb-2026,Febrero,Trimestre I,Semestre I,1,0
587,23,2,2026,15,55,23-Feb-2026,Febrero,Trimestre I,Semestre I,1,0
588,23,2,2026,15,56,23-Feb-2026,Febrero,Trimestre I,Semestre I,1,0
589,23,2,2026,16,2,23-Feb-2026,Febrero,Trimestre I,Semestre I,1,0
590,23,2,2026,16,11,23-Feb-2026,Febrero,Trimestre I,Semestre I,1,0
591,23,2,2026,16,12,23-Feb-2026,Febrero,Trimestre I,Semestre I,1,0
592,23,2,2026,16,14,23-Feb-2026,Febrero,Trimestre I,Semestre I,1,0
593,23,2,2026,16,15,23-Feb-2026,Febrero,Trimestre I,Semestre I,1,0
594,23,2,2026,16,28,23-Feb-2026,Febrero,Trimestre I,Semestre I,1,0
595,23,2,2026,16,33,23-Feb-2026,Febrero,Trimestre I,Semestre I,1,0
596,24,2,2026,7,33,24-Feb-2026,Febrero,Trimestre I,Semestre I,1,0
597,24,2,2026,7,36,24-Feb-2026,Febrero,Trimestre I,Semestre I,1,0
598,24,2,2026,7,40,24-Feb-2026,Febrero,Trimestre I,Semestre I,1,0
599,24,2,2026,8,47,24-Feb-2026,Febrero,Trimestre I,Semestre I,1,0
600,24,2,2026,10,6,24-Feb-2026,Febrero,Trimestre I,Semestre I,1,0
601,24,2,2026,10,10,24-Feb-2026,Febrero,Trimestre I,Semestre I,1,0
602,24,2,2026,10,14,24-Feb-2026,Febrero,Trimestre I,Semestre I,1,0
603,24,2,2026,10,41,24-Feb-2026,Febrero,Trimestre I,Semestre I,1,0
604,24,2,2026,10,42,24-Feb-2026,Febrero,Trimestre I,Semestre I,1,0
605,24,2,2026,10,45,24-Feb-2026,Febrero,Trimestre I,Semestre I,1,0
606,24,2,2026,11,14,24-Feb-2026,Febrero,Trimestre I,Semestre I,1,0
607,24,2,2026,13,10,24-Feb-2026,Febrero,Trimestre I,Semestre I,1,0
608,24,2,2026,13,13,24-Feb-2026,Febrero,Trimestre I,Semestre I,1,0
609,24,2,2026,13,25,24-Feb-2026,Febrero,Trimestre I,Semestre I,1,0
610,24,2,2026,13,35,24-Feb-2026,Febrero,Trimestre I,Semestre I,1,0
611,24,2,2026,13,37,24-Feb-2026,Febrero,Trimestre I,Semestre I,1,0
612,24,2,2026,13,45,24-Feb-2026,Febrero,Trimestre I,Semestre I,1,0
613,24,2,2026,14,45,24-Feb-2026,Febrero,Trimestre I,Semestre I,1,0
614,25,2,2026,9,0,25-Feb-2026,Febrero,Trimestre I,Semestre I,1,0
615,25,2,2026,9,1,25-Feb-2026,Febrero,Trimestre I,Semestre I,1,0
616,25,2,2026,9,13,25-Feb-2026,Febrero,Trimestre I,Semestre I,1,0
617,25,2,2026,9,42,25-Feb-2026,Febrero,Trimestre I,Semestre I,1,0
618,25,2,2026,9,59,25-Feb-2026,Febrero,Trimestre I,Semestre I,1,0
619,25,2,2026,10,10,25-Feb-2026,Febrero,Trimestre I,Semestre I,1,0
620,25,2,2026,10,42,25-Feb-2026,Febrero,Trimestre I,Semestre I,1,0
621,25,2,2026,10,43,25-Feb-2026,Febrero,Trimestre I,Semestre I,1,0
622,25,2,2026,10,49,25-Feb-2026,Febrero,Trimestre I,Semestre I,1,0
623,25,2,2026,10,56,25-Feb-2026,Febrero,Trimestre I,Semestre I,1,0
624,25,2,2026,11,6,25-Feb-2026,Febrero,Trimestre I,Semestre I,1,0
625,25,2,2026,11,18,25-Feb-2026,Febrero,Trimestre I,Semestre I,1,0
626,25,2,2026,11,20,25-Feb-2026,Febrero,Trimestre I,Semestre I,1,0
627,25,2,2026,13,24,25-Feb-2026,Febrero,Trimestre I,Semestre I,1,0
628,25,2,2026,14,20,25-Feb-2026,Febrero,Trimestre I,Semestre I,1,0
629,25,2,2026,14,22,25-Feb-2026,Febrero,Trimestre I,Semestre I,1,0
630,25,2,2026,14,36,25-Feb-2026,Febrero,Trimestre I,Semestre I,1,0
631,25,2,2026,15,12,25-Feb-2026,Febrero,Trimestre I,Semestre I,1,0
632,25,2,2026,15,13,25-Feb-2026,Febrero,Trimestre I,Semestre I,1,0
633,26,2,2026,6,50,26-Feb-2026,Febrero,Trimestre I,Semestre I,1,0
634,26,2,2026,6,56,26-Feb-2026,Febrero,Trimestre I,Semestre I,1,0
635,26,2,2026,6,57,26-Feb-2026,Febrero,Trimestre I,Semestre I,1,0
636,26,2,2026,7,3,26-Feb-2026,Febrero,Trimestre I,Semestre I,1,0
637,26,2,2026,7,41,26-Feb-2026,Febrero,Trimestre I,Semestre I,1,0
638,26,2,2026,7,52,26-Feb-2026,Febrero,Trimestre I,Semestre I,1,0
639,26,2,2026,8,1,26-Feb-2026,Febrero,Trimestre I,Semestre I,1,0
640,26,2,2026,9,11,26-Feb-2026,Febrero,Trimestre I,Semestre I,1,0
641,26,2,2026,9,29,26-Feb-2026,Febrero,Trimestre I,Semestre I,1,0
642,26,2,2026,10,8,26-Feb-2026,Febrero,Trimestre I,Semestre I,1,0
643,26,2,2026,10,13,26-Feb-2026,Febrero,Trimestre I,Semestre I,1,0
644,26,2,2026,13,12,26-Feb-2026,Febrero,Trimestre I,Semestre I,1,0
645,26,2,2026,13,13,26-Feb-2026,Febrero,Trimestre I,Semestre I,1,0
646,26,2,2026,13,15,26-Feb-2026,Febrero,Trimestre I,Semestre I,1,0
647,26,2,2026,13,51,26-Feb-2026,Febrero,Trimestre I,Semestre I,1,0
648,26,2,2026,14,28,26-Feb-2026,Febrero,Trimestre I,Semestre I,1,0
649,26,2,2026,15,3,26-Feb-2026,Febrero,Trimestre I,Semestre I,1,0
650,26,2,2026,15,35,26-Feb-2026,Febrero,Trimestre I,Semestre I,1,0
651,27,2,2026,7,34,27-Feb-2026,Febrero,Trimestre I,Semestre I,1,0
652,27,2,2026,8,3,27-Feb-2026,Febrero,Trimestre I,Semestre I,1,0
653,27,2,2026,9,10,27-Feb-2026,Febrero,Trimestre I,Semestre I,1,0
654,27,2,2026,9,33,27-Feb-2026,Febrero,Trimestre I,Semestre I,1,0
655,27,2,2026,9,34,27-Feb-2026,Febrero,Trimestre I,Semestre I,1,0
656,27,2,2026,9,48,27-Feb-2026,Febrero,Trimestre I,Semestre I,1,0
657,27,2,2026,9,59,27-Feb-2026,Febrero,Trimestre I,Semestre I,1,0
658,27,2,2026,10,8,27-Feb-2026,Febrero,Trimestre I,Semestre I,1,0
659,27,2,2026,11,29,27-Feb-2026,Febrero,Trimestre I,Semestre I,1,0
660,27,2,2026,13,10,27-Feb-2026,Febrero,Trimestre I,Semestre I,1,0
661,27,2,2026,13,53,27-Feb-2026,Febrero,Trimestre I,Semestre I,1,0
662,27,2,2026,13,58,27-Feb-2026,Febrero,Trimestre I,Semestre I,1,0
663,2,3,2026,10,37,02-Mar-2026,Marzo,Trimestre I,Semestre I,0,0
664,2,3,2026,10,45,02-Mar-2026,Marzo,Trimestre I,Semestre I,0,0
665,2,3,2026,11,28,02-Mar-2026,Marzo,Trimestre I,Semestre I,0,0
666,2,3,2026,13,19,02-Mar-2026,Marzo,Trimestre I,Semestre I,0,0
667,2,3,2026,13,59,02-Mar-2026,Marzo,Trimestre I,Semestre I,0,0
668,2,3,2026,14,31,02-Mar-2026,Marzo,Trimestre I,Semestre I,0,0
669,2,3,2026,14,39,02-Mar-2026,Marzo,Trimestre I,Semestre I,0,0
670,2,3,2026,14,45,02-Mar-2026,Marzo,Trimestre I,Semestre I,0,0
671,2,3,2026,14,46,02-Mar-2026,Marzo,Trimestre I,Semestre I,0,0
672,2,3,2026,15,58,02-Mar-2026,Marzo,Trimestre I,Semestre I,0,0
673,2,3,2026,16,29,02-Mar-2026,Marzo,Trimestre I,Semestre I,0,0
674,3,3,2026,7,36,03-Mar-2026,Marzo,Trimestre I,Semestre I,0,0
675,3,3,2026,7,37,03-Mar-2026,Marzo,Trimestre I,Semestre I,0,0
676,3,3,2026,7,39,03-Mar-2026,Marzo,Trimestre I,Semestre I,0,0
677,3,3,2026,7,43,03-Mar-2026,Marzo,Trimestre I,Semestre I,0,0
678,3,3,2026,7,45,03-Mar-2026,Marzo,Trimestre I,Semestre I,0,0
679,3,3,2026,7,51,03-Mar-2026,Marzo,Trimestre I,Semestre I,0,0
680,3,3,2026,7,53,03-Mar-2026,Marzo,Trimestre I,Semestre I,0,0
681,3,3,2026,10,49,03-Mar-2026,Marzo,Trimestre I,Semestre I,0,0
682,3,3,2026,10,51,03-Mar-2026,Marzo,Trimestre I,Semestre I,0,0
683,3,3,2026,10,54,03-Mar-2026,Marzo,Trimestre I,Semestre I,0,0
684,3,3,2026,10,59,03-Mar-2026,Marzo,Trimestre I,Semestre I,0,0
685,3,3,2026,11,6,03-Mar-2026,Marzo,Trimestre I,Semestre I,0,0
686,3,3,2026,11,29,03-Mar-2026,Marzo,Trimestre I,Semestre I,0,0
687,3,3,2026,11,30,03-Mar-2026,Marzo,Trimestre I,Semestre I,0,0
688,3,3,2026,11,39,03-Mar-2026,Marzo,Trimestre I,Semestre I,0,0
689,3,3,2026,14,9,03-Mar-2026,Marzo,Trimestre I,Semestre I,0,0
690,3,3,2026,14,27,03-Mar-2026,Marzo,Trimestre I,Semestre I,0,0
691,3,3,2026,14,46,03-Mar-2026,Marzo,Trimestre I,Semestre I,0,0
692,3,3,2026,15,20,03-Mar-2026,Marzo,Trimestre I,Semestre I,0,0
693,3,3,2026,15,27,03-Mar-2026,Marzo,Trimestre I,Semestre I,0,0
694,3,3,2026,15,30,03-Mar-2026,Marzo,Trimestre I,Semestre I,0,0
695,3,3,2026,15,32,03-Mar-2026,Marzo,Trimestre I,Semestre I,0,0
696,3,3,2026,16,32,03-Mar-2026,Marzo,Trimestre I,Semestre I,0,0
697,4,3,2026,7,52,04-Mar-2026,Marzo,Trimestre I,Semestre I,0,0
698,4,3,2026,7,57,04-Mar-2026,Marzo,Trimestre I,Semestre I,0,0
699,4,3,2026,8,53,04-Mar-2026,Marzo,Trimestre I,Semestre I,0,0
700,4,3,2026,8,57,04-Mar-2026,Marzo,Trimestre I,Semestre I,0,0
701,4,3,2026,9,5,04-Mar-2026,Marzo,Trimestre I,Semestre I,0,0
702,4,3,2026,10,1,04-Mar-2026,Marzo,Trimestre I,Semestre I,0,0
703,4,3,2026,10,49,04-Mar-2026,Marzo,Trimestre I,Semestre I,0,0
704,4,3,2026,11,7,04-Mar-2026,Marzo,Trimestre I,Semestre I,0,0
705,4,3,2026,11,35,04-Mar-2026,Marzo,Trimestre I,Semestre I,0,0
706,4,3,2026,11,37,04-Mar-2026,Marzo,Trimestre I,Semestre I,0,0
707,4,3,2026,13,7,04-Mar-2026,Marzo,Trimestre I,Semestre I,0,0
708,4,3,2026,13,16,04-Mar-2026,Marzo,Trimestre I,Semestre I,0,0
709,4,3,2026,13,20,04-Mar-2026,Marzo,Trimestre I,Semestre I,0,0
710,4,3,2026,13,37,04-Mar-2026,Marzo,Trimestre I,Semestre I,0,0
711,4,3,2026,13,39,04-Mar-2026,Marzo,Trimestre I,Semestre I,0,0
712,4,3,2026,13,42,04-Mar-2026,Marzo,Trimestre I,Semestre I,0,0
713,4,3,2026,13,44,04-Mar-2026,Marzo,Trimestre I,Semestre I,0,0
714,4,3,2026,13,48,04-Mar-2026,Marzo,Trimestre I,Semestre I,0,0
715,4,3,2026,14,3,04-Mar-2026,Marzo,Trimestre I,Semestre I,0,0
716,4,3,2026,14,8,04-Mar-2026,Marzo,Trimestre I,Semestre I,0,0
717,4,3,2026,14,10,04-Mar-2026,Marzo,Trimestre I,Semestre I,0,0
718,4,3,2026,14,13,04-Mar-2026,Marzo,Trimestre I,Semestre I,0,0
719,4,3,2026,14,14,04-Mar-2026,Marzo,Trimestre I,Semestre I,0,0
720,4,3,2026,14,21,04-Mar-2026,Marzo,Trimestre I,Semestre I,0,0
721,4,3,2026,14,24,04-Mar-2026,Marzo,Trimestre I,Semestre I,0,0
722,4,3,2026,15,6,04-Mar-2026,Marzo,Trimestre I,Semestre I,0,0
723,4,3,2026,15,31,04-Mar-2026,Marzo,Trimestre I,Semestre I,0,0
724,4,3,2026,15,44,04-Mar-2026,Marzo,Trimestre I,Semestre I,0,0
725,4,3,2026,15,54,04-Mar-2026,Marzo,Trimestre I,Semestre I,0,0
726,4,3,2026,15,55,04-Mar-2026,Marzo,Trimestre I,Semestre I,0,0
727,5,3,2026,7,47,05-Mar-2026,Marzo,Trimestre I,Semestre I,0,0
728,5,3,2026,7,54,05-Mar-2026,Marzo,Trimestre I,Semestre I,0,0
729,5,3,2026,8,20,05-Mar-2026,Marzo,Trimestre I,Semestre I,0,0
730,5,3,2026,8,41,05-Mar-2026,Marzo,Trimestre I,Semestre I,0,0
731,5,3,2026,10,54,05-Mar-2026,Marzo,Trimestre I,Semestre I,0,0
732,5,3,2026,11,41,05-Mar-2026,Marzo,Trimestre I,Semestre I,0,0
733,5,3,2026,13,14,05-Mar-2026,Marzo,Trimestre I,Semestre I,0,0
734,5,3,2026,13,17,05-Mar-2026,Marzo,Trimestre I,Semestre I,0,0
735,5,3,2026,13,21,05-Mar-2026,Marzo,Trimestre I,Semestre I,0,0
736,5,3,2026,14,6,05-Mar-2026,Marzo,Trimestre I,Semestre I,0,0
737,5,3,2026,14,46,05-Mar-2026,Marzo,Trimestre I,Semestre I,0,0
738,5,3,2026,14,48,05-Mar-2026,Marzo,Trimestre I,Semestre I,0,0
739,5,3,2026,16,12,05-Mar-2026,Marzo,Trimestre I,Semestre I,0,0
740,6,3,2026,7,40,06-Mar-2026,Marzo,Trimestre I,Semestre I,0,0
741,6,3,2026,9,4,06-Mar-2026,Marzo,Trimestre I,Semestre I,0,0
742,6,3,2026,10,45,06-Mar-2026,Marzo,Trimestre I,Semestre I,0,0
743,6,3,2026,10,46,06-Mar-2026,Marzo,Trimestre I,Semestre I,0,0
744,6,3,2026,11,1,06-Mar-2026,Marzo,Trimestre I,Semestre I,0,0
745,6,3,2026,11,13,06-Mar-2026,Marzo,Trimestre I,Semestre I,0,0
746,6,3,2026,11,28,06-Mar-2026,Marzo,Trimestre I,Semestre I,0,0
747,6,3,2026,13,18,06-Mar-2026,Marzo,Trimestre I,Semestre I,0,0
748,6,3,2026,13,23,06-Mar-2026,Marzo,Trimestre I,Semestre I,0,0
749,6,3,2026,13,33,06-Mar-2026,Marzo,Trimestre I,Semestre I,0,0
750,6,3,2026,13,40,06-Mar-2026,Marzo,Trimestre I,Semestre I,0,0
751,6,3,2026,13,41,06-Mar-2026,Marzo,Trimestre I,Semestre I,0,0
752,6,3,2026,13,47,06-Mar-2026,Marzo,Trimestre I,Semestre I,0,0
753,6,3,2026,14,2,06-Mar-2026,Marzo,Trimestre I,Semestre I,0,0
754,6,3,2026,14,10,06-Mar-2026,Marzo,Trimestre I,Semestre I,0,0
755,6,3,2026,14,20,06-Mar-2026,Marzo,Trimestre I,Semestre I,0,0
756,6,3,2026,14,43,06-Mar-2026,Marzo,Trimestre I,Semestre I,0,0
757,6,3,2026,14,57,06-Mar-2026,Marzo,Trimestre I,Semestre I,0,0
758,6,3,2026,15,28,06-Mar-2026,Marzo,Trimestre I,Semestre I,0,0
759,6,3,2026,15,36,06-Mar-2026,Marzo,Trimestre I,Semestre I,0,0
760,6,3,2026,15,56,06-Mar-2026,Marzo,Trimestre I,Semestre I,0,0
761,6,3,2026,16,34,06-Mar-2026,Marzo,Trimestre I,Semestre I,0,0
762,9,3,2026,13,14,09-Mar-2026,Marzo,Trimestre I,Semestre I,0,0
763,9,3,2026,13,18,09-Mar-2026,Marzo,Trimestre I,Semestre I,0,0
764,9,3,2026,13,27,09-Mar-2026,Marzo,Trimestre I,Semestre I,0,0
765,9,3,2026,13,34,09-Mar-2026,Marzo,Trimestre I,Semestre I,0,0
766,9,3,2026,13,49,09-Mar-2026,Marzo,Trimestre I,Semestre I,0,0
767,9,3,2026,13,53,09-Mar-2026,Marzo,Trimestre I,Semestre I,0,0
768,9,3,2026,13,56,09-Mar-2026,Marzo,Trimestre I,Semestre I,0,0
769,9,3,2026,13,57,09-Mar-2026,Marzo,Trimestre I,Semestre I,0,0
770,9,3,2026,14,3,09-Mar-2026,Marzo,Trimestre I,Semestre I,0,0
771,9,3,2026,14,11,09-Mar-2026,Marzo,Trimestre I,Semestre I,0,0
772,9,3,2026,14,24,09-Mar-2026,Marzo,Trimestre I,Semestre I,0,0
773,9,3,2026,14,27,09-Mar-2026,Marzo,Trimestre I,Semestre I,0,0
774,9,3,2026,15,15,09-Mar-2026,Marzo,Trimestre I,Semestre I,0,0
775,10,3,2026,7,41,10-Mar-2026,Marzo,Trimestre I,Semestre I,0,0
776,10,3,2026,7,43,10-Mar-2026,Marzo,Trimestre I,Semestre I,0,0
777,10,3,2026,7,54,10-Mar-2026,Marzo,Trimestre I,Semestre I,0,0
778,10,3,2026,9,11,10-Mar-2026,Marzo,Trimestre I,Semestre I,0,0
779,10,3,2026,9,45,10-Mar-2026,Marzo,Trimestre I,Semestre I,0,0
780,10,3,2026,11,3,10-Mar-2026,Marzo,Trimestre I,Semestre I,0,0
781,10,3,2026,11,11,10-Mar-2026,Marzo,Trimestre I,Semestre I,0,0
782,10,3,2026,13,5,10-Mar-2026,Marzo,Trimestre I,Semestre I,0,0
783,10,3,2026,13,8,10-Mar-2026,Marzo,Trimestre I,Semestre I,0,0
784,10,3,2026,13,19,10-Mar-2026,Marzo,Trimestre I,Semestre I,0,0
785,10,3,2026,14,35,10-Mar-2026,Marzo,Trimestre I,Semestre I,0,0
786,10,3,2026,14,41,10-Mar-2026,Marzo,Trimestre I,Semestre I,0,0
787,10,3,2026,15,2,10-Mar-2026,Marzo,Trimestre I,Semestre I,0,0
788,11,3,2026,7,22,11-Mar-2026,Marzo,Trimestre I,Semestre I,0,0
789,11,3,2026,7,28,11-Mar-2026,Marzo,Trimestre I,Semestre I,0,0
790,11,3,2026,7,31,11-Mar-2026,Marzo,Trimestre I,Semestre I,0,0
791,11,3,2026,9,57,11-Mar-2026,Marzo,Trimestre I,Semestre I,0,0
792,11,3,2026,10,1,11-Mar-2026,Marzo,Trimestre I,Semestre I,0,0
793,11,3,2026,10,53,11-Mar-2026,Marzo,Trimestre I,Semestre I,0,0
794,11,3,2026,10,57,11-Mar-2026,Marzo,Trimestre I,Semestre I,0,0
795,11,3,2026,11,24,11-Mar-2026,Marzo,Trimestre I,Semestre I,0,0
796,11,3,2026,11,53,11-Mar-2026,Marzo,Trimestre I,Semestre I,0,0
797,11,3,2026,13,10,11-Mar-2026,Marzo,Trimestre I,Semestre I,0,0
798,11,3,2026,13,29,11-Mar-2026,Marzo,Trimestre I,Semestre I,0,0
799,11,3,2026,14,11,11-Mar-2026,Marzo,Trimestre I,Semestre I,0,0
800,11,3,2026,14,15,11-Mar-2026,Marzo,Trimestre I,Semestre I,0,0
801,11,3,2026,14,36,11-Mar-2026,Marzo,Trimestre I,Semestre I,0,0
802,11,3,2026,14,45,11-Mar-2026,Marzo,Trimestre I,Semestre I,0,0
803,11,3,2026,14,55,11-Mar-2026,Marzo,Trimestre I,Semestre I,0,0
804,12,3,2026,7,32,12-Mar-2026,Marzo,Trimestre I,Semestre I,0,0
805,12,3,2026,9,45,12-Mar-2026,Marzo,Trimestre I,Semestre I,0,0
806,12,3,2026,9,49,12-Mar-2026,Marzo,Trimestre I,Semestre I,0,0
807,12,3,2026,10,4,12-Mar-2026,Marzo,Trimestre I,Semestre I,0,0
808,12,3,2026,10,38,12-Mar-2026,Marzo,Trimestre I,Semestre I,0,0
809,12,3,2026,13,44,12-Mar-2026,Marzo,Trimestre I,Semestre I,0,0
810,12,3,2026,13,54,12-Mar-2026,Marzo,Trimestre I,Semestre I,0,0
811,12,3,2026,13,55,12-Mar-2026,Marzo,Trimestre I,Semestre I,0,0
812,12,3,2026,14,18,12-Mar-2026,Marzo,Trimestre I,Semestre I,0,0
813,12,3,2026,14,24,12-Mar-2026,Marzo,Trimestre I,Semestre I,0,0
814,12,3,2026,14,59,12-Mar-2026,Marzo,Trimestre I,Semestre I,0,0
815,12,3,2026,15,34,12-Mar-2026,Marzo,Trimestre I,Semestre I,0,0
816,12,3,2026,16,9,12-Mar-2026,Marzo,Trimestre I,Semestre I,0,0
817,12,3,2026,16,34,12-Mar-2026,Marzo,Trimestre I,Semestre I,0,0
818,13,3,2026,11,39,13-Mar-2026,Marzo,Trimestre I,Semestre I,0,0
819,13,3,2026,11,44,13-Mar-2026,Marzo,Trimestre I,Semestre I,0,0
820,13,3,2026,11,59,13-Mar-2026,Marzo,Trimestre I,Semestre I,0,0
821,13,3,2026,13,22,13-Mar-2026,Marzo,Trimestre I,Semestre I,0,0
822,13,3,2026,13,24,13-Mar-2026,Marzo,Trimestre I,Semestre I,0,0
823,13,3,2026,13,51,13-Mar-2026,Marzo,Trimestre I,Semestre I,0,0
824,13,3,2026,15,43,13-Mar-2026,Marzo,Trimestre I,Semestre I,0,0
825,16,3,2026,8,29,16-Mar-2026,Marzo,Trimestre I,Semestre I,0,0
826,16,3,2026,8,37,16-Mar-2026,Marzo,Trimestre I,Semestre I,0,0
827,16,3,2026,8,38,16-Mar-2026,Marzo,Trimestre I,Semestre I,0,0
828,16,3,2026,9,27,16-Mar-2026,Marzo,Trimestre I,Semestre I,0,0
829,16,3,2026,9,28,16-Mar-2026,Marzo,Trimestre I,Semestre I,0,0
830,16,3,2026,9,32,16-Mar-2026,Marzo,Trimestre I,Semestre I,0,0
831,16,3,2026,10,27,16-Mar-2026,Marzo,Trimestre I,Semestre I,0,0
832,16,3,2026,10,56,16-Mar-2026,Marzo,Trimestre I,Semestre I,0,0
833,16,3,2026,13,23,16-Mar-2026,Marzo,Trimestre I,Semestre I,0,0
834,16,3,2026,13,30,16-Mar-2026,Marzo,Trimestre I,Semestre I,0,0
835,16,3,2026,13,53,16-Mar-2026,Marzo,Trimestre I,Semestre I,0,0
836,16,3,2026,14,30,16-Mar-2026,Marzo,Trimestre I,Semestre I,0,0
837,16,3,2026,14,49,16-Mar-2026,Marzo,Trimestre I,Semestre I,0,0
838,16,3,2026,16,28,16-Mar-2026,Marzo,Trimestre I,Semestre I,0,0
839,17,3,2026,8,5,17-Mar-2026,Marzo,Trimestre I,Semestre I,0,0
840,17,3,2026,8,7,17-Mar-2026,Marzo,Trimestre I,Semestre I,0,0
841,17,3,2026,11,13,17-Mar-2026,Marzo,Trimestre I,Semestre I,0,0
842,17,3,2026,14,47,17-Mar-2026,Marzo,Trimestre I,Semestre I,0,0
843,17,3,2026,16,4,17-Mar-2026,Marzo,Trimestre I,Semestre I,0,0
844,17,3,2026,16,5,17-Mar-2026,Marzo,Trimestre I,Semestre I,0,0
845,18,3,2026,7,29,18-Mar-2026,Marzo,Trimestre I,Semestre I,0,0
846,18,3,2026,7,30,18-Mar-2026,Marzo,Trimestre I,Semestre I,0,0
847,18,3,2026,9,22,18-Mar-2026,Marzo,Trimestre I,Semestre I,0,0
848,18,3,2026,13,34,18-Mar-2026,Marzo,Trimestre I,Semestre I,0,0
849,18,3,2026,14,8,18-Mar-2026,Marzo,Trimestre I,Semestre I,0,0
850,18,3,2026,15,13,18-Mar-2026,Marzo,Trimestre I,Semestre I,0,0
851,18,3,2026,15,21,18-Mar-2026,Marzo,Trimestre I,Semestre I,0,0
852,18,3,2026,16,12,18-Mar-2026,Marzo,Trimestre I,Semestre I,0,0
853,18,3,2026,16,43,18-Mar-2026,Marzo,Trimestre I,Semestre I,0,0
854,19,3,2026,7,21,19-Mar-2026,Marzo,Trimestre I,Semestre I,0,0
855,19,3,2026,7,48,19-Mar-2026,Marzo,Trimestre I,Semestre I,0,0
856,19,3,2026,8,29,19-Mar-2026,Marzo,Trimestre I,Semestre I,0,0
857,19,3,2026,9,28,19-Mar-2026,Marzo,Trimestre I,Semestre I,0,0
858,19,3,2026,9,47,19-Mar-2026,Marzo,Trimestre I,Semestre I,0,0
859,19,3,2026,13,51,19-Mar-2026,Marzo,Trimestre I,Semestre I,0,0
860,19,3,2026,13,55,19-Mar-2026,Marzo,Trimestre I,Semestre I,0,0
861,20,3,2026,7,39,20-Mar-2026,Marzo,Trimestre I,Semestre I,0,0
862,20,3,2026,9,10,20-Mar-2026,Marzo,Trimestre I,Semestre I,0,0
863,20,3,2026,10,8,20-Mar-2026,Marzo,Trimestre I,Semestre I,0,0
864,20,3,2026,10,43,20-Mar-2026,Marzo,Trimestre I,Semestre I,0,0
865,20,3,2026,11,10,20-Mar-2026,Marzo,Trimestre I,Semestre I,0,0
866,20,3,2026,11,35,20-Mar-2026,Marzo,Trimestre I,Semestre I,0,0
867,20,3,2026,13,23,20-Mar-2026,Marzo,Trimestre I,Semestre I,0,0
868,20,3,2026,13,24,20-Mar-2026,Marzo,Trimestre I,Semestre I,0,0
869,20,3,2026,14,37,20-Mar-2026,Marzo,Trimestre I,Semestre I,0,0
870,23,3,2026,8,52,23-Mar-2026,Marzo,Trimestre I,Semestre I,0,0
871,23,3,2026,8,54,23-Mar-2026,Marzo,Trimestre I,Semestre I,0,0
872,23,3,2026,8,57,23-Mar-2026,Marzo,Trimestre I,Semestre I,0,0
873,23,3,2026,11,3,23-Mar-2026,Marzo,Trimestre I,Semestre I,0,0
874,23,3,2026,11,8,23-Mar-2026,Marzo,Trimestre I,Semestre I,0,0
875,23,3,2026,11,12,23-Mar-2026,Marzo,Trimestre I,Semestre I,0,0
876,23,3,2026,14,30,23-Mar-2026,Marzo,Trimestre I,Semestre I,0,0
877,23,3,2026,16,0,23-Mar-2026,Marzo,Trimestre I,Semestre I,0,0
878,23,3,2026,16,13,23-Mar-2026,Marzo,Trimestre I,Semestre I,0,0
879,24,3,2026,8,5,24-Mar-2026,Marzo,Trimestre I,Semestre I,0,0
880,24,3,2026,8,35,24-Mar-2026,Marzo,Trimestre I,Semestre I,0,0
881,24,3,2026,8,52,24-Mar-2026,Marzo,Trimestre I,Semestre I,0,0
882,24,3,2026,9,50,24-Mar-2026,Marzo,Trimestre I,Semestre I,0,0
883,24,3,2026,11,21,24-Mar-2026,Marzo,Trimestre I,Semestre I,0,0
884,24,3,2026,11,42,24-Mar-2026,Marzo,Trimestre I,Semestre I,0,0
885,24,3,2026,11,54,24-Mar-2026,Marzo,Trimestre I,Semestre I,0,0
886,24,3,2026,14,27,24-Mar-2026,Marzo,Trimestre I,Semestre I,0,0
887,24,3,2026,14,59,24-Mar-2026,Marzo,Trimestre I,Semestre I,0,0
888,24,3,2026,15,5,24-Mar-2026,Marzo,Trimestre I,Semestre I,0,0
889,24,3,2026,15,59,24-Mar-2026,Marzo,Trimestre I,Semestre I,0,0
890,25,3,2026,8,15,25-Mar-2026,Marzo,Trimestre I,Semestre I,0,0
891,25,3,2026,8,17,25-Mar-2026,Marzo,Trimestre I,Semestre I,0,0
892,25,3,2026,8,49,25-Mar-2026,Marzo,Trimestre I,Semestre I,0,0
893,25,3,2026,13,40,25-Mar-2026,Marzo,Trimestre I,Semestre I,0,0
894,25,3,2026,14,6,25-Mar-2026,Marzo,Trimestre I,Semestre I,0,0
895,25,3,2026,15,14,25-Mar-2026,Marzo,Trimestre I,Semestre I,0,0
896,25,3,2026,16,37,25-Mar-2026,Marzo,Trimestre I,Semestre I,0,0
897,26,3,2026,7,46,26-Mar-2026,Marzo,Trimestre I,Semestre I,0,0
898,26,3,2026,8,4,26-Mar-2026,Marzo,Trimestre I,Semestre I,0,0
899,26,3,2026,9,12,26-Mar-2026,Marzo,Trimestre I,Semestre I,0,0
900,26,3,2026,10,52,26-Mar-2026,Marzo,Trimestre I,Semestre I,0,0
901,26,3,2026,11,2,26-Mar-2026,Marzo,Trimestre I,Semestre I,0,0
902,26,3,2026,12,4,26-Mar-2026,Marzo,Trimestre I,Semestre I,0,0
903,26,3,2026,13,28,26-Mar-2026,Marzo,Trimestre I,Semestre I,0,0
904,26,3,2026,14,16,26-Mar-2026,Marzo,Trimestre I,Semestre I,0,0
905,26,3,2026,14,54,26-Mar-2026,Marzo,Trimestre I,Semestre I,0,0
906,26,3,2026,15,54,26-Mar-2026,Marzo,Trimestre I,Semestre I,0,0
907,26,3,2026,16,6,26-Mar-2026,Marzo,Trimestre I,Semestre I,0,0
908,27,3,2026,7,27,27-Mar-2026,Marzo,Trimestre I,Semestre I,0,0
909,27,3,2026,7,39,27-Mar-2026,Marzo,Trimestre I,Semestre I,0,0
910,27,3,2026,7,40,27-Mar-2026,Marzo,Trimestre I,Semestre I,0,0
911,27,3,2026,9,15,27-Mar-2026,Marzo,Trimestre I,Semestre I,0,0
912,27,3,2026,9,38,27-Mar-2026,Marzo,Trimestre I,Semestre I,0,0
913,27,3,2026,10,21,27-Mar-2026,Marzo,Trimestre I,Semestre I,0,0
914,27,3,2026,10,30,27-Mar-2026,Marzo,Trimestre I,Semestre I,0,0
915,27,3,2026,13,4,27-Mar-2026,Marzo,Trimestre I,Semestre I,0,0
916,27,3,2026,13,5,27-Mar-2026,Marzo,Trimestre I,Semestre I,0,0
917,27,3,2026,13,28,27-Mar-2026,Marzo,Trimestre I,Semestre I,0,0
918,27,3,2026,13,54,27-Mar-2026,Marzo,Trimestre I,Semestre I,0,0
919,27,3,2026,14,8,27-Mar-2026,Marzo,Trimestre I,Semestre I,0,0
920,27,3,2026,14,11,27-Mar-2026,Marzo,Trimestre I,Semestre I,0,0
921,27,3,2026,14,14,27-Mar-2026,Marzo,Trimestre I,Semestre I,0,0
922,27,3,2026,14,29,27-Mar-2026,Marzo,Trimestre I,Semestre I,0,0
923,27,3,2026,14,30,27-Mar-2026,Marzo,Trimestre I,Semestre I,0,0
924,27,3,2026,14,31,27-Mar-2026,Marzo,Trimestre I,Semestre I,0,0
925,27,3,2026,14,37,27-Mar-2026,Marzo,Trimestre I,Semestre I,0,0
926,27,3,2026,14,48,27-Mar-2026,Marzo,Trimestre I,Semestre I,0,0
927,27,3,2026,15,53,27-Mar-2026,Marzo,Trimestre I,Semestre I,0,0
928,27,3,2026,16,10,27-Mar-2026,Marzo,Trimestre I,Semestre I,0,0
929,27,3,2026,16,19,27-Mar-2026,Marzo,Trimestre I,Semestre I,0,0
930,27,3,2026,16,20,27-Mar-2026,Marzo,Trimestre I,Semestre I,0,0
931,27,3,2026,16,22,27-Mar-2026,Marzo,Trimestre I,Semestre I,0,0
932,6,4,2026,7,50,06-Apr-2026,Abril,Trimestre II,Semestre I,0,0
933,6,4,2026,7,52,06-Apr-2026,Abril,Trimestre II,Semestre I,0,0
934,6,4,2026,7,55,06-Apr-2026,Abril,Trimestre II,Semestre I,0,0
935,6,4,2026,9,21,06-Apr-2026,Abril,Trimestre II,Semestre I,0,0
936,6,4,2026,15,39,06-Apr-2026,Abril,Trimestre II,Semestre I,0,0
937,6,4,2026,16,2,06-Apr-2026,Abril,Trimestre II,Semestre I,0,0
938,6,4,2026,16,9,06-Apr-2026,Abril,Trimestre II,Semestre I,0,0
939,7,4,2026,9,0,07-Apr-2026,Abril,Trimestre II,Semestre I,0,0
940,7,4,2026,9,5,07-Apr-2026,Abril,Trimestre II,Semestre I,0,0
941,7,4,2026,9,27,07-Apr-2026,Abril,Trimestre II,Semestre I,0,0
942,7,4,2026,9,42,07-Apr-2026,Abril,Trimestre II,Semestre I,0,0
943,7,4,2026,9,53,07-Apr-2026,Abril,Trimestre II,Semestre I,0,0
944,7,4,2026,10,3,07-Apr-2026,Abril,Trimestre II,Semestre I,0,0
945,7,4,2026,10,57,07-Apr-2026,Abril,Trimestre II,Semestre I,0,0
946,7,4,2026,10,58,07-Apr-2026,Abril,Trimestre II,Semestre I,0,0
947,7,4,2026,10,59,07-Apr-2026,Abril,Trimestre II,Semestre I,0,0
948,7,4,2026,13,38,07-Apr-2026,Abril,Trimestre II,Semestre I,0,0
949,7,4,2026,14,30,07-Apr-2026,Abril,Trimestre II,Semestre I,0,0
950,7,4,2026,15,40,07-Apr-2026,Abril,Trimestre II,Semestre I,0,0
951,8,4,2026,7,26,08-Apr-2026,Abril,Trimestre II,Semestre I,0,0
952,8,4,2026,7,30,08-Apr-2026,Abril,Trimestre II,Semestre I,0,0
953,8,4,2026,7,45,08-Apr-2026,Abril,Trimestre II,Semestre I,0,0
954,8,4,2026,7,46,08-Apr-2026,Abril,Trimestre II,Semestre I,0,0
955,8,4,2026,7,56,08-Apr-2026,Abril,Trimestre II,Semestre I,0,0
956,8,4,2026,8,4,08-Apr-2026,Abril,Trimestre II,Semestre I,0,0
957,8,4,2026,10,0,08-Apr-2026,Abril,Trimestre II,Semestre I,0,0
958,8,4,2026,10,24,08-Apr-2026,Abril,Trimestre II,Semestre I,0,0
959,8,4,2026,13,33,08-Apr-2026,Abril,Trimestre II,Semestre I,0,0
960,8,4,2026,13,41,08-Apr-2026,Abril,Trimestre II,Semestre I,0,0
961,8,4,2026,15,30,08-Apr-2026,Abril,Trimestre II,Semestre I,0,0
962,8,4,2026,15,31,08-Apr-2026,Abril,Trimestre II,Semestre I,0,0
963,8,4,2026,16,13,08-Apr-2026,Abril,Trimestre II,Semestre I,0,0
964,8,4,2026,16,30,08-Apr-2026,Abril,Trimestre II,Semestre I,0,0
965,9,4,2026,7,35,09-Apr-2026,Abril,Trimestre II,Semestre I,0,0
966,9,4,2026,7,54,09-Apr-2026,Abril,Trimestre II,Semestre I,0,0
967,9,4,2026,7,55,09-Apr-2026,Abril,Trimestre II,Semestre I,0,0
968,9,4,2026,7,56,09-Apr-2026,Abril,Trimestre II,Semestre I,0,0
969,9,4,2026,9,2,09-Apr-2026,Abril,Trimestre II,Semestre I,0,0
970,9,4,2026,9,20,09-Apr-2026,Abril,Trimestre II,Semestre I,0,0
971,9,4,2026,9,25,09-Apr-2026,Abril,Trimestre II,Semestre I,0,0
972,9,4,2026,9,48,09-Apr-2026,Abril,Trimestre II,Semestre I,0,0
973,9,4,2026,9,53,09-Apr-2026,Abril,Trimestre II,Semestre I,0,0
974,9,4,2026,9,56,09-Apr-2026,Abril,Trimestre II,Semestre I,0,0
975,9,4,2026,10,6,09-Apr-2026,Abril,Trimestre II,Semestre I,0,0
976,9,4,2026,13,38,09-Apr-2026,Abril,Trimestre II,Semestre I,0,0
977,9,4,2026,13,52,09-Apr-2026,Abril,Trimestre II,Semestre I,0,0
978,9,4,2026,14,37,09-Apr-2026,Abril,Trimestre II,Semestre I,0,0
979,9,4,2026,15,37,09-Apr-2026,Abril,Trimestre II,Semestre I,0,0
980,9,4,2026,15,39,09-Apr-2026,Abril,Trimestre II,Semestre I,0,0
981,10,4,2026,7,47,10-Apr-2026,Abril,Trimestre II,Semestre I,0,0
982,10,4,2026,8,4,10-Apr-2026,Abril,Trimestre II,Semestre I,0,0
983,10,4,2026,10,24,10-Apr-2026,Abril,Trimestre II,Semestre I,0,0
984,10,4,2026,10,30,10-Apr-2026,Abril,Trimestre II,Semestre I,0,0
985,10,4,2026,11,6,10-Apr-2026,Abril,Trimestre II,Semestre I,0,0
986,10,4,2026,11,44,10-Apr-2026,Abril,Trimestre II,Semestre I,0,0
987,10,4,2026,11,50,10-Apr-2026,Abril,Trimestre II,Semestre I,0,0
988,10,4,2026,11,54,10-Apr-2026,Abril,Trimestre II,Semestre I,0,0
989,10,4,2026,11,55,10-Apr-2026,Abril,Trimestre II,Semestre I,0,0
990,10,4,2026,12,39,10-Apr-2026,Abril,Trimestre II,Semestre I,0,0
991,10,4,2026,13,6,10-Apr-2026,Abril,Trimestre II,Semestre I,0,0
992,10,4,2026,13,35,10-Apr-2026,Abril,Trimestre II,Semestre I,0,0
993,10,4,2026,14,22,10-Apr-2026,Abril,Trimestre II,Semestre I,0,0
994,10,4,2026,15,5,10-Apr-2026,Abril,Trimestre II,Semestre I,0,0
995,10,4,2026,15,58,10-Apr-2026,Abril,Trimestre II,Semestre I,0,0
996,10,4,2026,15,59,10-Apr-2026,Abril,Trimestre II,Semestre I,0,0
997,13,4,2026,11,0,13-Apr-2026,Abril,Trimestre II,Semestre I,0,0
998,13,4,2026,11,27,13-Apr-2026,Abril,Trimestre II,Semestre I,0,0
999,13,4,2026,11,28,13-Apr-2026,Abril,Trimestre II,Semestre I,0,0
1000,13,4,2026,11,40,13-Apr-2026,Abril,Trimestre II,Semestre I,0,0
1001,13,4,2026,11,48,13-Apr-2026,Abril,Trimestre II,Semestre I,0,0
1002,13,4,2026,13,17,13-Apr-2026,Abril,Trimestre II,Semestre I,0,0
1003,13,4,2026,13,19,13-Apr-2026,Abril,Trimestre II,Semestre I,0,0
1004,13,4,2026,14,21,13-Apr-2026,Abril,Trimestre II,Semestre I,0,0
1005,13,4,2026,14,35,13-Apr-2026,Abril,Trimestre II,Semestre I,0,0
1006,13,4,2026,14,42,13-Apr-2026,Abril,Trimestre II,Semestre I,0,0
1007,13,4,2026,15,19,13-Apr-2026,Abril,Trimestre II,Semestre I,0,0
1008,13,4,2026,15,44,13-Apr-2026,Abril,Trimestre II,Semestre I,0,0
1009,13,4,2026,15,48,13-Apr-2026,Abril,Trimestre II,Semestre I,0,0
1010,14,4,2026,7,41,14-Apr-2026,Abril,Trimestre II,Semestre I,0,0
1011,14,4,2026,7,42,14-Apr-2026,Abril,Trimestre II,Semestre I,0,0
1012,14,4,2026,7,46,14-Apr-2026,Abril,Trimestre II,Semestre I,0,0
1013,14,4,2026,7,51,14-Apr-2026,Abril,Trimestre II,Semestre I,0,0
1014,14,4,2026,7,54,14-Apr-2026,Abril,Trimestre II,Semestre I,0,0
1015,14,4,2026,9,8,14-Apr-2026,Abril,Trimestre II,Semestre I,0,0
1016,14,4,2026,9,25,14-Apr-2026,Abril,Trimestre II,Semestre I,0,0
1017,14,4,2026,10,50,14-Apr-2026,Abril,Trimestre II,Semestre I,0,0
1018,14,4,2026,13,59,14-Apr-2026,Abril,Trimestre II,Semestre I,0,0
1019,14,4,2026,14,3,14-Apr-2026,Abril,Trimestre II,Semestre I,0,0
1020,15,4,2026,7,33,15-Apr-2026,Abril,Trimestre II,Semestre I,0,0
1021,15,4,2026,9,58,15-Apr-2026,Abril,Trimestre II,Semestre I,0,0
1022,15,4,2026,10,20,15-Apr-2026,Abril,Trimestre II,Semestre I,0,0
1023,15,4,2026,10,24,15-Apr-2026,Abril,Trimestre II,Semestre I,0,0
1024,15,4,2026,13,7,15-Apr-2026,Abril,Trimestre II,Semestre I,0,0
1025,15,4,2026,13,13,15-Apr-2026,Abril,Trimestre II,Semestre I,0,0
1026,15,4,2026,13,37,15-Apr-2026,Abril,Trimestre II,Semestre I,0,0
1027,15,4,2026,13,43,15-Apr-2026,Abril,Trimestre II,Semestre I,0,0
1028,15,4,2026,14,8,15-Apr-2026,Abril,Trimestre II,Semestre I,0,0
1029,15,4,2026,14,11,15-Apr-2026,Abril,Trimestre II,Semestre I,0,0
1030,15,4,2026,14,25,15-Apr-2026,Abril,Trimestre II,Semestre I,0,0
1031,15,4,2026,14,43,15-Apr-2026,Abril,Trimestre II,Semestre I,0,0
1032,16,4,2026,7,31,16-Apr-2026,Abril,Trimestre II,Semestre I,0,0
1033,16,4,2026,7,48,16-Apr-2026,Abril,Trimestre II,Semestre I,0,0
1034,16,4,2026,7,57,16-Apr-2026,Abril,Trimestre II,Semestre I,0,0
1035,16,4,2026,8,10,16-Apr-2026,Abril,Trimestre II,Semestre I,0,0
1036,16,4,2026,8,21,16-Apr-2026,Abril,Trimestre II,Semestre I,0,0
1037,16,4,2026,10,44,16-Apr-2026,Abril,Trimestre II,Semestre I,0,0
1038,16,4,2026,14,53,16-Apr-2026,Abril,Trimestre II,Semestre I,0,0
1039,17,4,2026,7,46,17-Apr-2026,Abril,Trimestre II,Semestre I,0,0
1040,17,4,2026,7,48,17-Apr-2026,Abril,Trimestre II,Semestre I,0,0
1041,17,4,2026,7,51,17-Apr-2026,Abril,Trimestre II,Semestre I,0,0
1042,17,4,2026,9,6,17-Apr-2026,Abril,Trimestre II,Semestre I,0,0
1043,17,4,2026,9,37,17-Apr-2026,Abril,Trimestre II,Semestre I,0,0
1044,17,4,2026,10,47,17-Apr-2026,Abril,Trimestre II,Semestre I,0,0
1045,17,4,2026,11,10,17-Apr-2026,Abril,Trimestre II,Semestre I,0,0
1046,17,4,2026,11,28,17-Apr-2026,Abril,Trimestre II,Semestre I,0,0
1047,17,4,2026,11,40,17-Apr-2026,Abril,Trimestre II,Semestre I,0,0
1048,17,4,2026,14,47,17-Apr-2026,Abril,Trimestre II,Semestre I,0,0
1049,17,4,2026,14,51,17-Apr-2026,Abril,Trimestre II,Semestre I,0,0
1050,17,4,2026,14,54,17-Apr-2026,Abril,Trimestre II,Semestre I,0,0
1051,17,4,2026,15,13,17-Apr-2026,Abril,Trimestre II,Semestre I,0,0
1052,17,4,2026,16,0,17-Apr-2026,Abril,Trimestre II,Semestre I,0,0
1053,20,4,2026,9,45,20-Apr-2026,Abril,Trimestre II,Semestre I,0,0
1054,20,4,2026,10,25,20-Apr-2026,Abril,Trimestre II,Semestre I,0,0
1055,20,4,2026,10,35,20-Apr-2026,Abril,Trimestre II,Semestre I,0,0
1056,20,4,2026,11,23,20-Apr-2026,Abril,Trimestre II,Semestre I,0,0
1057,20,4,2026,13,2,20-Apr-2026,Abril,Trimestre II,Semestre I,0,0
1058,20,4,2026,14,40,20-Apr-2026,Abril,Trimestre II,Semestre I,0,0
1059,20,4,2026,15,29,20-Apr-2026,Abril,Trimestre II,Semestre I,0,0
1060,20,4,2026,16,6,20-Apr-2026,Abril,Trimestre II,Semestre I,0,0
1061,20,4,2026,16,10,20-Apr-2026,Abril,Trimestre II,Semestre I,0,0
1062,21,4,2026,7,49,21-Apr-2026,Abril,Trimestre II,Semestre I,0,0
1063,21,4,2026,7,52,21-Apr-2026,Abril,Trimestre II,Semestre I,0,0
1064,21,4,2026,9,4,21-Apr-2026,Abril,Trimestre II,Semestre I,0,0
1065,21,4,2026,14,2,21-Apr-2026,Abril,Trimestre II,Semestre I,0,0
1066,21,4,2026,14,12,21-Apr-2026,Abril,Trimestre II,Semestre I,0,0
1067,21,4,2026,14,21,21-Apr-2026,Abril,Trimestre II,Semestre I,0,0
1068,21,4,2026,15,25,21-Apr-2026,Abril,Trimestre II,Semestre I,0,0
1069,21,4,2026,15,35,21-Apr-2026,Abril,Trimestre II,Semestre I,0,0
1070,21,4,2026,15,49,21-Apr-2026,Abril,Trimestre II,Semestre I,0,0
1071,22,4,2026,8,51,22-Apr-2026,Abril,Trimestre II,Semestre I,0,0
1072,22,4,2026,9,22,22-Apr-2026,Abril,Trimestre II,Semestre I,0,0
1073,22,4,2026,10,5,22-Apr-2026,Abril,Trimestre II,Semestre I,0,0
1074,22,4,2026,10,37,22-Apr-2026,Abril,Trimestre II,Semestre I,0,0
1075,22,4,2026,13,13,22-Apr-2026,Abril,Trimestre II,Semestre I,0,0
1076,22,4,2026,13,45,22-Apr-2026,Abril,Trimestre II,Semestre I,0,0
1077,22,4,2026,14,50,22-Apr-2026,Abril,Trimestre II,Semestre I,0,0
1078,22,4,2026,14,51,22-Apr-2026,Abril,Trimestre II,Semestre I,0,0
1079,22,4,2026,14,53,22-Apr-2026,Abril,Trimestre II,Semestre I,0,0
1080,22,4,2026,15,15,22-Apr-2026,Abril,Trimestre II,Semestre I,0,0
1081,22,4,2026,15,30,22-Apr-2026,Abril,Trimestre II,Semestre I,0,0
1082,22,4,2026,15,31,22-Apr-2026,Abril,Trimestre II,Semestre I,0,0
1083,22,4,2026,15,41,22-Apr-2026,Abril,Trimestre II,Semestre I,0,0
1084,22,4,2026,15,45,22-Apr-2026,Abril,Trimestre II,Semestre I,0,0
1085,22,4,2026,15,46,22-Apr-2026,Abril,Trimestre II,Semestre I,0,0
1086,22,4,2026,16,18,22-Apr-2026,Abril,Trimestre II,Semestre I,0,0
1087,22,4,2026,16,24,22-Apr-2026,Abril,Trimestre II,Semestre I,0,0
1088,23,4,2026,7,35,23-Apr-2026,Abril,Trimestre II,Semestre I,0,0
1089,23,4,2026,7,41,23-Apr-2026,Abril,Trimestre II,Semestre I,0,0
1090,23,4,2026,7,52,23-Apr-2026,Abril,Trimestre II,Semestre I,0,0
1091,23,4,2026,8,4,23-Apr-2026,Abril,Trimestre II,Semestre I,0,0
1092,23,4,2026,10,3,23-Apr-2026,Abril,Trimestre II,Semestre I,0,0
1093,23,4,2026,10,32,23-Apr-2026,Abril,Trimestre II,Semestre I,0,0
1094,23,4,2026,10,54,23-Apr-2026,Abril,Trimestre II,Semestre I,0,0
1095,23,4,2026,13,9,23-Apr-2026,Abril,Trimestre II,Semestre I,0,0
1096,23,4,2026,13,18,23-Apr-2026,Abril,Trimestre II,Semestre I,0,0
1097,23,4,2026,13,36,23-Apr-2026,Abril,Trimestre II,Semestre I,0,0
1098,23,4,2026,15,13,23-Apr-2026,Abril,Trimestre II,Semestre I,0,0
1099,23,4,2026,16,22,23-Apr-2026,Abril,Trimestre II,Semestre I,0,0
1100,23,4,2026,16,25,23-Apr-2026,Abril,Trimestre II,Semestre I,0,0
1101,24,4,2026,7,48,24-Apr-2026,Abril,Trimestre II,Semestre I,0,0
1102,24,4,2026,7,57,24-Apr-2026,Abril,Trimestre II,Semestre I,0,0
1103,24,4,2026,7,58,24-Apr-2026,Abril,Trimestre II,Semestre I,0,0
1104,24,4,2026,8,9,24-Apr-2026,Abril,Trimestre II,Semestre I,0,0
1105,24,4,2026,9,10,24-Apr-2026,Abril,Trimestre II,Semestre I,0,0
1106,24,4,2026,9,18,24-Apr-2026,Abril,Trimestre II,Semestre I,0,0
1107,24,4,2026,9,24,24-Apr-2026,Abril,Trimestre II,Semestre I,0,0
1108,24,4,2026,9,36,24-Apr-2026,Abril,Trimestre II,Semestre I,0,0
1109,24,4,2026,9,42,24-Apr-2026,Abril,Trimestre II,Semestre I,0,0
1110,24,4,2026,9,44,24-Apr-2026,Abril,Trimestre II,Semestre I,0,0
1111,24,4,2026,10,0,24-Apr-2026,Abril,Trimestre II,Semestre I,0,0
1112,24,4,2026,10,4,24-Apr-2026,Abril,Trimestre II,Semestre I,0,0
1113,24,4,2026,10,5,24-Apr-2026,Abril,Trimestre II,Semestre I,0,0
1114,24,4,2026,10,7,24-Apr-2026,Abril,Trimestre II,Semestre I,0,0
1115,24,4,2026,10,8,24-Apr-2026,Abril,Trimestre II,Semestre I,0,0
1116,24,4,2026,10,11,24-Apr-2026,Abril,Trimestre II,Semestre I,0,0
1117,24,4,2026,11,39,24-Apr-2026,Abril,Trimestre II,Semestre I,0,0
1118,24,4,2026,14,2,24-Apr-2026,Abril,Trimestre II,Semestre I,0,0
1119,24,4,2026,14,18,24-Apr-2026,Abril,Trimestre II,Semestre I,0,0
1120,24,4,2026,15,41,24-Apr-2026,Abril,Trimestre II,Semestre I,0,0
1121,27,4,2026,7,54,27-Apr-2026,Abril,Trimestre II,Semestre I,0,0
1122,27,4,2026,7,55,27-Apr-2026,Abril,Trimestre II,Semestre I,0,0
1123,27,4,2026,7,59,27-Apr-2026,Abril,Trimestre II,Semestre I,0,0
1124,27,4,2026,8,1,27-Apr-2026,Abril,Trimestre II,Semestre I,0,0
1125,27,4,2026,8,45,27-Apr-2026,Abril,Trimestre II,Semestre I,0,0
1126,27,4,2026,8,46,27-Apr-2026,Abril,Trimestre II,Semestre I,0,0
1127,27,4,2026,8,49,27-Apr-2026,Abril,Trimestre II,Semestre I,0,0
1128,27,4,2026,8,55,27-Apr-2026,Abril,Trimestre II,Semestre I,0,0
1129,27,4,2026,11,50,27-Apr-2026,Abril,Trimestre II,Semestre I,0,0
1130,27,4,2026,13,52,27-Apr-2026,Abril,Trimestre II,Semestre I,0,0
1131,27,4,2026,14,59,27-Apr-2026,Abril,Trimestre II,Semestre I,0,0
1132,27,4,2026,15,58,27-Apr-2026,Abril,Trimestre II,Semestre I,0,0
1133,28,4,2026,7,44,28-Apr-2026,Abril,Trimestre II,Semestre I,0,0
1134,28,4,2026,7,45,28-Apr-2026,Abril,Trimestre II,Semestre I,0,0
1135,28,4,2026,8,43,28-Apr-2026,Abril,Trimestre II,Semestre I,0,0
1136,28,4,2026,10,38,28-Apr-2026,Abril,Trimestre II,Semestre I,0,0
1137,28,4,2026,10,49,28-Apr-2026,Abril,Trimestre II,Semestre I,0,0
1138,28,4,2026,10,50,28-Apr-2026,Abril,Trimestre II,Semestre I,0,0
1139,28,4,2026,10,51,28-Apr-2026,Abril,Trimestre II,Semestre I,0,0
1140,28,4,2026,11,0,28-Apr-2026,Abril,Trimestre II,Semestre I,0,0
1141,28,4,2026,11,23,28-Apr-2026,Abril,Trimestre II,Semestre I,0,0
1142,28,4,2026,11,40,28-Apr-2026,Abril,Trimestre II,Semestre I,0,0
1143,28,4,2026,11,54,28-Apr-2026,Abril,Trimestre II,Semestre I,0,0
1144,28,4,2026,14,22,28-Apr-2026,Abril,Trimestre II,Semestre I,0,0
1145,28,4,2026,14,27,28-Apr-2026,Abril,Trimestre II,Semestre I,0,0
1146,28,4,2026,14,44,28-Apr-2026,Abril,Trimestre II,Semestre I,0,0
1147,28,4,2026,14,45,28-Apr-2026,Abril,Trimestre II,Semestre I,0,0
1148,29,4,2026,7,45,29-Apr-2026,Abril,Trimestre II,Semestre I,0,0
1149,29,4,2026,9,24,29-Apr-2026,Abril,Trimestre II,Semestre I,0,0
1150,29,4,2026,10,22,29-Apr-2026,Abril,Trimestre II,Semestre I,0,0
1151,29,4,2026,11,5,29-Apr-2026,Abril,Trimestre II,Semestre I,0,0
1152,29,4,2026,11,34,29-Apr-2026,Abril,Trimestre II,Semestre I,0,0
1153,29,4,2026,11,50,29-Apr-2026,Abril,Trimestre II,Semestre I,0,0
1154,29,4,2026,13,9,29-Apr-2026,Abril,Trimestre II,Semestre I,0,0
1155,29,4,2026,13,10,29-Apr-2026,Abril,Trimestre II,Semestre I,0,0
1156,29,4,2026,13,36,29-Apr-2026,Abril,Trimestre II,Semestre I,0,0
1157,29,4,2026,13,37,29-Apr-2026,Abril,Trimestre II,Semestre I,0,0
1158,29,4,2026,13,58,29-Apr-2026,Abril,Trimestre II,Semestre I,0,0
1159,29,4,2026,14,2,29-Apr-2026,Abril,Trimestre II,Semestre I,0,0
1160,29,4,2026,15,38,29-Apr-2026,Abril,Trimestre II,Semestre I,0,0
1161,29,4,2026,15,41,29-Apr-2026,Abril,Trimestre II,Semestre I,0,0
1162,29,4,2026,16,25,29-Apr-2026,Abril,Trimestre II,Semestre I,0,0
1163,30,4,2026,7,32,30-Apr-2026,Abril,Trimestre II,Semestre I,0,0
1164,30,4,2026,8,45,30-Apr-2026,Abril,Trimestre II,Semestre I,0,0
1165,30,4,2026,9,21,30-Apr-2026,Abril,Trimestre II,Semestre I,0,0
1166,30,4,2026,9,41,30-Apr-2026,Abril,Trimestre II,Semestre I,0,0
1167,30,4,2026,9,57,30-Apr-2026,Abril,Trimestre II,Semestre I,0,0
1168,30,4,2026,12,2,30-Apr-2026,Abril,Trimestre II,Semestre I,0,0
1169,30,4,2026,13,11,30-Apr-2026,Abril,Trimestre II,Semestre I,0,0
1170,30,4,2026,13,43,30-Apr-2026,Abril,Trimestre II,Semestre I,0,0
1171,30,4,2026,14,25,30-Apr-2026,Abril,Trimestre II,Semestre I,0,0
1172,30,4,2026,15,18,30-Apr-2026,Abril,Trimestre II,Semestre I,0,0
1173,4,5,2026,7,43,04-May-2026,Mayo,Trimestre II,Semestre I,0,0
1174,4,5,2026,7,53,04-May-2026,Mayo,Trimestre II,Semestre I,0,0
1175,4,5,2026,7,56,04-May-2026,Mayo,Trimestre II,Semestre I,0,0
1176,4,5,2026,8,6,04-May-2026,Mayo,Trimestre II,Semestre I,0,0
1177,4,5,2026,11,18,04-May-2026,Mayo,Trimestre II,Semestre I,0,0
1178,4,5,2026,11,29,04-May-2026,Mayo,Trimestre II,Semestre I,0,0
1179,4,5,2026,11,30,04-May-2026,Mayo,Trimestre II,Semestre I,0,0
1180,4,5,2026,13,47,04-May-2026,Mayo,Trimestre II,Semestre I,0,0
1181,4,5,2026,13,48,04-May-2026,Mayo,Trimestre II,Semestre I,0,0
1182,4,5,2026,13,49,04-May-2026,Mayo,Trimestre II,Semestre I,0,0
1183,4,5,2026,13,51,04-May-2026,Mayo,Trimestre II,Semestre I,0,0
1184,4,5,2026,14,12,04-May-2026,Mayo,Trimestre II,Semestre I,0,0
1185,4,5,2026,14,41,04-May-2026,Mayo,Trimestre II,Semestre I,0,0
1186,4,5,2026,16,30,04-May-2026,Mayo,Trimestre II,Semestre I,0,0
1187,5,5,2026,7,50,05-May-2026,Mayo,Trimestre II,Semestre I,0,0
1188,5,5,2026,9,4,05-May-2026,Mayo,Trimestre II,Semestre I,0,0
1189,5,5,2026,9,8,05-May-2026,Mayo,Trimestre II,Semestre I,0,0
1190,5,5,2026,9,15,05-May-2026,Mayo,Trimestre II,Semestre I,0,0
1191,5,5,2026,9,36,05-May-2026,Mayo,Trimestre II,Semestre I,0,0
1192,5,5,2026,9,43,05-May-2026,Mayo,Trimestre II,Semestre I,0,0
1193,5,5,2026,9,56,05-May-2026,Mayo,Trimestre II,Semestre I,0,0
1194,5,5,2026,10,35,05-May-2026,Mayo,Trimestre II,Semestre I,0,0
1195,5,5,2026,13,19,05-May-2026,Mayo,Trimestre II,Semestre I,0,0
1196,5,5,2026,14,52,05-May-2026,Mayo,Trimestre II,Semestre I,0,0
1197,5,5,2026,15,25,05-May-2026,Mayo,Trimestre II,Semestre I,0,0
1198,6,5,2026,7,49,06-May-2026,Mayo,Trimestre II,Semestre I,0,0
1199,6,5,2026,7,55,06-May-2026,Mayo,Trimestre II,Semestre I,0,0
1200,6,5,2026,8,43,06-May-2026,Mayo,Trimestre II,Semestre I,0,0
1201,6,5,2026,9,11,06-May-2026,Mayo,Trimestre II,Semestre I,0,0
1202,6,5,2026,10,59,06-May-2026,Mayo,Trimestre II,Semestre I,0,0
1203,6,5,2026,11,11,06-May-2026,Mayo,Trimestre II,Semestre I,0,0
1204,6,5,2026,13,51,06-May-2026,Mayo,Trimestre II,Semestre I,0,0
1205,6,5,2026,15,10,06-May-2026,Mayo,Trimestre II,Semestre I,0,0
1206,6,5,2026,15,50,06-May-2026,Mayo,Trimestre II,Semestre I,0,0
1207,7,5,2026,7,34,07-May-2026,Mayo,Trimestre II,Semestre I,0,0
1208,7,5,2026,9,27,07-May-2026,Mayo,Trimestre II,Semestre I,0,0
1209,7,5,2026,11,12,07-May-2026,Mayo,Trimestre II,Semestre I,0,0
1210,7,5,2026,11,30,07-May-2026,Mayo,Trimestre II,Semestre I,0,0
1211,7,5,2026,11,34,07-May-2026,Mayo,Trimestre II,Semestre I,0,0
1212,7,5,2026,13,12,07-May-2026,Mayo,Trimestre II,Semestre I,0,0
1213,7,5,2026,13,13,07-May-2026,Mayo,Trimestre II,Semestre I,0,0
1214,7,5,2026,15,6,07-May-2026,Mayo,Trimestre II,Semestre I,0,0
1215,7,5,2026,16,4,07-May-2026,Mayo,Trimestre II,Semestre I,0,0
1216,11,5,2026,8,49,11-May-2026,Mayo,Trimestre II,Semestre I,0,0
1217,11,5,2026,8,57,11-May-2026,Mayo,Trimestre II,Semestre I,0,0
1218,11,5,2026,9,1,11-May-2026,Mayo,Trimestre II,Semestre I,0,0
1219,11,5,2026,9,5,11-May-2026,Mayo,Trimestre II,Semestre I,0,0
1220,11,5,2026,9,9,11-May-2026,Mayo,Trimestre II,Semestre I,0,0
1221,11,5,2026,9,20,11-May-2026,Mayo,Trimestre II,Semestre I,0,0
1222,11,5,2026,9,23,11-May-2026,Mayo,Trimestre II,Semestre I,0,0
1223,11,5,2026,9,29,11-May-2026,Mayo,Trimestre II,Semestre I,0,0
1224,11,5,2026,10,36,11-May-2026,Mayo,Trimestre II,Semestre I,0,0
1225,11,5,2026,10,38,11-May-2026,Mayo,Trimestre II,Semestre I,0,0
1226,11,5,2026,11,3,11-May-2026,Mayo,Trimestre II,Semestre I,0,0
1227,11,5,2026,11,18,11-May-2026,Mayo,Trimestre II,Semestre I,0,0
1228,11,5,2026,13,11,11-May-2026,Mayo,Trimestre II,Semestre I,0,0
1229,11,5,2026,13,19,11-May-2026,Mayo,Trimestre II,Semestre I,0,0
1230,11,5,2026,14,47,11-May-2026,Mayo,Trimestre II,Semestre I,0,0
1231,11,5,2026,15,11,11-May-2026,Mayo,Trimestre II,Semestre I,0,0
1232,12,5,2026,7,37,12-May-2026,Mayo,Trimestre II,Semestre I,0,0
1233,12,5,2026,7,42,12-May-2026,Mayo,Trimestre II,Semestre I,0,0
1234,12,5,2026,7,56,12-May-2026,Mayo,Trimestre II,Semestre I,0,0
1235,12,5,2026,7,59,12-May-2026,Mayo,Trimestre II,Semestre I,0,0
1236,12,5,2026,8,14,12-May-2026,Mayo,Trimestre II,Semestre I,0,0
1237,12,5,2026,8,19,12-May-2026,Mayo,Trimestre II,Semestre I,0,0
1238,12,5,2026,8,25,12-May-2026,Mayo,Trimestre II,Semestre I,0,0
1239,12,5,2026,9,6,12-May-2026,Mayo,Trimestre II,Semestre I,0,0
1240,12,5,2026,9,14,12-May-2026,Mayo,Trimestre II,Semestre I,0,0
1241,12,5,2026,9,26,12-May-2026,Mayo,Trimestre II,Semestre I,0,0
1242,12,5,2026,9,28,12-May-2026,Mayo,Trimestre II,Semestre I,0,0
1243,12,5,2026,9,39,12-May-2026,Mayo,Trimestre II,Semestre I,0,0
1244,12,5,2026,11,13,12-May-2026,Mayo,Trimestre II,Semestre I,0,0
1245,12,5,2026,11,16,12-May-2026,Mayo,Trimestre II,Semestre I,0,0
1246,12,5,2026,13,31,12-May-2026,Mayo,Trimestre II,Semestre I,0,0
1247,12,5,2026,14,45,12-May-2026,Mayo,Trimestre II,Semestre I,0,0
1248,12,5,2026,14,59,12-May-2026,Mayo,Trimestre II,Semestre I,0,0
1249,12,5,2026,15,53,12-May-2026,Mayo,Trimestre II,Semestre I,0,0
1250,12,5,2026,16,4,12-May-2026,Mayo,Trimestre II,Semestre I,0,0
1251,12,5,2026,16,19,12-May-2026,Mayo,Trimestre II,Semestre I,0,0
1252,12,5,2026,16,21,12-May-2026,Mayo,Trimestre II,Semestre I,0,0
1253,13,5,2026,7,40,13-May-2026,Mayo,Trimestre II,Semestre I,0,0
1254,13,5,2026,7,42,13-May-2026,Mayo,Trimestre II,Semestre I,0,0
1255,13,5,2026,8,26,13-May-2026,Mayo,Trimestre II,Semestre I,0,0
1256,13,5,2026,8,28,13-May-2026,Mayo,Trimestre II,Semestre I,0,0
1257,13,5,2026,8,55,13-May-2026,Mayo,Trimestre II,Semestre I,0,0
1258,13,5,2026,10,24,13-May-2026,Mayo,Trimestre II,Semestre I,0,0
1259,4,12,2025,16,44,04-Dec-2025,Diciembre,Trimestre IV,Semestre II,0,1
1260,15,12,2025,11,21,15-Dec-2025,Diciembre,Trimestre IV,Semestre II,0,1
1261,15,12,2025,16,18,15-Dec-2025,Diciembre,Trimestre IV,Semestre II,0,1
1262,16,12,2025,10,20,16-Dec-2025,Diciembre,Trimestre IV,Semestre II,0,1
1263,18,12,2025,11,33,18-Dec-2025,Diciembre,Trimestre IV,Semestre II,0,1
1264,22,12,2025,13,30,22-Dec-2025,Diciembre,Trimestre IV,Semestre II,0,1
1265,29,12,2025,10,6,29-Dec-2025,Diciembre,Trimestre IV,Semestre II,0,1
1266,29,12,2025,13,0,29-Dec-2025,Diciembre,Trimestre IV,Semestre II,0,1
1267,29,12,2025,17,54,29-Dec-2025,Diciembre,Trimestre IV,Semestre II,0,1
1268,30,12,2025,14,37,30-Dec-2025,Diciembre,Trimestre IV,Semestre II,0,1
1269,2,1,2026,13,14,02-Jan-2026,Enero,Trimestre I,Verano,0,0
1270,3,1,2026,10,38,03-Jan-2026,Enero,Trimestre I,Verano,0,0
1271,3,1,2026,14,30,03-Jan-2026,Enero,Trimestre I,Verano,0,0
1272,5,1,2026,7,49,05-Jan-2026,Enero,Trimestre I,Verano,0,0
1273,5,1,2026,8,45,05-Jan-2026,Enero,Trimestre I,Verano,0,0
1274,5,1,2026,12,28,05-Jan-2026,Enero,Trimestre I,Verano,0,0
1275,5,1,2026,13,34,05-Jan-2026,Enero,Trimestre I,Verano,0,0
1276,5,1,2026,13,35,05-Jan-2026,Enero,Trimestre I,Verano,0,0
1277,5,1,2026,15,55,05-Jan-2026,Enero,Trimestre I,Verano,0,0
1278,6,1,2026,19,56,06-Jan-2026,Enero,Trimestre I,Verano,0,0
1279,7,1,2026,9,14,07-Jan-2026,Enero,Trimestre I,Verano,0,0
1280,7,1,2026,16,11,07-Jan-2026,Enero,Trimestre I,Verano,0,0
1281,8,1,2026,16,12,08-Jan-2026,Enero,Trimestre I,Verano,0,0
1282,9,1,2026,14,51,09-Jan-2026,Enero,Trimestre I,Verano,0,0
1283,12,1,2026,10,2,12-Jan-2026,Enero,Trimestre I,Verano,0,0
1284,12,1,2026,13,44,12-Jan-2026,Enero,Trimestre I,Verano,0,0
1285,12,1,2026,14,45,12-Jan-2026,Enero,Trimestre I,Verano,0,0
1286,12,1,2026,16,10,12-Jan-2026,Enero,Trimestre I,Verano,0,0
1287,13,1,2026,10,5,13-Jan-2026,Enero,Trimestre I,Verano,0,0
1288,13,1,2026,21,3,13-Jan-2026,Enero,Trimestre I,Verano,0,0
1289,14,1,2026,19,1,14-Jan-2026,Enero,Trimestre I,Verano,0,0
1290,14,1,2026,22,11,14-Jan-2026,Enero,Trimestre I,Verano,0,0
1291,15,1,2026,9,30,15-Jan-2026,Enero,Trimestre I,Verano,0,0
1292,15,1,2026,14,6,15-Jan-2026,Enero,Trimestre I,Verano,0,0
1293,16,1,2026,8,50,16-Jan-2026,Enero,Trimestre I,Verano,0,0
1294,16,1,2026,9,38,16-Jan-2026,Enero,Trimestre I,Verano,0,0
1295,16,1,2026,14,5,16-Jan-2026,Enero,Trimestre I,Verano,0,0
1296,16,1,2026,19,3,16-Jan-2026,Enero,Trimestre I,Verano,0,0
1297,19,1,2026,7,34,19-Jan-2026,Enero,Trimestre I,Verano,0,0
1298,19,1,2026,8,11,19-Jan-2026,Enero,Trimestre I,Verano,0,0
1299,19,1,2026,8,42,19-Jan-2026,Enero,Trimestre I,Verano,0,0
1300,19,1,2026,9,13,19-Jan-2026,Enero,Trimestre I,Verano,0,0
1301,19,1,2026,9,46,19-Jan-2026,Enero,Trimestre I,Verano,0,0
1302,19,1,2026,10,53,19-Jan-2026,Enero,Trimestre I,Verano,0,0
1303,19,1,2026,10,56,19-Jan-2026,Enero,Trimestre I,Verano,0,0
1304,19,1,2026,11,36,19-Jan-2026,Enero,Trimestre I,Verano,0,0
1305,19,1,2026,12,10,19-Jan-2026,Enero,Trimestre I,Verano,0,0
1306,19,1,2026,13,47,19-Jan-2026,Enero,Trimestre I,Verano,0,0
1307,19,1,2026,14,42,19-Jan-2026,Enero,Trimestre I,Verano,0,0
1308,19,1,2026,16,12,19-Jan-2026,Enero,Trimestre I,Verano,0,0
1309,19,1,2026,21,2,19-Jan-2026,Enero,Trimestre I,Verano,0,0
1310,20,1,2026,8,34,20-Jan-2026,Enero,Trimestre I,Verano,0,0
1311,20,1,2026,8,41,20-Jan-2026,Enero,Trimestre I,Verano,0,0
1312,20,1,2026,8,51,20-Jan-2026,Enero,Trimestre I,Verano,0,0
1313,20,1,2026,9,16,20-Jan-2026,Enero,Trimestre I,Verano,0,0
1314,20,1,2026,14,33,20-Jan-2026,Enero,Trimestre I,Verano,0,0
1315,20,1,2026,15,42,20-Jan-2026,Enero,Trimestre I,Verano,0,0
1316,20,1,2026,16,33,20-Jan-2026,Enero,Trimestre I,Verano,0,0
1317,20,1,2026,18,49,20-Jan-2026,Enero,Trimestre I,Verano,0,0
1318,20,1,2026,22,26,20-Jan-2026,Enero,Trimestre I,Verano,0,0
1319,21,1,2026,7,41,21-Jan-2026,Enero,Trimestre I,Verano,0,0
1320,21,1,2026,9,54,21-Jan-2026,Enero,Trimestre I,Verano,0,0
1321,21,1,2026,10,18,21-Jan-2026,Enero,Trimestre I,Verano,0,0
1322,21,1,2026,10,22,21-Jan-2026,Enero,Trimestre I,Verano,0,0
1323,21,1,2026,12,17,21-Jan-2026,Enero,Trimestre I,Verano,0,0
1324,21,1,2026,12,20,21-Jan-2026,Enero,Trimestre I,Verano,0,0
1325,21,1,2026,14,36,21-Jan-2026,Enero,Trimestre I,Verano,0,0
1326,21,1,2026,14,49,21-Jan-2026,Enero,Trimestre I,Verano,0,0
1327,21,1,2026,16,12,21-Jan-2026,Enero,Trimestre I,Verano,0,0
1328,21,1,2026,18,46,21-Jan-2026,Enero,Trimestre I,Verano,0,0
1329,21,1,2026,18,49,21-Jan-2026,Enero,Trimestre I,Verano,0,0
1330,21,1,2026,19,45,21-Jan-2026,Enero,Trimestre I,Verano,0,0
1331,22,1,2026,7,30,22-Jan-2026,Enero,Trimestre I,Verano,0,0
1332,22,1,2026,7,45,22-Jan-2026,Enero,Trimestre I,Verano,0,0
1333,22,1,2026,8,11,22-Jan-2026,Enero,Trimestre I,Verano,0,0
1334,22,1,2026,9,0,22-Jan-2026,Enero,Trimestre I,Verano,0,0
1335,22,1,2026,9,32,22-Jan-2026,Enero,Trimestre I,Verano,0,0
1336,22,1,2026,9,39,22-Jan-2026,Enero,Trimestre I,Verano,0,0
1337,22,1,2026,11,37,22-Jan-2026,Enero,Trimestre I,Verano,0,0
1338,22,1,2026,16,8,22-Jan-2026,Enero,Trimestre I,Verano,0,0
1339,22,1,2026,20,31,22-Jan-2026,Enero,Trimestre I,Verano,0,0
1340,22,1,2026,20,51,22-Jan-2026,Enero,Trimestre I,Verano,0,0
1341,22,1,2026,20,54,22-Jan-2026,Enero,Trimestre I,Verano,0,0
1342,23,1,2026,9,10,23-Jan-2026,Enero,Trimestre I,Verano,0,0
1343,23,1,2026,10,18,23-Jan-2026,Enero,Trimestre I,Verano,0,0
1344,23,1,2026,11,53,23-Jan-2026,Enero,Trimestre I,Verano,0,0
1345,23,1,2026,14,23,23-Jan-2026,Enero,Trimestre I,Verano,0,0
1346,23,1,2026,14,56,23-Jan-2026,Enero,Trimestre I,Verano,0,0
1347,23,1,2026,15,6,23-Jan-2026,Enero,Trimestre I,Verano,0,0
1348,23,1,2026,15,52,23-Jan-2026,Enero,Trimestre I,Verano,0,0
1349,24,1,2026,12,19,24-Jan-2026,Enero,Trimestre I,Verano,0,0
1350,25,1,2026,10,28,25-Jan-2026,Enero,Trimestre I,Verano,0,0
1351,26,1,2026,0,2,26-Jan-2026,Enero,Trimestre I,Verano,0,0
1352,26,1,2026,7,41,26-Jan-2026,Enero,Trimestre I,Verano,0,0
1353,26,1,2026,8,17,26-Jan-2026,Enero,Trimestre I,Verano,0,0
1354,26,1,2026,8,19,26-Jan-2026,Enero,Trimestre I,Verano,0,0
1355,26,1,2026,8,21,26-Jan-2026,Enero,Trimestre I,Verano,0,0
1356,26,1,2026,8,25,26-Jan-2026,Enero,Trimestre I,Verano,0,0
1357,26,1,2026,8,26,26-Jan-2026,Enero,Trimestre I,Verano,0,0
1358,26,1,2026,9,0,26-Jan-2026,Enero,Trimestre I,Verano,0,0
1359,26,1,2026,9,28,26-Jan-2026,Enero,Trimestre I,Verano,0,0
1360,26,1,2026,9,32,26-Jan-2026,Enero,Trimestre I,Verano,0,0
1361,26,1,2026,9,53,26-Jan-2026,Enero,Trimestre I,Verano,0,0
1362,26,1,2026,10,32,26-Jan-2026,Enero,Trimestre I,Verano,0,0
1363,26,1,2026,10,40,26-Jan-2026,Enero,Trimestre I,Verano,0,0
1364,26,1,2026,11,20,26-Jan-2026,Enero,Trimestre I,Verano,0,0
1365,26,1,2026,11,50,26-Jan-2026,Enero,Trimestre I,Verano,0,0
1366,26,1,2026,13,21,26-Jan-2026,Enero,Trimestre I,Verano,0,0
1367,26,1,2026,14,35,26-Jan-2026,Enero,Trimestre I,Verano,0,0
1368,26,1,2026,15,59,26-Jan-2026,Enero,Trimestre I,Verano,0,0
1369,26,1,2026,20,49,26-Jan-2026,Enero,Trimestre I,Verano,0,0
1370,27,1,2026,7,42,27-Jan-2026,Enero,Trimestre I,Verano,0,0
1371,27,1,2026,9,27,27-Jan-2026,Enero,Trimestre I,Verano,0,0
1372,27,1,2026,11,20,27-Jan-2026,Enero,Trimestre I,Verano,0,0
1373,27,1,2026,12,12,27-Jan-2026,Enero,Trimestre I,Verano,0,0
1374,27,1,2026,12,52,27-Jan-2026,Enero,Trimestre I,Verano,0,0
1375,27,1,2026,13,3,27-Jan-2026,Enero,Trimestre I,Verano,0,0
1376,27,1,2026,13,18,27-Jan-2026,Enero,Trimestre I,Verano,0,0
1377,27,1,2026,13,27,27-Jan-2026,Enero,Trimestre I,Verano,0,0
1378,27,1,2026,13,38,27-Jan-2026,Enero,Trimestre I,Verano,0,0
1379,27,1,2026,13,56,27-Jan-2026,Enero,Trimestre I,Verano,0,0
1380,27,1,2026,14,43,27-Jan-2026,Enero,Trimestre I,Verano,0,0
1381,27,1,2026,15,13,27-Jan-2026,Enero,Trimestre I,Verano,0,0
1382,27,1,2026,15,57,27-Jan-2026,Enero,Trimestre I,Verano,0,0
1383,27,1,2026,18,38,27-Jan-2026,Enero,Trimestre I,Verano,0,0
1384,27,1,2026,19,28,27-Jan-2026,Enero,Trimestre I,Verano,0,0
1385,27,1,2026,20,3,27-Jan-2026,Enero,Trimestre I,Verano,0,0
1386,28,1,2026,9,8,28-Jan-2026,Enero,Trimestre I,Verano,0,0
1387,28,1,2026,9,47,28-Jan-2026,Enero,Trimestre I,Verano,0,0
1388,28,1,2026,11,18,28-Jan-2026,Enero,Trimestre I,Verano,0,0
1389,28,1,2026,11,39,28-Jan-2026,Enero,Trimestre I,Verano,0,0
1390,28,1,2026,13,41,28-Jan-2026,Enero,Trimestre I,Verano,0,0
1391,28,1,2026,14,49,28-Jan-2026,Enero,Trimestre I,Verano,0,0
1392,28,1,2026,15,10,28-Jan-2026,Enero,Trimestre I,Verano,0,0
1393,28,1,2026,19,29,28-Jan-2026,Enero,Trimestre I,Verano,0,0
1394,28,1,2026,21,20,28-Jan-2026,Enero,Trimestre I,Verano,0,0
1395,29,1,2026,0,9,29-Jan-2026,Enero,Trimestre I,Verano,0,0
1396,29,1,2026,8,48,29-Jan-2026,Enero,Trimestre I,Verano,0,0
1397,29,1,2026,9,26,29-Jan-2026,Enero,Trimestre I,Verano,0,0
1398,29,1,2026,9,42,29-Jan-2026,Enero,Trimestre I,Verano,0,0
1399,29,1,2026,10,4,29-Jan-2026,Enero,Trimestre I,Verano,0,0
1400,29,1,2026,10,27,29-Jan-2026,Enero,Trimestre I,Verano,0,0
1401,29,1,2026,11,35,29-Jan-2026,Enero,Trimestre I,Verano,0,0
1402,29,1,2026,11,37,29-Jan-2026,Enero,Trimestre I,Verano,0,0
1403,29,1,2026,12,0,29-Jan-2026,Enero,Trimestre I,Verano,0,0
1404,29,1,2026,13,39,29-Jan-2026,Enero,Trimestre I,Verano,0,0
1405,29,1,2026,14,33,29-Jan-2026,Enero,Trimestre I,Verano,0,0
1406,29,1,2026,15,40,29-Jan-2026,Enero,Trimestre I,Verano,0,0
1407,29,1,2026,16,40,29-Jan-2026,Enero,Trimestre I,Verano,0,0
1408,30,1,2026,7,45,30-Jan-2026,Enero,Trimestre I,Verano,0,0
1409,30,1,2026,8,31,30-Jan-2026,Enero,Trimestre I,Verano,0,0
1410,30,1,2026,10,0,30-Jan-2026,Enero,Trimestre I,Verano,0,0
1411,30,1,2026,10,18,30-Jan-2026,Enero,Trimestre I,Verano,0,0
1412,30,1,2026,10,24,30-Jan-2026,Enero,Trimestre I,Verano,0,0
1413,30,1,2026,10,50,30-Jan-2026,Enero,Trimestre I,Verano,0,0
1414,30,1,2026,11,7,30-Jan-2026,Enero,Trimestre I,Verano,0,0
1415,30,1,2026,14,54,30-Jan-2026,Enero,Trimestre I,Verano,0,0
1416,2,2,2026,7,58,02-Feb-2026,Febrero,Trimestre I,Semestre I,1,0
1417,2,2,2026,8,11,02-Feb-2026,Febrero,Trimestre I,Semestre I,1,0
1418,2,2,2026,10,58,02-Feb-2026,Febrero,Trimestre I,Semestre I,1,0
1419,2,2,2026,11,23,02-Feb-2026,Febrero,Trimestre I,Semestre I,1,0
1420,2,2,2026,12,37,02-Feb-2026,Febrero,Trimestre I,Semestre I,1,0
1421,2,2,2026,12,49,02-Feb-2026,Febrero,Trimestre I,Semestre I,1,0
1422,2,2,2026,13,6,02-Feb-2026,Febrero,Trimestre I,Semestre I,1,0
1423,2,2,2026,13,57,02-Feb-2026,Febrero,Trimestre I,Semestre I,1,0
1424,2,2,2026,15,3,02-Feb-2026,Febrero,Trimestre I,Semestre I,1,0
1425,2,2,2026,15,7,02-Feb-2026,Febrero,Trimestre I,Semestre I,1,0
1426,2,2,2026,15,10,02-Feb-2026,Febrero,Trimestre I,Semestre I,1,0
1427,2,2,2026,15,15,02-Feb-2026,Febrero,Trimestre I,Semestre I,1,0
1428,2,2,2026,15,34,02-Feb-2026,Febrero,Trimestre I,Semestre I,1,0
1429,2,2,2026,16,18,02-Feb-2026,Febrero,Trimestre I,Semestre I,1,0
1430,2,2,2026,18,2,02-Feb-2026,Febrero,Trimestre I,Semestre I,1,0
1431,3,2,2026,8,51,03-Feb-2026,Febrero,Trimestre I,Semestre I,1,0
1432,3,2,2026,9,28,03-Feb-2026,Febrero,Trimestre I,Semestre I,1,0
1433,3,2,2026,11,24,03-Feb-2026,Febrero,Trimestre I,Semestre I,1,0
1434,3,2,2026,11,35,03-Feb-2026,Febrero,Trimestre I,Semestre I,1,0
1435,3,2,2026,11,48,03-Feb-2026,Febrero,Trimestre I,Semestre I,1,0
1436,3,2,2026,13,48,03-Feb-2026,Febrero,Trimestre I,Semestre I,1,0
1437,3,2,2026,13,49,03-Feb-2026,Febrero,Trimestre I,Semestre I,1,0
1438,3,2,2026,14,36,03-Feb-2026,Febrero,Trimestre I,Semestre I,1,0
1439,3,2,2026,14,44,03-Feb-2026,Febrero,Trimestre I,Semestre I,1,0
1440,3,2,2026,15,13,03-Feb-2026,Febrero,Trimestre I,Semestre I,1,0
1441,3,2,2026,17,26,03-Feb-2026,Febrero,Trimestre I,Semestre I,1,0
1442,3,2,2026,18,16,03-Feb-2026,Febrero,Trimestre I,Semestre I,1,0
1443,3,2,2026,20,17,03-Feb-2026,Febrero,Trimestre I,Semestre I,1,0
1444,4,2,2026,8,3,04-Feb-2026,Febrero,Trimestre I,Semestre I,1,0
1445,4,2,2026,8,43,04-Feb-2026,Febrero,Trimestre I,Semestre I,1,0
1446,4,2,2026,8,46,04-Feb-2026,Febrero,Trimestre I,Semestre I,1,0
1447,4,2,2026,11,48,04-Feb-2026,Febrero,Trimestre I,Semestre I,1,0
1448,4,2,2026,12,10,04-Feb-2026,Febrero,Trimestre I,Semestre I,1,0
1449,4,2,2026,12,52,04-Feb-2026,Febrero,Trimestre I,Semestre I,1,0
1450,4,2,2026,13,3,04-Feb-2026,Febrero,Trimestre I,Semestre I,1,0
1451,4,2,2026,13,49,04-Feb-2026,Febrero,Trimestre I,Semestre I,1,0
1452,4,2,2026,14,17,04-Feb-2026,Febrero,Trimestre I,Semestre I,1,0
1453,4,2,2026,14,53,04-Feb-2026,Febrero,Trimestre I,Semestre I,1,0
1454,4,2,2026,15,27,04-Feb-2026,Febrero,Trimestre I,Semestre I,1,0
1455,4,2,2026,16,40,04-Feb-2026,Febrero,Trimestre I,Semestre I,1,0
1456,4,2,2026,16,47,04-Feb-2026,Febrero,Trimestre I,Semestre I,1,0
1457,4,2,2026,17,43,04-Feb-2026,Febrero,Trimestre I,Semestre I,1,0
1458,4,2,2026,19,51,04-Feb-2026,Febrero,Trimestre I,Semestre I,1,0
1459,4,2,2026,20,12,04-Feb-2026,Febrero,Trimestre I,Semestre I,1,0
1460,5,2,2026,10,27,05-Feb-2026,Febrero,Trimestre I,Semestre I,1,0
1461,5,2,2026,10,42,05-Feb-2026,Febrero,Trimestre I,Semestre I,1,0
1462,5,2,2026,11,23,05-Feb-2026,Febrero,Trimestre I,Semestre I,1,0
1463,5,2,2026,11,27,05-Feb-2026,Febrero,Trimestre I,Semestre I,1,0
1464,5,2,2026,13,4,05-Feb-2026,Febrero,Trimestre I,Semestre I,1,0
1465,5,2,2026,13,39,05-Feb-2026,Febrero,Trimestre I,Semestre I,1,0
1466,5,2,2026,13,50,05-Feb-2026,Febrero,Trimestre I,Semestre I,1,0
1467,5,2,2026,15,17,05-Feb-2026,Febrero,Trimestre I,Semestre I,1,0
1468,5,2,2026,15,24,05-Feb-2026,Febrero,Trimestre I,Semestre I,1,0
1469,5,2,2026,15,28,05-Feb-2026,Febrero,Trimestre I,Semestre I,1,0
1470,5,2,2026,15,34,05-Feb-2026,Febrero,Trimestre I,Semestre I,1,0
1471,5,2,2026,16,5,05-Feb-2026,Febrero,Trimestre I,Semestre I,1,0
1472,5,2,2026,16,17,05-Feb-2026,Febrero,Trimestre I,Semestre I,1,0
1473,5,2,2026,16,24,05-Feb-2026,Febrero,Trimestre I,Semestre I,1,0
1474,5,2,2026,16,32,05-Feb-2026,Febrero,Trimestre I,Semestre I,1,0
1475,5,2,2026,17,26,05-Feb-2026,Febrero,Trimestre I,Semestre I,1,0
1476,6,2,2026,7,45,06-Feb-2026,Febrero,Trimestre I,Semestre I,1,0
1477,6,2,2026,9,8,06-Feb-2026,Febrero,Trimestre I,Semestre I,1,0
1478,6,2,2026,10,48,06-Feb-2026,Febrero,Trimestre I,Semestre I,1,0
1479,6,2,2026,12,15,06-Feb-2026,Febrero,Trimestre I,Semestre I,1,0
1480,6,2,2026,12,42,06-Feb-2026,Febrero,Trimestre I,Semestre I,1,0
1481,6,2,2026,13,48,06-Feb-2026,Febrero,Trimestre I,Semestre I,1,0
1482,6,2,2026,13,53,06-Feb-2026,Febrero,Trimestre I,Semestre I,1,0
1483,6,2,2026,14,12,06-Feb-2026,Febrero,Trimestre I,Semestre I,1,0
1484,6,2,2026,15,19,06-Feb-2026,Febrero,Trimestre I,Semestre I,1,0
1485,6,2,2026,16,24,06-Feb-2026,Febrero,Trimestre I,Semestre I,1,0
1486,6,2,2026,19,53,06-Feb-2026,Febrero,Trimestre I,Semestre I,1,0
1487,6,2,2026,19,59,06-Feb-2026,Febrero,Trimestre I,Semestre I,1,0
1488,7,2,2026,17,34,07-Feb-2026,Febrero,Trimestre I,Semestre I,1,0
1489,8,2,2026,15,18,08-Feb-2026,Febrero,Trimestre I,Semestre I,1,0
1490,9,2,2026,6,39,09-Feb-2026,Febrero,Trimestre I,Semestre I,1,0
1491,9,2,2026,9,21,09-Feb-2026,Febrero,Trimestre I,Semestre I,1,0
1492,9,2,2026,10,20,09-Feb-2026,Febrero,Trimestre I,Semestre I,1,0
1493,9,2,2026,10,35,09-Feb-2026,Febrero,Trimestre I,Semestre I,1,0
1494,9,2,2026,11,59,09-Feb-2026,Febrero,Trimestre I,Semestre I,1,0
1495,9,2,2026,12,5,09-Feb-2026,Febrero,Trimestre I,Semestre I,1,0
1496,9,2,2026,12,7,09-Feb-2026,Febrero,Trimestre I,Semestre I,1,0
1497,9,2,2026,12,8,09-Feb-2026,Febrero,Trimestre I,Semestre I,1,0
1498,9,2,2026,12,30,09-Feb-2026,Febrero,Trimestre I,Semestre I,1,0
1499,9,2,2026,12,35,09-Feb-2026,Febrero,Trimestre I,Semestre I,1,0
1500,9,2,2026,12,58,09-Feb-2026,Febrero,Trimestre I,Semestre I,1,0
1501,9,2,2026,13,42,09-Feb-2026,Febrero,Trimestre I,Semestre I,1,0
1502,9,2,2026,13,51,09-Feb-2026,Febrero,Trimestre I,Semestre I,1,0
1503,9,2,2026,14,7,09-Feb-2026,Febrero,Trimestre I,Semestre I,1,0
1504,9,2,2026,15,13,09-Feb-2026,Febrero,Trimestre I,Semestre I,1,0
1505,9,2,2026,15,16,09-Feb-2026,Febrero,Trimestre I,Semestre I,1,0
1506,9,2,2026,15,19,09-Feb-2026,Febrero,Trimestre I,Semestre I,1,0
1507,9,2,2026,15,20,09-Feb-2026,Febrero,Trimestre I,Semestre I,1,0
1508,9,2,2026,15,21,09-Feb-2026,Febrero,Trimestre I,Semestre I,1,0
1509,9,2,2026,15,28,09-Feb-2026,Febrero,Trimestre I,Semestre I,1,0
1510,9,2,2026,15,48,09-Feb-2026,Febrero,Trimestre I,Semestre I,1,0
1511,9,2,2026,15,52,09-Feb-2026,Febrero,Trimestre I,Semestre I,1,0
1512,9,2,2026,16,32,09-Feb-2026,Febrero,Trimestre I,Semestre I,1,0
1513,9,2,2026,17,2,09-Feb-2026,Febrero,Trimestre I,Semestre I,1,0
1514,9,2,2026,17,29,09-Feb-2026,Febrero,Trimestre I,Semestre I,1,0
1515,9,2,2026,17,38,09-Feb-2026,Febrero,Trimestre I,Semestre I,1,0
1516,9,2,2026,20,40,09-Feb-2026,Febrero,Trimestre I,Semestre I,1,0
1517,10,2,2026,7,44,10-Feb-2026,Febrero,Trimestre I,Semestre I,1,0
1518,10,2,2026,8,36,10-Feb-2026,Febrero,Trimestre I,Semestre I,1,0
1519,10,2,2026,8,37,10-Feb-2026,Febrero,Trimestre I,Semestre I,1,0
1520,10,2,2026,8,47,10-Feb-2026,Febrero,Trimestre I,Semestre I,1,0
1521,10,2,2026,9,0,10-Feb-2026,Febrero,Trimestre I,Semestre I,1,0
1522,10,2,2026,9,4,10-Feb-2026,Febrero,Trimestre I,Semestre I,1,0
1523,10,2,2026,9,12,10-Feb-2026,Febrero,Trimestre I,Semestre I,1,0
1524,10,2,2026,9,41,10-Feb-2026,Febrero,Trimestre I,Semestre I,1,0
1525,10,2,2026,9,50,10-Feb-2026,Febrero,Trimestre I,Semestre I,1,0
1526,10,2,2026,9,54,10-Feb-2026,Febrero,Trimestre I,Semestre I,1,0
1527,10,2,2026,9,57,10-Feb-2026,Febrero,Trimestre I,Semestre I,1,0
1528,10,2,2026,10,16,10-Feb-2026,Febrero,Trimestre I,Semestre I,1,0
1529,10,2,2026,10,38,10-Feb-2026,Febrero,Trimestre I,Semestre I,1,0
1530,10,2,2026,10,41,10-Feb-2026,Febrero,Trimestre I,Semestre I,1,0
1531,10,2,2026,11,5,10-Feb-2026,Febrero,Trimestre I,Semestre I,1,0
1532,10,2,2026,11,22,10-Feb-2026,Febrero,Trimestre I,Semestre I,1,0
1533,10,2,2026,11,41,10-Feb-2026,Febrero,Trimestre I,Semestre I,1,0
1534,10,2,2026,13,26,10-Feb-2026,Febrero,Trimestre I,Semestre I,1,0
1535,10,2,2026,13,40,10-Feb-2026,Febrero,Trimestre I,Semestre I,1,0
1536,10,2,2026,13,48,10-Feb-2026,Febrero,Trimestre I,Semestre I,1,0
1537,10,2,2026,14,11,10-Feb-2026,Febrero,Trimestre I,Semestre I,1,0
1538,10,2,2026,14,18,10-Feb-2026,Febrero,Trimestre I,Semestre I,1,0
1539,10,2,2026,14,25,10-Feb-2026,Febrero,Trimestre I,Semestre I,1,0
1540,10,2,2026,14,29,10-Feb-2026,Febrero,Trimestre I,Semestre I,1,0
1541,10,2,2026,15,13,10-Feb-2026,Febrero,Trimestre I,Semestre I,1,0
1542,10,2,2026,15,27,10-Feb-2026,Febrero,Trimestre I,Semestre I,1,0
1543,10,2,2026,15,34,10-Feb-2026,Febrero,Trimestre I,Semestre I,1,0
1544,10,2,2026,15,58,10-Feb-2026,Febrero,Trimestre I,Semestre I,1,0
1545,10,2,2026,16,6,10-Feb-2026,Febrero,Trimestre I,Semestre I,1,0
1546,10,2,2026,17,11,10-Feb-2026,Febrero,Trimestre I,Semestre I,1,0
1547,10,2,2026,17,20,10-Feb-2026,Febrero,Trimestre I,Semestre I,1,0
1548,10,2,2026,18,10,10-Feb-2026,Febrero,Trimestre I,Semestre I,1,0
1549,10,2,2026,18,14,10-Feb-2026,Febrero,Trimestre I,Semestre I,1,0
1550,10,2,2026,21,19,10-Feb-2026,Febrero,Trimestre I,Semestre I,1,0
1551,10,2,2026,21,42,10-Feb-2026,Febrero,Trimestre I,Semestre I,1,0
1552,11,2,2026,8,5,11-Feb-2026,Febrero,Trimestre I,Semestre I,1,0
1553,11,2,2026,8,44,11-Feb-2026,Febrero,Trimestre I,Semestre I,1,0
1554,11,2,2026,9,1,11-Feb-2026,Febrero,Trimestre I,Semestre I,1,0
1555,11,2,2026,10,41,11-Feb-2026,Febrero,Trimestre I,Semestre I,1,0
1556,11,2,2026,10,57,11-Feb-2026,Febrero,Trimestre I,Semestre I,1,0
1557,11,2,2026,10,58,11-Feb-2026,Febrero,Trimestre I,Semestre I,1,0
1558,11,2,2026,12,11,11-Feb-2026,Febrero,Trimestre I,Semestre I,1,0
1559,11,2,2026,12,56,11-Feb-2026,Febrero,Trimestre I,Semestre I,1,0
1560,11,2,2026,13,28,11-Feb-2026,Febrero,Trimestre I,Semestre I,1,0
1561,11,2,2026,13,31,11-Feb-2026,Febrero,Trimestre I,Semestre I,1,0
1562,11,2,2026,14,9,11-Feb-2026,Febrero,Trimestre I,Semestre I,1,0
1563,11,2,2026,14,24,11-Feb-2026,Febrero,Trimestre I,Semestre I,1,0
1564,11,2,2026,15,34,11-Feb-2026,Febrero,Trimestre I,Semestre I,1,0
1565,11,2,2026,15,36,11-Feb-2026,Febrero,Trimestre I,Semestre I,1,0
1566,11,2,2026,16,2,11-Feb-2026,Febrero,Trimestre I,Semestre I,1,0
1567,11,2,2026,16,31,11-Feb-2026,Febrero,Trimestre I,Semestre I,1,0
1568,11,2,2026,16,53,11-Feb-2026,Febrero,Trimestre I,Semestre I,1,0
1569,11,2,2026,17,22,11-Feb-2026,Febrero,Trimestre I,Semestre I,1,0
1570,11,2,2026,17,34,11-Feb-2026,Febrero,Trimestre I,Semestre I,1,0
1571,11,2,2026,18,57,11-Feb-2026,Febrero,Trimestre I,Semestre I,1,0
1572,11,2,2026,19,50,11-Feb-2026,Febrero,Trimestre I,Semestre I,1,0
1573,11,2,2026,23,23,11-Feb-2026,Febrero,Trimestre I,Semestre I,1,0
1574,12,2,2026,7,25,12-Feb-2026,Febrero,Trimestre I,Semestre I,1,0
1575,12,2,2026,7,30,12-Feb-2026,Febrero,Trimestre I,Semestre I,1,0
1576,12,2,2026,8,10,12-Feb-2026,Febrero,Trimestre I,Semestre I,1,0
1577,12,2,2026,8,47,12-Feb-2026,Febrero,Trimestre I,Semestre I,1,0
1578,12,2,2026,9,14,12-Feb-2026,Febrero,Trimestre I,Semestre I,1,0
1579,12,2,2026,9,31,12-Feb-2026,Febrero,Trimestre I,Semestre I,1,0
1580,12,2,2026,9,57,12-Feb-2026,Febrero,Trimestre I,Semestre I,1,0
1581,12,2,2026,10,6,12-Feb-2026,Febrero,Trimestre I,Semestre I,1,0
1582,12,2,2026,11,39,12-Feb-2026,Febrero,Trimestre I,Semestre I,1,0
1583,12,2,2026,12,2,12-Feb-2026,Febrero,Trimestre I,Semestre I,1,0
1584,12,2,2026,12,21,12-Feb-2026,Febrero,Trimestre I,Semestre I,1,0
1585,12,2,2026,12,51,12-Feb-2026,Febrero,Trimestre I,Semestre I,1,0
1586,12,2,2026,13,27,12-Feb-2026,Febrero,Trimestre I,Semestre I,1,0
1587,12,2,2026,13,52,12-Feb-2026,Febrero,Trimestre I,Semestre I,1,0
1588,12,2,2026,14,10,12-Feb-2026,Febrero,Trimestre I,Semestre I,1,0
1589,12,2,2026,15,0,12-Feb-2026,Febrero,Trimestre I,Semestre I,1,0
1590,12,2,2026,15,7,12-Feb-2026,Febrero,Trimestre I,Semestre I,1,0
1591,12,2,2026,15,22,12-Feb-2026,Febrero,Trimestre I,Semestre I,1,0
1592,12,2,2026,15,33,12-Feb-2026,Febrero,Trimestre I,Semestre I,1,0
1593,12,2,2026,15,52,12-Feb-2026,Febrero,Trimestre I,Semestre I,1,0
1594,12,2,2026,16,16,12-Feb-2026,Febrero,Trimestre I,Semestre I,1,0
1595,12,2,2026,18,35,12-Feb-2026,Febrero,Trimestre I,Semestre I,1,0
1596,12,2,2026,19,10,12-Feb-2026,Febrero,Trimestre I,Semestre I,1,0
1597,12,2,2026,20,42,12-Feb-2026,Febrero,Trimestre I,Semestre I,1,0
1598,12,2,2026,21,5,12-Feb-2026,Febrero,Trimestre I,Semestre I,1,0
1599,13,2,2026,1,43,13-Feb-2026,Febrero,Trimestre I,Semestre I,1,0
1600,13,2,2026,6,14,13-Feb-2026,Febrero,Trimestre I,Semestre I,1,0
1601,13,2,2026,7,56,13-Feb-2026,Febrero,Trimestre I,Semestre I,1,0
1602,13,2,2026,8,25,13-Feb-2026,Febrero,Trimestre I,Semestre I,1,0
1603,13,2,2026,8,37,13-Feb-2026,Febrero,Trimestre I,Semestre I,1,0
1604,13,2,2026,9,11,13-Feb-2026,Febrero,Trimestre I,Semestre I,1,0
1605,13,2,2026,9,30,13-Feb-2026,Febrero,Trimestre I,Semestre I,1,0
1606,13,2,2026,10,13,13-Feb-2026,Febrero,Trimestre I,Semestre I,1,0
1607,13,2,2026,10,32,13-Feb-2026,Febrero,Trimestre I,Semestre I,1,0
1608,13,2,2026,10,52,13-Feb-2026,Febrero,Trimestre I,Semestre I,1,0
1609,13,2,2026,11,7,13-Feb-2026,Febrero,Trimestre I,Semestre I,1,0
1610,13,2,2026,11,24,13-Feb-2026,Febrero,Trimestre I,Semestre I,1,0
1611,13,2,2026,11,31,13-Feb-2026,Febrero,Trimestre I,Semestre I,1,0
1612,13,2,2026,11,35,13-Feb-2026,Febrero,Trimestre I,Semestre I,1,0
1613,13,2,2026,11,40,13-Feb-2026,Febrero,Trimestre I,Semestre I,1,0
1614,13,2,2026,12,0,13-Feb-2026,Febrero,Trimestre I,Semestre I,1,0
1615,13,2,2026,12,1,13-Feb-2026,Febrero,Trimestre I,Semestre I,1,0
1616,13,2,2026,12,8,13-Feb-2026,Febrero,Trimestre I,Semestre I,1,0
1617,13,2,2026,12,17,13-Feb-2026,Febrero,Trimestre I,Semestre I,1,0
1618,13,2,2026,12,24,13-Feb-2026,Febrero,Trimestre I,Semestre I,1,0
1619,13,2,2026,12,36,13-Feb-2026,Febrero,Trimestre I,Semestre I,1,0
1620,13,2,2026,13,56,13-Feb-2026,Febrero,Trimestre I,Semestre I,1,0
1621,13,2,2026,14,2,13-Feb-2026,Febrero,Trimestre I,Semestre I,1,0
1622,13,2,2026,14,3,13-Feb-2026,Febrero,Trimestre I,Semestre I,1,0
1623,13,2,2026,14,23,13-Feb-2026,Febrero,Trimestre I,Semestre I,1,0
1624,13,2,2026,14,30,13-Feb-2026,Febrero,Trimestre I,Semestre I,1,0
1625,13,2,2026,15,11,13-Feb-2026,Febrero,Trimestre I,Semestre I,1,0
1626,13,2,2026,15,45,13-Feb-2026,Febrero,Trimestre I,Semestre I,1,0
1627,13,2,2026,16,31,13-Feb-2026,Febrero,Trimestre I,Semestre I,1,0
1628,13,2,2026,17,45,13-Feb-2026,Febrero,Trimestre I,Semestre I,1,0
1629,13,2,2026,23,25,13-Feb-2026,Febrero,Trimestre I,Semestre I,1,0
1630,14,2,2026,9,56,14-Feb-2026,Febrero,Trimestre I,Semestre I,1,0
1631,14,2,2026,19,21,14-Feb-2026,Febrero,Trimestre I,Semestre I,1,0
1632,14,2,2026,19,37,14-Feb-2026,Febrero,Trimestre I,Semestre I,1,0
1633,15,2,2026,11,21,15-Feb-2026,Febrero,Trimestre I,Semestre I,1,0
1634,15,2,2026,11,27,15-Feb-2026,Febrero,Trimestre I,Semestre I,1,0
1635,15,2,2026,14,17,15-Feb-2026,Febrero,Trimestre I,Semestre I,1,0
1636,15,2,2026,14,57,15-Feb-2026,Febrero,Trimestre I,Semestre I,1,0
1637,15,2,2026,15,4,15-Feb-2026,Febrero,Trimestre I,Semestre I,1,0
1638,15,2,2026,17,43,15-Feb-2026,Febrero,Trimestre I,Semestre I,1,0
1639,16,2,2026,0,16,16-Feb-2026,Febrero,Trimestre I,Semestre I,1,0
1640,16,2,2026,7,3,16-Feb-2026,Febrero,Trimestre I,Semestre I,1,0
1641,16,2,2026,7,25,16-Feb-2026,Febrero,Trimestre I,Semestre I,1,0
1642,16,2,2026,7,30,16-Feb-2026,Febrero,Trimestre I,Semestre I,1,0
1643,16,2,2026,7,37,16-Feb-2026,Febrero,Trimestre I,Semestre I,1,0
1644,16,2,2026,7,42,16-Feb-2026,Febrero,Trimestre I,Semestre I,1,0
1645,16,2,2026,7,49,16-Feb-2026,Febrero,Trimestre I,Semestre I,1,0
1646,16,2,2026,7,59,16-Feb-2026,Febrero,Trimestre I,Semestre I,1,0
1647,16,2,2026,8,11,16-Feb-2026,Febrero,Trimestre I,Semestre I,1,0
1648,16,2,2026,8,18,16-Feb-2026,Febrero,Trimestre I,Semestre I,1,0
1649,16,2,2026,8,28,16-Feb-2026,Febrero,Trimestre I,Semestre I,1,0
1650,16,2,2026,8,32,16-Feb-2026,Febrero,Trimestre I,Semestre I,1,0
1651,16,2,2026,8,40,16-Feb-2026,Febrero,Trimestre I,Semestre I,1,0
1652,16,2,2026,8,48,16-Feb-2026,Febrero,Trimestre I,Semestre I,1,0
1653,16,2,2026,8,52,16-Feb-2026,Febrero,Trimestre I,Semestre I,1,0
1654,16,2,2026,8,55,16-Feb-2026,Febrero,Trimestre I,Semestre I,1,0
1655,16,2,2026,8,59,16-Feb-2026,Febrero,Trimestre I,Semestre I,1,0
1656,16,2,2026,9,0,16-Feb-2026,Febrero,Trimestre I,Semestre I,1,0
1657,16,2,2026,9,24,16-Feb-2026,Febrero,Trimestre I,Semestre I,1,0
1658,16,2,2026,9,28,16-Feb-2026,Febrero,Trimestre I,Semestre I,1,0
1659,16,2,2026,9,37,16-Feb-2026,Febrero,Trimestre I,Semestre I,1,0
1660,16,2,2026,9,39,16-Feb-2026,Febrero,Trimestre I,Semestre I,1,0
1661,16,2,2026,10,33,16-Feb-2026,Febrero,Trimestre I,Semestre I,1,0
1662,16,2,2026,11,14,16-Feb-2026,Febrero,Trimestre I,Semestre I,1,0
1663,16,2,2026,11,23,16-Feb-2026,Febrero,Trimestre I,Semestre I,1,0
1664,16,2,2026,11,24,16-Feb-2026,Febrero,Trimestre I,Semestre I,1,0
1665,16,2,2026,12,24,16-Feb-2026,Febrero,Trimestre I,Semestre I,1,0
1666,16,2,2026,12,40,16-Feb-2026,Febrero,Trimestre I,Semestre I,1,0
1667,16,2,2026,12,44,16-Feb-2026,Febrero,Trimestre I,Semestre I,1,0
1668,16,2,2026,12,46,16-Feb-2026,Febrero,Trimestre I,Semestre I,1,0
1669,16,2,2026,12,48,16-Feb-2026,Febrero,Trimestre I,Semestre I,1,0
1670,16,2,2026,14,19,16-Feb-2026,Febrero,Trimestre I,Semestre I,1,0
1671,16,2,2026,14,31,16-Feb-2026,Febrero,Trimestre I,Semestre I,1,0
1672,16,2,2026,14,51,16-Feb-2026,Febrero,Trimestre I,Semestre I,1,0
1673,16,2,2026,15,4,16-Feb-2026,Febrero,Trimestre I,Semestre I,1,0
1674,16,2,2026,15,55,16-Feb-2026,Febrero,Trimestre I,Semestre I,1,0
1675,16,2,2026,15,59,16-Feb-2026,Febrero,Trimestre I,Semestre I,1,0
1676,16,2,2026,16,2,16-Feb-2026,Febrero,Trimestre I,Semestre I,1,0
1677,16,2,2026,16,14,16-Feb-2026,Febrero,Trimestre I,Semestre I,1,0
1678,16,2,2026,16,32,16-Feb-2026,Febrero,Trimestre I,Semestre I,1,0
1679,16,2,2026,16,43,16-Feb-2026,Febrero,Trimestre I,Semestre I,1,0
1680,16,2,2026,16,46,16-Feb-2026,Febrero,Trimestre I,Semestre I,1,0
1681,16,2,2026,17,25,16-Feb-2026,Febrero,Trimestre I,Semestre I,1,0
1682,16,2,2026,18,15,16-Feb-2026,Febrero,Trimestre I,Semestre I,1,0
1683,16,2,2026,18,53,16-Feb-2026,Febrero,Trimestre I,Semestre I,1,0
1684,16,2,2026,19,32,16-Feb-2026,Febrero,Trimestre I,Semestre I,1,0
1685,16,2,2026,19,48,16-Feb-2026,Febrero,Trimestre I,Semestre I,1,0
1686,16,2,2026,19,59,16-Feb-2026,Febrero,Trimestre I,Semestre I,1,0
1687,16,2,2026,22,13,16-Feb-2026,Febrero,Trimestre I,Semestre I,1,0
1688,17,2,2026,4,42,17-Feb-2026,Febrero,Trimestre I,Semestre I,1,0
1689,17,2,2026,8,41,17-Feb-2026,Febrero,Trimestre I,Semestre I,1,0
1690,17,2,2026,10,10,17-Feb-2026,Febrero,Trimestre I,Semestre I,1,0
1691,17,2,2026,10,42,17-Feb-2026,Febrero,Trimestre I,Semestre I,1,0
1692,17,2,2026,10,46,17-Feb-2026,Febrero,Trimestre I,Semestre I,1,0
1693,17,2,2026,11,12,17-Feb-2026,Febrero,Trimestre I,Semestre I,1,0
1694,17,2,2026,11,13,17-Feb-2026,Febrero,Trimestre I,Semestre I,1,0
1695,17,2,2026,11,30,17-Feb-2026,Febrero,Trimestre I,Semestre I,1,0
1696,17,2,2026,12,1,17-Feb-2026,Febrero,Trimestre I,Semestre I,1,0
1697,17,2,2026,12,10,17-Feb-2026,Febrero,Trimestre I,Semestre I,1,0
1698,17,2,2026,12,55,17-Feb-2026,Febrero,Trimestre I,Semestre I,1,0
1699,17,2,2026,13,4,17-Feb-2026,Febrero,Trimestre I,Semestre I,1,0
1700,17,2,2026,13,10,17-Feb-2026,Febrero,Trimestre I,Semestre I,1,0
1701,17,2,2026,13,22,17-Feb-2026,Febrero,Trimestre I,Semestre I,1,0
1702,17,2,2026,13,39,17-Feb-2026,Febrero,Trimestre I,Semestre I,1,0
1703,17,2,2026,13,51,17-Feb-2026,Febrero,Trimestre I,Semestre I,1,0
1704,17,2,2026,13,59,17-Feb-2026,Febrero,Trimestre I,Semestre I,1,0
1705,17,2,2026,14,14,17-Feb-2026,Febrero,Trimestre I,Semestre I,1,0
1706,17,2,2026,14,32,17-Feb-2026,Febrero,Trimestre I,Semestre I,1,0
1707,17,2,2026,15,38,17-Feb-2026,Febrero,Trimestre I,Semestre I,1,0
1708,17,2,2026,15,39,17-Feb-2026,Febrero,Trimestre I,Semestre I,1,0
1709,17,2,2026,15,42,17-Feb-2026,Febrero,Trimestre I,Semestre I,1,0
1710,17,2,2026,17,30,17-Feb-2026,Febrero,Trimestre I,Semestre I,1,0
1711,17,2,2026,19,21,17-Feb-2026,Febrero,Trimestre I,Semestre I,1,0
1712,17,2,2026,20,9,17-Feb-2026,Febrero,Trimestre I,Semestre I,1,0
1713,17,2,2026,20,24,17-Feb-2026,Febrero,Trimestre I,Semestre I,1,0
1714,17,2,2026,20,39,17-Feb-2026,Febrero,Trimestre I,Semestre I,1,0
1715,17,2,2026,20,42,17-Feb-2026,Febrero,Trimestre I,Semestre I,1,0
1716,18,2,2026,4,1,18-Feb-2026,Febrero,Trimestre I,Semestre I,1,0
1717,18,2,2026,7,21,18-Feb-2026,Febrero,Trimestre I,Semestre I,1,0
1718,18,2,2026,7,59,18-Feb-2026,Febrero,Trimestre I,Semestre I,1,0
1719,18,2,2026,8,0,18-Feb-2026,Febrero,Trimestre I,Semestre I,1,0
1720,18,2,2026,8,24,18-Feb-2026,Febrero,Trimestre I,Semestre I,1,0
1721,18,2,2026,8,32,18-Feb-2026,Febrero,Trimestre I,Semestre I,1,0
1722,18,2,2026,8,33,18-Feb-2026,Febrero,Trimestre I,Semestre I,1,0
1723,18,2,2026,9,0,18-Feb-2026,Febrero,Trimestre I,Semestre I,1,0
1724,18,2,2026,9,6,18-Feb-2026,Febrero,Trimestre I,Semestre I,1,0
1725,18,2,2026,9,29,18-Feb-2026,Febrero,Trimestre I,Semestre I,1,0
1726,18,2,2026,9,57,18-Feb-2026,Febrero,Trimestre I,Semestre I,1,0
1727,18,2,2026,10,6,18-Feb-2026,Febrero,Trimestre I,Semestre I,1,0
1728,18,2,2026,10,32,18-Feb-2026,Febrero,Trimestre I,Semestre I,1,0
1729,18,2,2026,11,0,18-Feb-2026,Febrero,Trimestre I,Semestre I,1,0
1730,18,2,2026,11,1,18-Feb-2026,Febrero,Trimestre I,Semestre I,1,0
1731,18,2,2026,11,6,18-Feb-2026,Febrero,Trimestre I,Semestre I,1,0
1732,18,2,2026,11,8,18-Feb-2026,Febrero,Trimestre I,Semestre I,1,0
1733,18,2,2026,11,13,18-Feb-2026,Febrero,Trimestre I,Semestre I,1,0
1734,18,2,2026,11,58,18-Feb-2026,Febrero,Trimestre I,Semestre I,1,0
1735,18,2,2026,13,0,18-Feb-2026,Febrero,Trimestre I,Semestre I,1,0
1736,18,2,2026,13,9,18-Feb-2026,Febrero,Trimestre I,Semestre I,1,0
1737,18,2,2026,13,36,18-Feb-2026,Febrero,Trimestre I,Semestre I,1,0
1738,18,2,2026,13,39,18-Feb-2026,Febrero,Trimestre I,Semestre I,1,0
1739,18,2,2026,14,8,18-Feb-2026,Febrero,Trimestre I,Semestre I,1,0
1740,18,2,2026,15,5,18-Feb-2026,Febrero,Trimestre I,Semestre I,1,0
1741,18,2,2026,15,9,18-Feb-2026,Febrero,Trimestre I,Semestre I,1,0
1742,18,2,2026,15,59,18-Feb-2026,Febrero,Trimestre I,Semestre I,1,0
1743,18,2,2026,16,4,18-Feb-2026,Febrero,Trimestre I,Semestre I,1,0
1744,18,2,2026,16,44,18-Feb-2026,Febrero,Trimestre I,Semestre I,1,0
1745,18,2,2026,16,48,18-Feb-2026,Febrero,Trimestre I,Semestre I,1,0
1746,18,2,2026,17,18,18-Feb-2026,Febrero,Trimestre I,Semestre I,1,0
1747,19,2,2026,9,47,19-Feb-2026,Febrero,Trimestre I,Semestre I,1,0
1748,19,2,2026,10,11,19-Feb-2026,Febrero,Trimestre I,Semestre I,1,0
1749,19,2,2026,10,21,19-Feb-2026,Febrero,Trimestre I,Semestre I,1,0
1750,19,2,2026,11,15,19-Feb-2026,Febrero,Trimestre I,Semestre I,1,0
1751,19,2,2026,11,22,19-Feb-2026,Febrero,Trimestre I,Semestre I,1,0
1752,19,2,2026,11,39,19-Feb-2026,Febrero,Trimestre I,Semestre I,1,0
1753,19,2,2026,11,46,19-Feb-2026,Febrero,Trimestre I,Semestre I,1,0
1754,19,2,2026,12,5,19-Feb-2026,Febrero,Trimestre I,Semestre I,1,0
1755,19,2,2026,13,22,19-Feb-2026,Febrero,Trimestre I,Semestre I,1,0
1756,19,2,2026,13,45,19-Feb-2026,Febrero,Trimestre I,Semestre I,1,0
1757,19,2,2026,14,0,19-Feb-2026,Febrero,Trimestre I,Semestre I,1,0
1758,19,2,2026,14,40,19-Feb-2026,Febrero,Trimestre I,Semestre I,1,0
1759,19,2,2026,15,14,19-Feb-2026,Febrero,Trimestre I,Semestre I,1,0
1760,19,2,2026,15,40,19-Feb-2026,Febrero,Trimestre I,Semestre I,1,0
1761,19,2,2026,19,20,19-Feb-2026,Febrero,Trimestre I,Semestre I,1,0
1762,19,2,2026,19,45,19-Feb-2026,Febrero,Trimestre I,Semestre I,1,0
1763,19,2,2026,23,23,19-Feb-2026,Febrero,Trimestre I,Semestre I,1,0
1764,20,2,2026,7,26,20-Feb-2026,Febrero,Trimestre I,Semestre I,1,0
1765,20,2,2026,7,27,20-Feb-2026,Febrero,Trimestre I,Semestre I,1,0
1766,20,2,2026,7,44,20-Feb-2026,Febrero,Trimestre I,Semestre I,1,0
1767,20,2,2026,8,15,20-Feb-2026,Febrero,Trimestre I,Semestre I,1,0
1768,20,2,2026,8,37,20-Feb-2026,Febrero,Trimestre I,Semestre I,1,0
1769,20,2,2026,8,43,20-Feb-2026,Febrero,Trimestre I,Semestre I,1,0
1770,20,2,2026,10,53,20-Feb-2026,Febrero,Trimestre I,Semestre I,1,0
1771,20,2,2026,11,18,20-Feb-2026,Febrero,Trimestre I,Semestre I,1,0
1772,20,2,2026,13,1,20-Feb-2026,Febrero,Trimestre I,Semestre I,1,0
1773,20,2,2026,13,39,20-Feb-2026,Febrero,Trimestre I,Semestre I,1,0
1774,20,2,2026,14,1,20-Feb-2026,Febrero,Trimestre I,Semestre I,1,0
1775,20,2,2026,14,2,20-Feb-2026,Febrero,Trimestre I,Semestre I,1,0
1776,20,2,2026,14,8,20-Feb-2026,Febrero,Trimestre I,Semestre I,1,0
1777,20,2,2026,14,23,20-Feb-2026,Febrero,Trimestre I,Semestre I,1,0
1778,20,2,2026,14,24,20-Feb-2026,Febrero,Trimestre I,Semestre I,1,0
1779,20,2,2026,14,29,20-Feb-2026,Febrero,Trimestre I,Semestre I,1,0
1780,20,2,2026,14,47,20-Feb-2026,Febrero,Trimestre I,Semestre I,1,0
1781,20,2,2026,15,4,20-Feb-2026,Febrero,Trimestre I,Semestre I,1,0
1782,20,2,2026,15,6,20-Feb-2026,Febrero,Trimestre I,Semestre I,1,0
1783,20,2,2026,15,54,20-Feb-2026,Febrero,Trimestre I,Semestre I,1,0
1784,20,2,2026,16,43,20-Feb-2026,Febrero,Trimestre I,Semestre I,1,0
1785,20,2,2026,16,45,20-Feb-2026,Febrero,Trimestre I,Semestre I,1,0
1786,20,2,2026,17,18,20-Feb-2026,Febrero,Trimestre I,Semestre I,1,0
1787,21,2,2026,13,42,21-Feb-2026,Febrero,Trimestre I,Semestre I,1,0
1788,21,2,2026,17,41,21-Feb-2026,Febrero,Trimestre I,Semestre I,1,0
1789,22,2,2026,13,38,22-Feb-2026,Febrero,Trimestre I,Semestre I,1,0
1790,22,2,2026,14,30,22-Feb-2026,Febrero,Trimestre I,Semestre I,1,0
1791,22,2,2026,16,27,22-Feb-2026,Febrero,Trimestre I,Semestre I,1,0
1792,22,2,2026,17,42,22-Feb-2026,Febrero,Trimestre I,Semestre I,1,0
1793,23,2,2026,6,5,23-Feb-2026,Febrero,Trimestre I,Semestre I,1,0
1794,23,2,2026,7,55,23-Feb-2026,Febrero,Trimestre I,Semestre I,1,0
1795,23,2,2026,8,0,23-Feb-2026,Febrero,Trimestre I,Semestre I,1,0
1796,23,2,2026,8,1,23-Feb-2026,Febrero,Trimestre I,Semestre I,1,0
1797,23,2,2026,8,12,23-Feb-2026,Febrero,Trimestre I,Semestre I,1,0
1798,23,2,2026,8,14,23-Feb-2026,Febrero,Trimestre I,Semestre I,1,0
1799,23,2,2026,8,18,23-Feb-2026,Febrero,Trimestre I,Semestre I,1,0
1800,23,2,2026,8,46,23-Feb-2026,Febrero,Trimestre I,Semestre I,1,0
1801,23,2,2026,9,6,23-Feb-2026,Febrero,Trimestre I,Semestre I,1,0
1802,23,2,2026,10,8,23-Feb-2026,Febrero,Trimestre I,Semestre I,1,0
1803,23,2,2026,10,43,23-Feb-2026,Febrero,Trimestre I,Semestre I,1,0
1804,23,2,2026,11,55,23-Feb-2026,Febrero,Trimestre I,Semestre I,1,0
1805,23,2,2026,12,19,23-Feb-2026,Febrero,Trimestre I,Semestre I,1,0
1806,23,2,2026,13,10,23-Feb-2026,Febrero,Trimestre I,Semestre I,1,0
1807,23,2,2026,13,42,23-Feb-2026,Febrero,Trimestre I,Semestre I,1,0
1808,23,2,2026,13,51,23-Feb-2026,Febrero,Trimestre I,Semestre I,1,0
1809,23,2,2026,14,46,23-Feb-2026,Febrero,Trimestre I,Semestre I,1,0
1810,23,2,2026,15,6,23-Feb-2026,Febrero,Trimestre I,Semestre I,1,0
1811,23,2,2026,15,11,23-Feb-2026,Febrero,Trimestre I,Semestre I,1,0
1812,23,2,2026,15,12,23-Feb-2026,Febrero,Trimestre I,Semestre I,1,0
1813,23,2,2026,15,47,23-Feb-2026,Febrero,Trimestre I,Semestre I,1,0
1814,23,2,2026,16,3,23-Feb-2026,Febrero,Trimestre I,Semestre I,1,0
1815,23,2,2026,16,5,23-Feb-2026,Febrero,Trimestre I,Semestre I,1,0
1816,23,2,2026,17,45,23-Feb-2026,Febrero,Trimestre I,Semestre I,1,0
1817,23,2,2026,18,34,23-Feb-2026,Febrero,Trimestre I,Semestre I,1,0
1818,23,2,2026,18,40,23-Feb-2026,Febrero,Trimestre I,Semestre I,1,0
1819,23,2,2026,20,58,23-Feb-2026,Febrero,Trimestre I,Semestre I,1,0
1820,23,2,2026,21,45,23-Feb-2026,Febrero,Trimestre I,Semestre I,1,0
1821,24,2,2026,9,5,24-Feb-2026,Febrero,Trimestre I,Semestre I,1,0
1822,24,2,2026,9,55,24-Feb-2026,Febrero,Trimestre I,Semestre I,1,0
1823,24,2,2026,9,58,24-Feb-2026,Febrero,Trimestre I,Semestre I,1,0
1824,24,2,2026,10,24,24-Feb-2026,Febrero,Trimestre I,Semestre I,1,0
1825,24,2,2026,10,28,24-Feb-2026,Febrero,Trimestre I,Semestre I,1,0
1826,24,2,2026,11,24,24-Feb-2026,Febrero,Trimestre I,Semestre I,1,0
1827,24,2,2026,11,51,24-Feb-2026,Febrero,Trimestre I,Semestre I,1,0
1828,24,2,2026,12,29,24-Feb-2026,Febrero,Trimestre I,Semestre I,1,0
1829,24,2,2026,13,15,24-Feb-2026,Febrero,Trimestre I,Semestre I,1,0
1830,24,2,2026,13,34,24-Feb-2026,Febrero,Trimestre I,Semestre I,1,0
1831,24,2,2026,14,13,24-Feb-2026,Febrero,Trimestre I,Semestre I,1,0
1832,24,2,2026,19,20,24-Feb-2026,Febrero,Trimestre I,Semestre I,1,0
1833,24,2,2026,19,24,24-Feb-2026,Febrero,Trimestre I,Semestre I,1,0
1834,25,2,2026,6,52,25-Feb-2026,Febrero,Trimestre I,Semestre I,1,0
1835,25,2,2026,7,43,25-Feb-2026,Febrero,Trimestre I,Semestre I,1,0
1836,25,2,2026,8,3,25-Feb-2026,Febrero,Trimestre I,Semestre I,1,0
1837,25,2,2026,9,3,25-Feb-2026,Febrero,Trimestre I,Semestre I,1,0
1838,25,2,2026,9,28,25-Feb-2026,Febrero,Trimestre I,Semestre I,1,0
1839,25,2,2026,9,32,25-Feb-2026,Febrero,Trimestre I,Semestre I,1,0
1840,25,2,2026,10,2,25-Feb-2026,Febrero,Trimestre I,Semestre I,1,0
1841,25,2,2026,10,54,25-Feb-2026,Febrero,Trimestre I,Semestre I,1,0
1842,25,2,2026,11,14,25-Feb-2026,Febrero,Trimestre I,Semestre I,1,0
1843,25,2,2026,11,15,25-Feb-2026,Febrero,Trimestre I,Semestre I,1,0
1844,25,2,2026,11,49,25-Feb-2026,Febrero,Trimestre I,Semestre I,1,0
1845,25,2,2026,11,57,25-Feb-2026,Febrero,Trimestre I,Semestre I,1,0
1846,25,2,2026,12,49,25-Feb-2026,Febrero,Trimestre I,Semestre I,1,0
1847,25,2,2026,13,20,25-Feb-2026,Febrero,Trimestre I,Semestre I,1,0
1848,25,2,2026,13,57,25-Feb-2026,Febrero,Trimestre I,Semestre I,1,0
1849,25,2,2026,14,8,25-Feb-2026,Febrero,Trimestre I,Semestre I,1,0
1850,25,2,2026,14,10,25-Feb-2026,Febrero,Trimestre I,Semestre I,1,0
1851,25,2,2026,14,42,25-Feb-2026,Febrero,Trimestre I,Semestre I,1,0
1852,25,2,2026,17,18,25-Feb-2026,Febrero,Trimestre I,Semestre I,1,0
1853,25,2,2026,18,40,25-Feb-2026,Febrero,Trimestre I,Semestre I,1,0
1854,25,2,2026,20,33,25-Feb-2026,Febrero,Trimestre I,Semestre I,1,0
1855,25,2,2026,20,37,25-Feb-2026,Febrero,Trimestre I,Semestre I,1,0
1856,25,2,2026,21,32,25-Feb-2026,Febrero,Trimestre I,Semestre I,1,0
1857,26,2,2026,8,51,26-Feb-2026,Febrero,Trimestre I,Semestre I,1,0
1858,26,2,2026,9,45,26-Feb-2026,Febrero,Trimestre I,Semestre I,1,0
1859,26,2,2026,12,4,26-Feb-2026,Febrero,Trimestre I,Semestre I,1,0
1860,26,2,2026,13,21,26-Feb-2026,Febrero,Trimestre I,Semestre I,1,0
1861,26,2,2026,14,3,26-Feb-2026,Febrero,Trimestre I,Semestre I,1,0
1862,26,2,2026,16,39,26-Feb-2026,Febrero,Trimestre I,Semestre I,1,0
1863,26,2,2026,16,43,26-Feb-2026,Febrero,Trimestre I,Semestre I,1,0
1864,26,2,2026,18,30,26-Feb-2026,Febrero,Trimestre I,Semestre I,1,0
1865,26,2,2026,18,57,26-Feb-2026,Febrero,Trimestre I,Semestre I,1,0
1866,26,2,2026,20,7,26-Feb-2026,Febrero,Trimestre I,Semestre I,1,0
1867,26,2,2026,20,43,26-Feb-2026,Febrero,Trimestre I,Semestre I,1,0
1868,27,2,2026,8,29,27-Feb-2026,Febrero,Trimestre I,Semestre I,1,0
1869,27,2,2026,8,55,27-Feb-2026,Febrero,Trimestre I,Semestre I,1,0
1870,27,2,2026,9,27,27-Feb-2026,Febrero,Trimestre I,Semestre I,1,0
1871,27,2,2026,9,56,27-Feb-2026,Febrero,Trimestre I,Semestre I,1,0
1872,27,2,2026,11,51,27-Feb-2026,Febrero,Trimestre I,Semestre I,1,0
1873,27,2,2026,12,25,27-Feb-2026,Febrero,Trimestre I,Semestre I,1,0
1874,27,2,2026,12,49,27-Feb-2026,Febrero,Trimestre I,Semestre I,1,0
1875,27,2,2026,13,42,27-Feb-2026,Febrero,Trimestre I,Semestre I,1,0
1876,27,2,2026,17,30,27-Feb-2026,Febrero,Trimestre I,Semestre I,1,0
1877,2,3,2026,8,22,02-Mar-2026,Marzo,Trimestre I,Semestre I,0,0
1878,2,3,2026,8,43,02-Mar-2026,Marzo,Trimestre I,Semestre I,0,0
1879,2,3,2026,10,48,02-Mar-2026,Marzo,Trimestre I,Semestre I,0,0
1880,2,3,2026,11,51,02-Mar-2026,Marzo,Trimestre I,Semestre I,0,0
1881,2,3,2026,12,56,02-Mar-2026,Marzo,Trimestre I,Semestre I,0,0
1882,2,3,2026,13,27,02-Mar-2026,Marzo,Trimestre I,Semestre I,0,0
1883,2,3,2026,14,1,02-Mar-2026,Marzo,Trimestre I,Semestre I,0,0
1884,2,3,2026,14,12,02-Mar-2026,Marzo,Trimestre I,Semestre I,0,0
1885,2,3,2026,14,24,02-Mar-2026,Marzo,Trimestre I,Semestre I,0,0
1886,2,3,2026,14,35,02-Mar-2026,Marzo,Trimestre I,Semestre I,0,0
1887,2,3,2026,15,34,02-Mar-2026,Marzo,Trimestre I,Semestre I,0,0
1888,2,3,2026,16,24,02-Mar-2026,Marzo,Trimestre I,Semestre I,0,0
1889,2,3,2026,16,25,02-Mar-2026,Marzo,Trimestre I,Semestre I,0,0
1890,2,3,2026,16,43,02-Mar-2026,Marzo,Trimestre I,Semestre I,0,0
1891,2,3,2026,17,18,02-Mar-2026,Marzo,Trimestre I,Semestre I,0,0
1892,2,3,2026,17,47,02-Mar-2026,Marzo,Trimestre I,Semestre I,0,0
1893,2,3,2026,20,36,02-Mar-2026,Marzo,Trimestre I,Semestre I,0,0
1894,3,3,2026,7,18,03-Mar-2026,Marzo,Trimestre I,Semestre I,0,0
1895,3,3,2026,10,45,03-Mar-2026,Marzo,Trimestre I,Semestre I,0,0
1896,3,3,2026,10,46,03-Mar-2026,Marzo,Trimestre I,Semestre I,0,0
1897,3,3,2026,14,15,03-Mar-2026,Marzo,Trimestre I,Semestre I,0,0
1898,3,3,2026,14,22,03-Mar-2026,Marzo,Trimestre I,Semestre I,0,0
1899,3,3,2026,14,35,03-Mar-2026,Marzo,Trimestre I,Semestre I,0,0
1900,3,3,2026,14,59,03-Mar-2026,Marzo,Trimestre I,Semestre I,0,0
1901,3,3,2026,15,4,03-Mar-2026,Marzo,Trimestre I,Semestre I,0,0
1902,3,3,2026,15,22,03-Mar-2026,Marzo,Trimestre I,Semestre I,0,0
1903,3,3,2026,15,23,03-Mar-2026,Marzo,Trimestre I,Semestre I,0,0
1904,3,3,2026,18,19,03-Mar-2026,Marzo,Trimestre I,Semestre I,0,0
1905,4,3,2026,7,46,04-Mar-2026,Marzo,Trimestre I,Semestre I,0,0
1906,4,3,2026,8,48,04-Mar-2026,Marzo,Trimestre I,Semestre I,0,0
1907,4,3,2026,9,3,04-Mar-2026,Marzo,Trimestre I,Semestre I,0,0
1908,4,3,2026,9,58,04-Mar-2026,Marzo,Trimestre I,Semestre I,0,0
1909,4,3,2026,10,8,04-Mar-2026,Marzo,Trimestre I,Semestre I,0,0
1910,4,3,2026,10,31,04-Mar-2026,Marzo,Trimestre I,Semestre I,0,0
1911,4,3,2026,11,8,04-Mar-2026,Marzo,Trimestre I,Semestre I,0,0
1912,4,3,2026,11,32,04-Mar-2026,Marzo,Trimestre I,Semestre I,0,0
1913,4,3,2026,11,34,04-Mar-2026,Marzo,Trimestre I,Semestre I,0,0
1914,4,3,2026,11,46,04-Mar-2026,Marzo,Trimestre I,Semestre I,0,0
1915,4,3,2026,11,47,04-Mar-2026,Marzo,Trimestre I,Semestre I,0,0
1916,4,3,2026,11,51,04-Mar-2026,Marzo,Trimestre I,Semestre I,0,0
1917,4,3,2026,12,9,04-Mar-2026,Marzo,Trimestre I,Semestre I,0,0
1918,4,3,2026,13,10,04-Mar-2026,Marzo,Trimestre I,Semestre I,0,0
1919,4,3,2026,13,50,04-Mar-2026,Marzo,Trimestre I,Semestre I,0,0
1920,4,3,2026,13,57,04-Mar-2026,Marzo,Trimestre I,Semestre I,0,0
1921,4,3,2026,14,41,04-Mar-2026,Marzo,Trimestre I,Semestre I,0,0
1922,4,3,2026,14,48,04-Mar-2026,Marzo,Trimestre I,Semestre I,0,0
1923,4,3,2026,15,32,04-Mar-2026,Marzo,Trimestre I,Semestre I,0,0
1924,4,3,2026,16,47,04-Mar-2026,Marzo,Trimestre I,Semestre I,0,0
1925,4,3,2026,18,21,04-Mar-2026,Marzo,Trimestre I,Semestre I,0,0
1926,4,3,2026,20,41,04-Mar-2026,Marzo,Trimestre I,Semestre I,0,0
1927,5,3,2026,7,46,05-Mar-2026,Marzo,Trimestre I,Semestre I,0,0
1928,5,3,2026,8,15,05-Mar-2026,Marzo,Trimestre I,Semestre I,0,0
1929,5,3,2026,8,17,05-Mar-2026,Marzo,Trimestre I,Semestre I,0,0
1930,5,3,2026,9,8,05-Mar-2026,Marzo,Trimestre I,Semestre I,0,0
1931,5,3,2026,10,24,05-Mar-2026,Marzo,Trimestre I,Semestre I,0,0
1932,5,3,2026,10,36,05-Mar-2026,Marzo,Trimestre I,Semestre I,0,0
1933,5,3,2026,11,34,05-Mar-2026,Marzo,Trimestre I,Semestre I,0,0
1934,5,3,2026,12,22,05-Mar-2026,Marzo,Trimestre I,Semestre I,0,0
1935,5,3,2026,12,39,05-Mar-2026,Marzo,Trimestre I,Semestre I,0,0
1936,5,3,2026,14,39,05-Mar-2026,Marzo,Trimestre I,Semestre I,0,0
1937,5,3,2026,14,44,05-Mar-2026,Marzo,Trimestre I,Semestre I,0,0
1938,5,3,2026,16,0,05-Mar-2026,Marzo,Trimestre I,Semestre I,0,0
1939,5,3,2026,22,52,05-Mar-2026,Marzo,Trimestre I,Semestre I,0,0
1940,6,3,2026,1,2,06-Mar-2026,Marzo,Trimestre I,Semestre I,0,0
1941,6,3,2026,8,26,06-Mar-2026,Marzo,Trimestre I,Semestre I,0,0
1942,6,3,2026,8,57,06-Mar-2026,Marzo,Trimestre I,Semestre I,0,0
1943,6,3,2026,9,28,06-Mar-2026,Marzo,Trimestre I,Semestre I,0,0
1944,6,3,2026,9,50,06-Mar-2026,Marzo,Trimestre I,Semestre I,0,0
1945,6,3,2026,10,16,06-Mar-2026,Marzo,Trimestre I,Semestre I,0,0
1946,6,3,2026,10,53,06-Mar-2026,Marzo,Trimestre I,Semestre I,0,0
1947,6,3,2026,11,38,06-Mar-2026,Marzo,Trimestre I,Semestre I,0,0
1948,6,3,2026,11,52,06-Mar-2026,Marzo,Trimestre I,Semestre I,0,0
1949,6,3,2026,13,24,06-Mar-2026,Marzo,Trimestre I,Semestre I,0,0
1950,6,3,2026,14,7,06-Mar-2026,Marzo,Trimestre I,Semestre I,0,0
1951,6,3,2026,14,31,06-Mar-2026,Marzo,Trimestre I,Semestre I,0,0
1952,6,3,2026,14,50,06-Mar-2026,Marzo,Trimestre I,Semestre I,0,0
1953,6,3,2026,15,9,06-Mar-2026,Marzo,Trimestre I,Semestre I,0,0
1954,6,3,2026,15,10,06-Mar-2026,Marzo,Trimestre I,Semestre I,0,0
1955,6,3,2026,15,48,06-Mar-2026,Marzo,Trimestre I,Semestre I,0,0
1956,6,3,2026,16,17,06-Mar-2026,Marzo,Trimestre I,Semestre I,0,0
1957,6,3,2026,16,56,06-Mar-2026,Marzo,Trimestre I,Semestre I,0,0
1958,7,3,2026,12,16,07-Mar-2026,Marzo,Trimestre I,Semestre I,0,0
1959,7,3,2026,18,0,07-Mar-2026,Marzo,Trimestre I,Semestre I,0,0
1960,7,3,2026,18,46,07-Mar-2026,Marzo,Trimestre I,Semestre I,0,0
1961,8,3,2026,10,0,08-Mar-2026,Marzo,Trimestre I,Semestre I,0,0
1962,9,3,2026,7,42,09-Mar-2026,Marzo,Trimestre I,Semestre I,0,0
1963,9,3,2026,7,57,09-Mar-2026,Marzo,Trimestre I,Semestre I,0,0
1964,9,3,2026,8,9,09-Mar-2026,Marzo,Trimestre I,Semestre I,0,0
1965,9,3,2026,9,41,09-Mar-2026,Marzo,Trimestre I,Semestre I,0,0
1966,9,3,2026,9,49,09-Mar-2026,Marzo,Trimestre I,Semestre I,0,0
1967,9,3,2026,10,22,09-Mar-2026,Marzo,Trimestre I,Semestre I,0,0
1968,9,3,2026,10,59,09-Mar-2026,Marzo,Trimestre I,Semestre I,0,0
1969,9,3,2026,11,49,09-Mar-2026,Marzo,Trimestre I,Semestre I,0,0
1970,9,3,2026,12,44,09-Mar-2026,Marzo,Trimestre I,Semestre I,0,0
1971,9,3,2026,13,42,09-Mar-2026,Marzo,Trimestre I,Semestre I,0,0
1972,9,3,2026,14,50,09-Mar-2026,Marzo,Trimestre I,Semestre I,0,0
1973,9,3,2026,15,11,09-Mar-2026,Marzo,Trimestre I,Semestre I,0,0
1974,9,3,2026,18,44,09-Mar-2026,Marzo,Trimestre I,Semestre I,0,0
1975,10,3,2026,9,40,10-Mar-2026,Marzo,Trimestre I,Semestre I,0,0
1976,10,3,2026,12,6,10-Mar-2026,Marzo,Trimestre I,Semestre I,0,0
1977,10,3,2026,13,21,10-Mar-2026,Marzo,Trimestre I,Semestre I,0,0
1978,10,3,2026,13,37,10-Mar-2026,Marzo,Trimestre I,Semestre I,0,0
1979,10,3,2026,13,47,10-Mar-2026,Marzo,Trimestre I,Semestre I,0,0
1980,10,3,2026,13,48,10-Mar-2026,Marzo,Trimestre I,Semestre I,0,0
1981,10,3,2026,13,59,10-Mar-2026,Marzo,Trimestre I,Semestre I,0,0
1982,10,3,2026,15,50,10-Mar-2026,Marzo,Trimestre I,Semestre I,0,0
1983,10,3,2026,15,57,10-Mar-2026,Marzo,Trimestre I,Semestre I,0,0
1984,10,3,2026,19,44,10-Mar-2026,Marzo,Trimestre I,Semestre I,0,0
1985,10,3,2026,21,14,10-Mar-2026,Marzo,Trimestre I,Semestre I,0,0
1986,11,3,2026,8,14,11-Mar-2026,Marzo,Trimestre I,Semestre I,0,0
1987,11,3,2026,8,59,11-Mar-2026,Marzo,Trimestre I,Semestre I,0,0
1988,11,3,2026,9,28,11-Mar-2026,Marzo,Trimestre I,Semestre I,0,0
1989,11,3,2026,10,3,11-Mar-2026,Marzo,Trimestre I,Semestre I,0,0
1990,11,3,2026,10,5,11-Mar-2026,Marzo,Trimestre I,Semestre I,0,0
1991,11,3,2026,11,20,11-Mar-2026,Marzo,Trimestre I,Semestre I,0,0
1992,11,3,2026,11,26,11-Mar-2026,Marzo,Trimestre I,Semestre I,0,0
1993,11,3,2026,11,42,11-Mar-2026,Marzo,Trimestre I,Semestre I,0,0
1994,11,3,2026,12,44,11-Mar-2026,Marzo,Trimestre I,Semestre I,0,0
1995,11,3,2026,14,32,11-Mar-2026,Marzo,Trimestre I,Semestre I,0,0
1996,11,3,2026,21,51,11-Mar-2026,Marzo,Trimestre I,Semestre I,0,0
1997,12,3,2026,9,28,12-Mar-2026,Marzo,Trimestre I,Semestre I,0,0
1998,12,3,2026,10,11,12-Mar-2026,Marzo,Trimestre I,Semestre I,0,0
1999,12,3,2026,11,40,12-Mar-2026,Marzo,Trimestre I,Semestre I,0,0
2000,12,3,2026,13,33,12-Mar-2026,Marzo,Trimestre I,Semestre I,0,0
2001,12,3,2026,13,51,12-Mar-2026,Marzo,Trimestre I,Semestre I,0,0
2002,12,3,2026,14,26,12-Mar-2026,Marzo,Trimestre I,Semestre I,0,0
2003,12,3,2026,14,43,12-Mar-2026,Marzo,Trimestre I,Semestre I,0,0
2004,12,3,2026,16,25,12-Mar-2026,Marzo,Trimestre I,Semestre I,0,0
2005,12,3,2026,17,47,12-Mar-2026,Marzo,Trimestre I,Semestre I,0,0
2006,12,3,2026,19,40,12-Mar-2026,Marzo,Trimestre I,Semestre I,0,0
2007,12,3,2026,23,28,12-Mar-2026,Marzo,Trimestre I,Semestre I,0,0
2008,13,3,2026,8,14,13-Mar-2026,Marzo,Trimestre I,Semestre I,0,0
2009,13,3,2026,8,50,13-Mar-2026,Marzo,Trimestre I,Semestre I,0,0
2010,13,3,2026,10,29,13-Mar-2026,Marzo,Trimestre I,Semestre I,0,0
2011,13,3,2026,15,22,13-Mar-2026,Marzo,Trimestre I,Semestre I,0,0
2012,13,3,2026,15,31,13-Mar-2026,Marzo,Trimestre I,Semestre I,0,0
2013,13,3,2026,15,40,13-Mar-2026,Marzo,Trimestre I,Semestre I,0,0
2014,13,3,2026,16,10,13-Mar-2026,Marzo,Trimestre I,Semestre I,0,0
2015,14,3,2026,12,6,14-Mar-2026,Marzo,Trimestre I,Semestre I,0,0
2016,14,3,2026,19,53,14-Mar-2026,Marzo,Trimestre I,Semestre I,0,0
2017,15,3,2026,10,41,15-Mar-2026,Marzo,Trimestre I,Semestre I,0,0
2018,16,3,2026,6,27,16-Mar-2026,Marzo,Trimestre I,Semestre I,0,0
2019,16,3,2026,9,5,16-Mar-2026,Marzo,Trimestre I,Semestre I,0,0
2020,16,3,2026,9,18,16-Mar-2026,Marzo,Trimestre I,Semestre I,0,0
2021,16,3,2026,9,51,16-Mar-2026,Marzo,Trimestre I,Semestre I,0,0
2022,16,3,2026,10,9,16-Mar-2026,Marzo,Trimestre I,Semestre I,0,0
2023,16,3,2026,10,26,16-Mar-2026,Marzo,Trimestre I,Semestre I,0,0
2024,16,3,2026,11,17,16-Mar-2026,Marzo,Trimestre I,Semestre I,0,0
2025,16,3,2026,13,24,16-Mar-2026,Marzo,Trimestre I,Semestre I,0,0
2026,16,3,2026,13,58,16-Mar-2026,Marzo,Trimestre I,Semestre I,0,0
2027,16,3,2026,16,19,16-Mar-2026,Marzo,Trimestre I,Semestre I,0,0
2028,16,3,2026,16,21,16-Mar-2026,Marzo,Trimestre I,Semestre I,0,0
2029,17,3,2026,7,50,17-Mar-2026,Marzo,Trimestre I,Semestre I,0,0
2030,17,3,2026,13,43,17-Mar-2026,Marzo,Trimestre I,Semestre I,0,0
2031,17,3,2026,14,34,17-Mar-2026,Marzo,Trimestre I,Semestre I,0,0
2032,17,3,2026,15,22,17-Mar-2026,Marzo,Trimestre I,Semestre I,0,0
2033,17,3,2026,15,27,17-Mar-2026,Marzo,Trimestre I,Semestre I,0,0
2034,17,3,2026,17,15,17-Mar-2026,Marzo,Trimestre I,Semestre I,0,0
2035,18,3,2026,8,38,18-Mar-2026,Marzo,Trimestre I,Semestre I,0,0
2036,18,3,2026,10,17,18-Mar-2026,Marzo,Trimestre I,Semestre I,0,0
2037,18,3,2026,11,53,18-Mar-2026,Marzo,Trimestre I,Semestre I,0,0
2038,18,3,2026,12,8,18-Mar-2026,Marzo,Trimestre I,Semestre I,0,0
2039,18,3,2026,13,39,18-Mar-2026,Marzo,Trimestre I,Semestre I,0,0
2040,18,3,2026,13,58,18-Mar-2026,Marzo,Trimestre I,Semestre I,0,0
2041,18,3,2026,16,27,18-Mar-2026,Marzo,Trimestre I,Semestre I,0,0
2042,18,3,2026,16,59,18-Mar-2026,Marzo,Trimestre I,Semestre I,0,0
2043,18,3,2026,17,2,18-Mar-2026,Marzo,Trimestre I,Semestre I,0,0
2044,19,3,2026,8,0,19-Mar-2026,Marzo,Trimestre I,Semestre I,0,0
2045,19,3,2026,8,4,19-Mar-2026,Marzo,Trimestre I,Semestre I,0,0
2046,19,3,2026,8,16,19-Mar-2026,Marzo,Trimestre I,Semestre I,0,0
2047,20,3,2026,8,13,20-Mar-2026,Marzo,Trimestre I,Semestre I,0,0
2048,20,3,2026,8,42,20-Mar-2026,Marzo,Trimestre I,Semestre I,0,0
2049,20,3,2026,10,18,20-Mar-2026,Marzo,Trimestre I,Semestre I,0,0
2050,20,3,2026,10,23,20-Mar-2026,Marzo,Trimestre I,Semestre I,0,0
2051,20,3,2026,13,11,20-Mar-2026,Marzo,Trimestre I,Semestre I,0,0
2052,20,3,2026,13,12,20-Mar-2026,Marzo,Trimestre I,Semestre I,0,0
2053,23,3,2026,8,15,23-Mar-2026,Marzo,Trimestre I,Semestre I,0,0
2054,23,3,2026,8,38,23-Mar-2026,Marzo,Trimestre I,Semestre I,0,0
2055,23,3,2026,8,40,23-Mar-2026,Marzo,Trimestre I,Semestre I,0,0
2056,23,3,2026,8,41,23-Mar-2026,Marzo,Trimestre I,Semestre I,0,0
2057,23,3,2026,8,50,23-Mar-2026,Marzo,Trimestre I,Semestre I,0,0
2058,23,3,2026,10,8,23-Mar-2026,Marzo,Trimestre I,Semestre I,0,0
2059,23,3,2026,10,42,23-Mar-2026,Marzo,Trimestre I,Semestre I,0,0
2060,23,3,2026,12,2,23-Mar-2026,Marzo,Trimestre I,Semestre I,0,0
2061,23,3,2026,13,40,23-Mar-2026,Marzo,Trimestre I,Semestre I,0,0
2062,23,3,2026,14,44,23-Mar-2026,Marzo,Trimestre I,Semestre I,0,0
2063,23,3,2026,19,17,23-Mar-2026,Marzo,Trimestre I,Semestre I,0,0
2064,24,3,2026,8,6,24-Mar-2026,Marzo,Trimestre I,Semestre I,0,0
2065,24,3,2026,8,47,24-Mar-2026,Marzo,Trimestre I,Semestre I,0,0
2066,24,3,2026,9,21,24-Mar-2026,Marzo,Trimestre I,Semestre I,0,0
2067,24,3,2026,9,35,24-Mar-2026,Marzo,Trimestre I,Semestre I,0,0
2068,24,3,2026,10,19,24-Mar-2026,Marzo,Trimestre I,Semestre I,0,0
2069,24,3,2026,10,37,24-Mar-2026,Marzo,Trimestre I,Semestre I,0,0
2070,24,3,2026,13,50,24-Mar-2026,Marzo,Trimestre I,Semestre I,0,0
2071,24,3,2026,13,53,24-Mar-2026,Marzo,Trimestre I,Semestre I,0,0
2072,24,3,2026,14,47,24-Mar-2026,Marzo,Trimestre I,Semestre I,0,0
2073,24,3,2026,14,57,24-Mar-2026,Marzo,Trimestre I,Semestre I,0,0
2074,24,3,2026,15,28,24-Mar-2026,Marzo,Trimestre I,Semestre I,0,0
2075,24,3,2026,15,39,24-Mar-2026,Marzo,Trimestre I,Semestre I,0,0
2076,24,3,2026,15,41,24-Mar-2026,Marzo,Trimestre I,Semestre I,0,0
2077,24,3,2026,19,10,24-Mar-2026,Marzo,Trimestre I,Semestre I,0,0
2078,25,3,2026,8,31,25-Mar-2026,Marzo,Trimestre I,Semestre I,0,0
2079,25,3,2026,10,26,25-Mar-2026,Marzo,Trimestre I,Semestre I,0,0
2080,25,3,2026,12,7,25-Mar-2026,Marzo,Trimestre I,Semestre I,0,0
2081,25,3,2026,14,31,25-Mar-2026,Marzo,Trimestre I,Semestre I,0,0
2082,25,3,2026,14,50,25-Mar-2026,Marzo,Trimestre I,Semestre I,0,0
2083,25,3,2026,15,21,25-Mar-2026,Marzo,Trimestre I,Semestre I,0,0
2084,25,3,2026,16,8,25-Mar-2026,Marzo,Trimestre I,Semestre I,0,0
2085,25,3,2026,17,48,25-Mar-2026,Marzo,Trimestre I,Semestre I,0,0
2086,25,3,2026,20,42,25-Mar-2026,Marzo,Trimestre I,Semestre I,0,0
2087,26,3,2026,7,59,26-Mar-2026,Marzo,Trimestre I,Semestre I,0,0
2088,26,3,2026,9,11,26-Mar-2026,Marzo,Trimestre I,Semestre I,0,0
2089,26,3,2026,10,15,26-Mar-2026,Marzo,Trimestre I,Semestre I,0,0
2090,26,3,2026,10,34,26-Mar-2026,Marzo,Trimestre I,Semestre I,0,0
2091,26,3,2026,11,41,26-Mar-2026,Marzo,Trimestre I,Semestre I,0,0
2092,26,3,2026,13,40,26-Mar-2026,Marzo,Trimestre I,Semestre I,0,0
2093,26,3,2026,15,40,26-Mar-2026,Marzo,Trimestre I,Semestre I,0,0
2094,26,3,2026,15,45,26-Mar-2026,Marzo,Trimestre I,Semestre I,0,0
2095,26,3,2026,16,29,26-Mar-2026,Marzo,Trimestre I,Semestre I,0,0
2096,26,3,2026,18,54,26-Mar-2026,Marzo,Trimestre I,Semestre I,0,0
2097,27,3,2026,7,54,27-Mar-2026,Marzo,Trimestre I,Semestre I,0,0
2098,27,3,2026,9,29,27-Mar-2026,Marzo,Trimestre I,Semestre I,0,0
2099,27,3,2026,10,15,27-Mar-2026,Marzo,Trimestre I,Semestre I,0,0
2100,27,3,2026,11,16,27-Mar-2026,Marzo,Trimestre I,Semestre I,0,0
2101,27,3,2026,11,25,27-Mar-2026,Marzo,Trimestre I,Semestre I,0,0
2102,27,3,2026,11,38,27-Mar-2026,Marzo,Trimestre I,Semestre I,0,0
2103,27,3,2026,13,22,27-Mar-2026,Marzo,Trimestre I,Semestre I,0,0
2104,27,3,2026,13,26,27-Mar-2026,Marzo,Trimestre I,Semestre I,0,0
2105,27,3,2026,13,40,27-Mar-2026,Marzo,Trimestre I,Semestre I,0,0
2106,27,3,2026,14,6,27-Mar-2026,Marzo,Trimestre I,Semestre I,0,0
2107,27,3,2026,14,9,27-Mar-2026,Marzo,Trimestre I,Semestre I,0,0
2108,27,3,2026,14,24,27-Mar-2026,Marzo,Trimestre I,Semestre I,0,0
2109,27,3,2026,14,28,27-Mar-2026,Marzo,Trimestre I,Semestre I,0,0
2110,27,3,2026,14,57,27-Mar-2026,Marzo,Trimestre I,Semestre I,0,0
2111,27,3,2026,15,6,27-Mar-2026,Marzo,Trimestre I,Semestre I,0,0
2112,27,3,2026,15,12,27-Mar-2026,Marzo,Trimestre I,Semestre I,0,0
2113,27,3,2026,15,18,27-Mar-2026,Marzo,Trimestre I,Semestre I,0,0
2114,27,3,2026,15,52,27-Mar-2026,Marzo,Trimestre I,Semestre I,0,0
2115,27,3,2026,18,15,27-Mar-2026,Marzo,Trimestre I,Semestre I,0,0
2116,27,3,2026,19,24,27-Mar-2026,Marzo,Trimestre I,Semestre I,0,0
2117,5,4,2026,18,2,05-Apr-2026,Abril,Trimestre II,Semestre I,0,0
2118,6,4,2026,7,47,06-Apr-2026,Abril,Trimestre II,Semestre I,0,0
2119,6,4,2026,7,51,06-Apr-2026,Abril,Trimestre II,Semestre I,0,0
2120,6,4,2026,11,3,06-Apr-2026,Abril,Trimestre II,Semestre I,0,0
2121,6,4,2026,14,36,06-Apr-2026,Abril,Trimestre II,Semestre I,0,0
2122,6,4,2026,15,10,06-Apr-2026,Abril,Trimestre II,Semestre I,0,0
2123,6,4,2026,19,39,06-Apr-2026,Abril,Trimestre II,Semestre I,0,0
2124,7,4,2026,8,51,07-Apr-2026,Abril,Trimestre II,Semestre I,0,0
2125,7,4,2026,8,54,07-Apr-2026,Abril,Trimestre II,Semestre I,0,0
2126,7,4,2026,9,11,07-Apr-2026,Abril,Trimestre II,Semestre I,0,0
2127,7,4,2026,9,31,07-Apr-2026,Abril,Trimestre II,Semestre I,0,0
2128,7,4,2026,9,58,07-Apr-2026,Abril,Trimestre II,Semestre I,0,0
2129,7,4,2026,12,3,07-Apr-2026,Abril,Trimestre II,Semestre I,0,0
2130,7,4,2026,13,14,07-Apr-2026,Abril,Trimestre II,Semestre I,0,0
2131,7,4,2026,14,43,07-Apr-2026,Abril,Trimestre II,Semestre I,0,0
2132,7,4,2026,15,36,07-Apr-2026,Abril,Trimestre II,Semestre I,0,0
2133,7,4,2026,15,53,07-Apr-2026,Abril,Trimestre II,Semestre I,0,0
2134,7,4,2026,16,24,07-Apr-2026,Abril,Trimestre II,Semestre I,0,0
2135,7,4,2026,16,25,07-Apr-2026,Abril,Trimestre II,Semestre I,0,0
2136,7,4,2026,16,27,07-Apr-2026,Abril,Trimestre II,Semestre I,0,0
2137,7,4,2026,19,12,07-Apr-2026,Abril,Trimestre II,Semestre I,0,0
2138,7,4,2026,19,28,07-Apr-2026,Abril,Trimestre II,Semestre I,0,0
2139,7,4,2026,20,34,07-Apr-2026,Abril,Trimestre II,Semestre I,0,0
2140,8,4,2026,8,7,08-Apr-2026,Abril,Trimestre II,Semestre I,0,0
2141,8,4,2026,10,33,08-Apr-2026,Abril,Trimestre II,Semestre I,0,0
2142,8,4,2026,11,51,08-Apr-2026,Abril,Trimestre II,Semestre I,0,0
2143,8,4,2026,12,15,08-Apr-2026,Abril,Trimestre II,Semestre I,0,0
2144,8,4,2026,14,3,08-Apr-2026,Abril,Trimestre II,Semestre I,0,0
2145,8,4,2026,16,19,08-Apr-2026,Abril,Trimestre II,Semestre I,0,0
2146,8,4,2026,17,4,08-Apr-2026,Abril,Trimestre II,Semestre I,0,0
2147,8,4,2026,18,1,08-Apr-2026,Abril,Trimestre II,Semestre I,0,0
2148,9,4,2026,3,54,09-Apr-2026,Abril,Trimestre II,Semestre I,0,0
2149,9,4,2026,3,57,09-Apr-2026,Abril,Trimestre II,Semestre I,0,0
2150,9,4,2026,4,2,09-Apr-2026,Abril,Trimestre II,Semestre I,0,0
2151,9,4,2026,7,33,09-Apr-2026,Abril,Trimestre II,Semestre I,0,0
2152,9,4,2026,7,50,09-Apr-2026,Abril,Trimestre II,Semestre I,0,0
2153,9,4,2026,9,22,09-Apr-2026,Abril,Trimestre II,Semestre I,0,0
2154,9,4,2026,9,46,09-Apr-2026,Abril,Trimestre II,Semestre I,0,0
2155,9,4,2026,9,47,09-Apr-2026,Abril,Trimestre II,Semestre I,0,0
2156,9,4,2026,14,25,09-Apr-2026,Abril,Trimestre II,Semestre I,0,0
2157,9,4,2026,16,27,09-Apr-2026,Abril,Trimestre II,Semestre I,0,0
2158,9,4,2026,21,34,09-Apr-2026,Abril,Trimestre II,Semestre I,0,0
2159,9,4,2026,21,58,09-Apr-2026,Abril,Trimestre II,Semestre I,0,0
2160,10,4,2026,8,49,10-Apr-2026,Abril,Trimestre II,Semestre I,0,0
2161,10,4,2026,9,53,10-Apr-2026,Abril,Trimestre II,Semestre I,0,0
2162,10,4,2026,10,6,10-Apr-2026,Abril,Trimestre II,Semestre I,0,0
2163,10,4,2026,10,16,10-Apr-2026,Abril,Trimestre II,Semestre I,0,0
2164,10,4,2026,11,40,10-Apr-2026,Abril,Trimestre II,Semestre I,0,0
2165,10,4,2026,11,42,10-Apr-2026,Abril,Trimestre II,Semestre I,0,0
2166,10,4,2026,11,59,10-Apr-2026,Abril,Trimestre II,Semestre I,0,0
2167,10,4,2026,13,57,10-Apr-2026,Abril,Trimestre II,Semestre I,0,0
2168,10,4,2026,14,10,10-Apr-2026,Abril,Trimestre II,Semestre I,0,0
2169,10,4,2026,15,1,10-Apr-2026,Abril,Trimestre II,Semestre I,0,0
2170,13,4,2026,8,24,13-Apr-2026,Abril,Trimestre II,Semestre I,0,0
2171,13,4,2026,9,40,13-Apr-2026,Abril,Trimestre II,Semestre I,0,0
2172,13,4,2026,10,47,13-Apr-2026,Abril,Trimestre II,Semestre I,0,0
2173,13,4,2026,10,58,13-Apr-2026,Abril,Trimestre II,Semestre I,0,0
2174,13,4,2026,10,59,13-Apr-2026,Abril,Trimestre II,Semestre I,0,0
2175,13,4,2026,11,5,13-Apr-2026,Abril,Trimestre II,Semestre I,0,0
2176,13,4,2026,12,3,13-Apr-2026,Abril,Trimestre II,Semestre I,0,0
2177,13,4,2026,12,54,13-Apr-2026,Abril,Trimestre II,Semestre I,0,0
2178,13,4,2026,13,54,13-Apr-2026,Abril,Trimestre II,Semestre I,0,0
2179,13,4,2026,14,33,13-Apr-2026,Abril,Trimestre II,Semestre I,0,0
2180,13,4,2026,15,31,13-Apr-2026,Abril,Trimestre II,Semestre I,0,0
2181,13,4,2026,16,25,13-Apr-2026,Abril,Trimestre II,Semestre I,0,0
2182,13,4,2026,16,47,13-Apr-2026,Abril,Trimestre II,Semestre I,0,0
2183,13,4,2026,19,37,13-Apr-2026,Abril,Trimestre II,Semestre I,0,0
2184,13,4,2026,20,24,13-Apr-2026,Abril,Trimestre II,Semestre I,0,0
2185,13,4,2026,20,27,13-Apr-2026,Abril,Trimestre II,Semestre I,0,0
2186,13,4,2026,21,4,13-Apr-2026,Abril,Trimestre II,Semestre I,0,0
2187,14,4,2026,7,30,14-Apr-2026,Abril,Trimestre II,Semestre I,0,0
2188,14,4,2026,10,35,14-Apr-2026,Abril,Trimestre II,Semestre I,0,0
2189,14,4,2026,12,3,14-Apr-2026,Abril,Trimestre II,Semestre I,0,0
2190,14,4,2026,13,54,14-Apr-2026,Abril,Trimestre II,Semestre I,0,0
2191,14,4,2026,16,41,14-Apr-2026,Abril,Trimestre II,Semestre I,0,0
2192,14,4,2026,17,57,14-Apr-2026,Abril,Trimestre II,Semestre I,0,0
2193,14,4,2026,18,0,14-Apr-2026,Abril,Trimestre II,Semestre I,0,0
2194,14,4,2026,18,19,14-Apr-2026,Abril,Trimestre II,Semestre I,0,0
2195,15,4,2026,10,14,15-Apr-2026,Abril,Trimestre II,Semestre I,0,0
2196,15,4,2026,13,15,15-Apr-2026,Abril,Trimestre II,Semestre I,0,0
2197,15,4,2026,13,26,15-Apr-2026,Abril,Trimestre II,Semestre I,0,0
2198,15,4,2026,13,33,15-Apr-2026,Abril,Trimestre II,Semestre I,0,0
2199,15,4,2026,13,51,15-Apr-2026,Abril,Trimestre II,Semestre I,0,0
2200,15,4,2026,13,59,15-Apr-2026,Abril,Trimestre II,Semestre I,0,0
2201,15,4,2026,14,2,15-Apr-2026,Abril,Trimestre II,Semestre I,0,0
2202,15,4,2026,14,17,15-Apr-2026,Abril,Trimestre II,Semestre I,0,0
2203,15,4,2026,16,5,15-Apr-2026,Abril,Trimestre II,Semestre I,0,0
2204,15,4,2026,17,37,15-Apr-2026,Abril,Trimestre II,Semestre I,0,0
2205,16,4,2026,7,44,16-Apr-2026,Abril,Trimestre II,Semestre I,0,0
2206,16,4,2026,7,54,16-Apr-2026,Abril,Trimestre II,Semestre I,0,0
2207,16,4,2026,8,5,16-Apr-2026,Abril,Trimestre II,Semestre I,0,0
2208,16,4,2026,10,29,16-Apr-2026,Abril,Trimestre II,Semestre I,0,0
2209,16,4,2026,12,43,16-Apr-2026,Abril,Trimestre II,Semestre I,0,0
2210,16,4,2026,14,49,16-Apr-2026,Abril,Trimestre II,Semestre I,0,0
2211,16,4,2026,19,27,16-Apr-2026,Abril,Trimestre II,Semestre I,0,0
2212,16,4,2026,19,29,16-Apr-2026,Abril,Trimestre II,Semestre I,0,0
2213,16,4,2026,21,52,16-Apr-2026,Abril,Trimestre II,Semestre I,0,0
2214,16,4,2026,21,57,16-Apr-2026,Abril,Trimestre II,Semestre I,0,0
2215,17,4,2026,2,15,17-Apr-2026,Abril,Trimestre II,Semestre I,0,0
2216,17,4,2026,9,44,17-Apr-2026,Abril,Trimestre II,Semestre I,0,0
2217,17,4,2026,9,45,17-Apr-2026,Abril,Trimestre II,Semestre I,0,0
2218,17,4,2026,9,49,17-Apr-2026,Abril,Trimestre II,Semestre I,0,0
2219,17,4,2026,11,13,17-Apr-2026,Abril,Trimestre II,Semestre I,0,0
2220,17,4,2026,13,28,17-Apr-2026,Abril,Trimestre II,Semestre I,0,0
2221,17,4,2026,14,0,17-Apr-2026,Abril,Trimestre II,Semestre I,0,0
2222,17,4,2026,14,59,17-Apr-2026,Abril,Trimestre II,Semestre I,0,0
2223,17,4,2026,16,56,17-Apr-2026,Abril,Trimestre II,Semestre I,0,0
2224,20,4,2026,8,48,20-Apr-2026,Abril,Trimestre II,Semestre I,0,0
2225,20,4,2026,8,54,20-Apr-2026,Abril,Trimestre II,Semestre I,0,0
2226,20,4,2026,9,49,20-Apr-2026,Abril,Trimestre II,Semestre I,0,0
2227,20,4,2026,11,1,20-Apr-2026,Abril,Trimestre II,Semestre I,0,0
2228,20,4,2026,14,2,20-Apr-2026,Abril,Trimestre II,Semestre I,0,0
2229,20,4,2026,16,30,20-Apr-2026,Abril,Trimestre II,Semestre I,0,0
2230,20,4,2026,17,24,20-Apr-2026,Abril,Trimestre II,Semestre I,0,0
2231,21,4,2026,9,13,21-Apr-2026,Abril,Trimestre II,Semestre I,0,0
2232,21,4,2026,12,3,21-Apr-2026,Abril,Trimestre II,Semestre I,0,0
2233,21,4,2026,13,37,21-Apr-2026,Abril,Trimestre II,Semestre I,0,0
2234,21,4,2026,14,16,21-Apr-2026,Abril,Trimestre II,Semestre I,0,0
2235,21,4,2026,14,48,21-Apr-2026,Abril,Trimestre II,Semestre I,0,0
2236,21,4,2026,16,8,21-Apr-2026,Abril,Trimestre II,Semestre I,0,0
2237,21,4,2026,16,26,21-Apr-2026,Abril,Trimestre II,Semestre I,0,0
2238,22,4,2026,8,37,22-Apr-2026,Abril,Trimestre II,Semestre I,0,0
2239,22,4,2026,9,17,22-Apr-2026,Abril,Trimestre II,Semestre I,0,0
2240,22,4,2026,10,25,22-Apr-2026,Abril,Trimestre II,Semestre I,0,0
2241,22,4,2026,12,10,22-Apr-2026,Abril,Trimestre II,Semestre I,0,0
2242,22,4,2026,12,54,22-Apr-2026,Abril,Trimestre II,Semestre I,0,0
2243,22,4,2026,14,29,22-Apr-2026,Abril,Trimestre II,Semestre I,0,0
2244,22,4,2026,14,33,22-Apr-2026,Abril,Trimestre II,Semestre I,0,0
2245,22,4,2026,14,49,22-Apr-2026,Abril,Trimestre II,Semestre I,0,0
2246,22,4,2026,15,18,22-Apr-2026,Abril,Trimestre II,Semestre I,0,0
2247,22,4,2026,15,22,22-Apr-2026,Abril,Trimestre II,Semestre I,0,0
2248,22,4,2026,15,28,22-Apr-2026,Abril,Trimestre II,Semestre I,0,0
2249,22,4,2026,15,29,22-Apr-2026,Abril,Trimestre II,Semestre I,0,0
2250,22,4,2026,15,38,22-Apr-2026,Abril,Trimestre II,Semestre I,0,0
2251,22,4,2026,16,30,22-Apr-2026,Abril,Trimestre II,Semestre I,0,0
2252,22,4,2026,17,49,22-Apr-2026,Abril,Trimestre II,Semestre I,0,0
2253,22,4,2026,18,16,22-Apr-2026,Abril,Trimestre II,Semestre I,0,0
2254,23,4,2026,7,49,23-Apr-2026,Abril,Trimestre II,Semestre I,0,0
2255,23,4,2026,8,53,23-Apr-2026,Abril,Trimestre II,Semestre I,0,0
2256,23,4,2026,9,1,23-Apr-2026,Abril,Trimestre II,Semestre I,0,0
2257,23,4,2026,9,41,23-Apr-2026,Abril,Trimestre II,Semestre I,0,0
2258,23,4,2026,10,25,23-Apr-2026,Abril,Trimestre II,Semestre I,0,0
2259,23,4,2026,11,55,23-Apr-2026,Abril,Trimestre II,Semestre I,0,0
2260,23,4,2026,12,56,23-Apr-2026,Abril,Trimestre II,Semestre I,0,0
2261,23,4,2026,15,10,23-Apr-2026,Abril,Trimestre II,Semestre I,0,0
2262,23,4,2026,15,48,23-Apr-2026,Abril,Trimestre II,Semestre I,0,0
2263,23,4,2026,15,53,23-Apr-2026,Abril,Trimestre II,Semestre I,0,0
2264,23,4,2026,16,13,23-Apr-2026,Abril,Trimestre II,Semestre I,0,0
2265,23,4,2026,16,18,23-Apr-2026,Abril,Trimestre II,Semestre I,0,0
2266,23,4,2026,16,43,23-Apr-2026,Abril,Trimestre II,Semestre I,0,0
2267,23,4,2026,16,52,23-Apr-2026,Abril,Trimestre II,Semestre I,0,0
2268,24,4,2026,8,11,24-Apr-2026,Abril,Trimestre II,Semestre I,0,0
2269,24,4,2026,8,18,24-Apr-2026,Abril,Trimestre II,Semestre I,0,0
2270,24,4,2026,8,28,24-Apr-2026,Abril,Trimestre II,Semestre I,0,0
2271,24,4,2026,8,58,24-Apr-2026,Abril,Trimestre II,Semestre I,0,0
2272,24,4,2026,9,2,24-Apr-2026,Abril,Trimestre II,Semestre I,0,0
2273,24,4,2026,10,50,24-Apr-2026,Abril,Trimestre II,Semestre I,0,0
2274,24,4,2026,11,1,24-Apr-2026,Abril,Trimestre II,Semestre I,0,0
2275,24,4,2026,13,54,24-Apr-2026,Abril,Trimestre II,Semestre I,0,0
2276,24,4,2026,15,37,24-Apr-2026,Abril,Trimestre II,Semestre I,0,0
2277,24,4,2026,19,7,24-Apr-2026,Abril,Trimestre II,Semestre I,0,0
2278,24,4,2026,19,15,24-Apr-2026,Abril,Trimestre II,Semestre I,0,0
2279,24,4,2026,21,24,24-Apr-2026,Abril,Trimestre II,Semestre I,0,0
2280,25,4,2026,10,56,25-Apr-2026,Abril,Trimestre II,Semestre I,0,0
2281,25,4,2026,11,3,25-Apr-2026,Abril,Trimestre II,Semestre I,0,0
2282,25,4,2026,23,31,25-Apr-2026,Abril,Trimestre II,Semestre I,0,0
2283,27,4,2026,7,51,27-Apr-2026,Abril,Trimestre II,Semestre I,0,0
2284,27,4,2026,8,0,27-Apr-2026,Abril,Trimestre II,Semestre I,0,0
2285,27,4,2026,8,14,27-Apr-2026,Abril,Trimestre II,Semestre I,0,0
2286,27,4,2026,11,2,27-Apr-2026,Abril,Trimestre II,Semestre I,0,0
2287,27,4,2026,11,30,27-Apr-2026,Abril,Trimestre II,Semestre I,0,0
2288,27,4,2026,11,33,27-Apr-2026,Abril,Trimestre II,Semestre I,0,0
2289,27,4,2026,11,57,27-Apr-2026,Abril,Trimestre II,Semestre I,0,0
2290,27,4,2026,13,26,27-Apr-2026,Abril,Trimestre II,Semestre I,0,0
2291,27,4,2026,13,46,27-Apr-2026,Abril,Trimestre II,Semestre I,0,0
2292,27,4,2026,15,45,27-Apr-2026,Abril,Trimestre II,Semestre I,0,0
2293,27,4,2026,20,5,27-Apr-2026,Abril,Trimestre II,Semestre I,0,0
2294,27,4,2026,20,22,27-Apr-2026,Abril,Trimestre II,Semestre I,0,0
2295,27,4,2026,20,47,27-Apr-2026,Abril,Trimestre II,Semestre I,0,0
2296,27,4,2026,20,51,27-Apr-2026,Abril,Trimestre II,Semestre I,0,0
2297,27,4,2026,20,54,27-Apr-2026,Abril,Trimestre II,Semestre I,0,0
2298,27,4,2026,21,15,27-Apr-2026,Abril,Trimestre II,Semestre I,0,0
2299,28,4,2026,6,54,28-Apr-2026,Abril,Trimestre II,Semestre I,0,0
2300,28,4,2026,10,36,28-Apr-2026,Abril,Trimestre II,Semestre I,0,0
2301,28,4,2026,10,56,28-Apr-2026,Abril,Trimestre II,Semestre I,0,0
2302,28,4,2026,12,59,28-Apr-2026,Abril,Trimestre II,Semestre I,0,0
2303,28,4,2026,13,38,28-Apr-2026,Abril,Trimestre II,Semestre I,0,0
2304,28,4,2026,13,56,28-Apr-2026,Abril,Trimestre II,Semestre I,0,0
2305,28,4,2026,15,9,28-Apr-2026,Abril,Trimestre II,Semestre I,0,0
2306,28,4,2026,20,43,28-Apr-2026,Abril,Trimestre II,Semestre I,0,0
2307,28,4,2026,20,51,28-Apr-2026,Abril,Trimestre II,Semestre I,0,0
2308,28,4,2026,22,25,28-Apr-2026,Abril,Trimestre II,Semestre I,0,0
2309,29,4,2026,10,17,29-Apr-2026,Abril,Trimestre II,Semestre I,0,0
2310,29,4,2026,10,25,29-Apr-2026,Abril,Trimestre II,Semestre I,0,0
2311,29,4,2026,10,32,29-Apr-2026,Abril,Trimestre II,Semestre I,0,0
2312,29,4,2026,12,7,29-Apr-2026,Abril,Trimestre II,Semestre I,0,0
2313,29,4,2026,12,26,29-Apr-2026,Abril,Trimestre II,Semestre I,0,0
2314,29,4,2026,12,40,29-Apr-2026,Abril,Trimestre II,Semestre I,0,0
2315,29,4,2026,13,14,29-Apr-2026,Abril,Trimestre II,Semestre I,0,0
2316,29,4,2026,13,59,29-Apr-2026,Abril,Trimestre II,Semestre I,0,0
2317,29,4,2026,14,40,29-Apr-2026,Abril,Trimestre II,Semestre I,0,0
2318,29,4,2026,14,45,29-Apr-2026,Abril,Trimestre II,Semestre I,0,0
2319,30,4,2026,7,40,30-Apr-2026,Abril,Trimestre II,Semestre I,0,0
2320,30,4,2026,8,54,30-Apr-2026,Abril,Trimestre II,Semestre I,0,0
2321,30,4,2026,9,42,30-Apr-2026,Abril,Trimestre II,Semestre I,0,0
2322,30,4,2026,10,6,30-Apr-2026,Abril,Trimestre II,Semestre I,0,0
2323,30,4,2026,12,0,30-Apr-2026,Abril,Trimestre II,Semestre I,0,0
2324,30,4,2026,13,33,30-Apr-2026,Abril,Trimestre II,Semestre I,0,0
2325,30,4,2026,14,19,30-Apr-2026,Abril,Trimestre II,Semestre I,0,0
2326,30,4,2026,18,5,30-Apr-2026,Abril,Trimestre II,Semestre I,0,0
2327,1,5,2026,16,39,01-May-2026,Mayo,Trimestre II,Semestre I,0,0
2328,2,5,2026,16,39,02-May-2026,Mayo,Trimestre II,Semestre I,0,0
2329,3,5,2026,17,14,03-May-2026,Mayo,Trimestre II,Semestre I,0,0
2330,4,5,2026,9,40,04-May-2026,Mayo,Trimestre II,Semestre I,0,0
2331,4,5,2026,10,21,04-May-2026,Mayo,Trimestre II,Semestre I,0,0
2332,4,5,2026,10,25,04-May-2026,Mayo,Trimestre II,Semestre I,0,0
2333,4,5,2026,10,50,04-May-2026,Mayo,Trimestre II,Semestre I,0,0
2334,4,5,2026,11,19,04-May-2026,Mayo,Trimestre II,Semestre I,0,0
2335,4,5,2026,12,30,04-May-2026,Mayo,Trimestre II,Semestre I,0,0
2336,4,5,2026,13,27,04-May-2026,Mayo,Trimestre II,Semestre I,0,0
2337,4,5,2026,15,49,04-May-2026,Mayo,Trimestre II,Semestre I,0,0
2338,4,5,2026,16,47,04-May-2026,Mayo,Trimestre II,Semestre I,0,0
2339,4,5,2026,16,57,04-May-2026,Mayo,Trimestre II,Semestre I,0,0
2340,4,5,2026,17,54,04-May-2026,Mayo,Trimestre II,Semestre I,0,0
2341,4,5,2026,17,55,04-May-2026,Mayo,Trimestre II,Semestre I,0,0
2342,4,5,2026,19,10,04-May-2026,Mayo,Trimestre II,Semestre I,0,0
2343,4,5,2026,23,41,04-May-2026,Mayo,Trimestre II,Semestre I,0,0
2344,5,5,2026,9,12,05-May-2026,Mayo,Trimestre II,Semestre I,0,0
2345,5,5,2026,9,50,05-May-2026,Mayo,Trimestre II,Semestre I,0,0
2346,5,5,2026,10,21,05-May-2026,Mayo,Trimestre II,Semestre I,0,0
2347,5,5,2026,12,34,05-May-2026,Mayo,Trimestre II,Semestre I,0,0
2348,5,5,2026,14,23,05-May-2026,Mayo,Trimestre II,Semestre I,0,0
2349,5,5,2026,14,46,05-May-2026,Mayo,Trimestre II,Semestre I,0,0
2350,5,5,2026,15,13,05-May-2026,Mayo,Trimestre II,Semestre I,0,0
2351,5,5,2026,16,31,05-May-2026,Mayo,Trimestre II,Semestre I,0,0
2352,6,5,2026,8,7,06-May-2026,Mayo,Trimestre II,Semestre I,0,0
2353,6,5,2026,9,3,06-May-2026,Mayo,Trimestre II,Semestre I,0,0
2354,6,5,2026,9,9,06-May-2026,Mayo,Trimestre II,Semestre I,0,0
2355,6,5,2026,9,41,06-May-2026,Mayo,Trimestre II,Semestre I,0,0
2356,6,5,2026,11,5,06-May-2026,Mayo,Trimestre II,Semestre I,0,0
2357,6,5,2026,12,35,06-May-2026,Mayo,Trimestre II,Semestre I,0,0
2358,6,5,2026,13,40,06-May-2026,Mayo,Trimestre II,Semestre I,0,0
2359,6,5,2026,14,49,06-May-2026,Mayo,Trimestre II,Semestre I,0,0
2360,7,5,2026,8,14,07-May-2026,Mayo,Trimestre II,Semestre I,0,0
2361,7,5,2026,9,48,07-May-2026,Mayo,Trimestre II,Semestre I,0,0
2362,7,5,2026,11,2,07-May-2026,Mayo,Trimestre II,Semestre I,0,0
2363,7,5,2026,11,9,07-May-2026,Mayo,Trimestre II,Semestre I,0,0
2364,7,5,2026,12,5,07-May-2026,Mayo,Trimestre II,Semestre I,0,0
2365,7,5,2026,13,37,07-May-2026,Mayo,Trimestre II,Semestre I,0,0
2366,7,5,2026,14,16,07-May-2026,Mayo,Trimestre II,Semestre I,0,0
2367,7,5,2026,14,27,07-May-2026,Mayo,Trimestre II,Semestre I,0,0
2368,8,5,2026,11,15,08-May-2026,Mayo,Trimestre II,Semestre I,0,0
2369,8,5,2026,16,7,08-May-2026,Mayo,Trimestre II,Semestre I,0,0
2370,8,5,2026,17,23,08-May-2026,Mayo,Trimestre II,Semestre I,0,0
2371,10,5,2026,16,7,10-May-2026,Mayo,Trimestre II,Semestre I,0,0
2372,10,5,2026,16,29,10-May-2026,Mayo,Trimestre II,Semestre I,0,0
2373,10,5,2026,20,28,10-May-2026,Mayo,Trimestre II,Semestre I,0,0
2374,11,5,2026,8,37,11-May-2026,Mayo,Trimestre II,Semestre I,0,0
2375,11,5,2026,10,4,11-May-2026,Mayo,Trimestre II,Semestre I,0,0
2376,11,5,2026,10,13,11-May-2026,Mayo,Trimestre II,Semestre I,0,0
2377,11,5,2026,10,48,11-May-2026,Mayo,Trimestre II,Semestre I,0,0
2378,11,5,2026,11,15,11-May-2026,Mayo,Trimestre II,Semestre I,0,0
2379,11,5,2026,12,26,11-May-2026,Mayo,Trimestre II,Semestre I,0,0
2380,11,5,2026,12,37,11-May-2026,Mayo,Trimestre II,Semestre I,0,0
2381,11,5,2026,12,40,11-May-2026,Mayo,Trimestre II,Semestre I,0,0
2382,11,5,2026,13,0,11-May-2026,Mayo,Trimestre II,Semestre I,0,0
2383,11,5,2026,14,1,11-May-2026,Mayo,Trimestre II,Semestre I,0,0
2384,11,5,2026,14,30,11-May-2026,Mayo,Trimestre II,Semestre I,0,0
2385,11,5,2026,14,48,11-May-2026,Mayo,Trimestre II,Semestre I,0,0
2386,11,5,2026,15,36,11-May-2026,Mayo,Trimestre II,Semestre I,0,0
2387,11,5,2026,17,13,11-May-2026,Mayo,Trimestre II,Semestre I,0,0
2388,11,5,2026,17,25,11-May-2026,Mayo,Trimestre II,Semestre I,0,0
2389,11,5,2026,17,38,11-May-2026,Mayo,Trimestre II,Semestre I,0,0
2390,11,5,2026,18,20,11-May-2026,Mayo,Trimestre II,Semestre I,0,0
2391,11,5,2026,18,28,11-May-2026,Mayo,Trimestre II,Semestre I,0,0
2392,11,5,2026,18,43,11-May-2026,Mayo,Trimestre II,Semestre I,0,0
2393,12,5,2026,7,40,12-May-2026,Mayo,Trimestre II,Semestre I,0,0
2394,12,5,2026,8,9,12-May-2026,Mayo,Trimestre II,Semestre I,0,0
2395,12,5,2026,9,35,12-May-2026,Mayo,Trimestre II,Semestre I,0,0
2396,12,5,2026,11,5,12-May-2026,Mayo,Trimestre II,Semestre I,0,0
2397,12,5,2026,11,9,12-May-2026,Mayo,Trimestre II,Semestre I,0,0
2398,12,5,2026,12,37,12-May-2026,Mayo,Trimestre II,Semestre I,0,0
2399,12,5,2026,14,49,12-May-2026,Mayo,Trimestre II,Semestre I,0,0
2400,12,5,2026,15,12,12-May-2026,Mayo,Trimestre II,Semestre I,0,0
2401,12,5,2026,15,14,12-May-2026,Mayo,Trimestre II,Semestre I,0,0
2402,12,5,2026,15,34,12-May-2026,Mayo,Trimestre II,Semestre I,0,0
2403,12,5,2026,15,37,12-May-2026,Mayo,Trimestre II,Semestre I,0,0
2404,12,5,2026,16,14,12-May-2026,Mayo,Trimestre II,Semestre I,0,0
2405,12,5,2026,16,18,12-May-2026,Mayo,Trimestre II,Semestre I,0,0
2406,12,5,2026,16,38,12-May-2026,Mayo,Trimestre II,Semestre I,0,0
2407,12,5,2026,20,2,12-May-2026,Mayo,Trimestre II,Semestre I,0,0
2408,12,5,2026,23,22,12-May-2026,Mayo,Trimestre II,Semestre I,0,0
2409,13,5,2026,10,9,13-May-2026,Mayo,Trimestre II,Semestre I,0,0
2410,13,5,2026,10,32,13-May-2026,Mayo,Trimestre II,Semestre I,0,0